rede,codigo,estacao,uf,regiao,mk_p_delta_tmax,mk_p_tmax_era5,mk_p_tmax_inmet,mk_p_fdr_delta_tmax,mk_p_fdr_tmax_era5,mk_p_fdr_tmax_inmet,mk_tau_delta_tmax,mk_tau_tmax_era5,mk_tau_tmax_inmet,n_anos_delta_tmax,n_anos_tmax_era5,n_anos_tmax_inmet,sen_slope_c_ano_delta_tmax,sen_slope_c_ano_tmax_era5,sen_slope_c_ano_tmax_inmet,sen_slope_c_decada_delta_tmax,sen_slope_c_decada_tmax_era5,sen_slope_c_decada_tmax_inmet,significativo_fdr05_delta_tmax,significativo_fdr05_tmax_era5,significativo_fdr05_tmax_inmet,diferenca_sen_era5_menos_inmet_c_decada,mesmo_sinal_sen_inmet_era5,ambos_significativos_fdr
principal_15a,A001,BRASILIA,DF,Centro-Oeste,0.22996907772364034,0.20575410127305518,0.017623507832862633,0.5564718561394973,0.4066525102557865,0.11329397892554549,-0.2,0.21052631578947367,0.3894736842105263,20,20,20,-0.0257568359375,0.06726310229060625,0.1031250556310018,-0.257568359375,0.6726310229060626,1.031250556310018,False,False,False,-0.35861953340395547,True,False
principal_15a,A002,GOIANIA,GO,Centro-Oeste,0.018853377367019176,0.15005063655725911,0.03040833780507227,0.17116127753616073,0.3553830865829821,0.12439774556620474,-0.4117647058823529,0.2549019607843137,0.3790849673202614,18,18,18,-0.10189125754616478,0.0841796875,0.16923082791841948,-1.0189125754616477,0.841796875,1.6923082791841948,False,False,False,-0.8505114041841948,True,False
principal_15a,A003,MORRINHOS,GO,Centro-Oeste,0.0528715926149876,0.4994612031040145,0.13654955508657116,0.264357963074938,0.6243265038800181,0.2928883658296221,-0.36666666666666664,0.13333333333333333,0.2833333333333333,16,16,16,-0.06362197449157289,0.042510986328125,0.10000011656019422,-0.636219744915729,0.42510986328125,1.0000011656019423,False,False,False,-0.5748913023206923,True,False
principal_15a,A012,LUZIANIA,GO,Centro-Oeste,0.6921807727218765,0.7665252995235718,0.48627925196705,0.8899467077852699,0.8021776390362961,0.621775019979958,0.08571428571428572,0.06666666666666667,0.14285714285714285,15,15,15,0.01755205790201823,0.025065104166666668,0.046666717529296874,0.1755205790201823,0.2506510416666667,0.46666717529296875,False,False,False,-0.21601613362630206,True,False
principal_15a,A036,CRISTALINA,GO,Centro-Oeste,0.06904431984775122,0.28888280402716393,0.010981554725508307,0.30610066542171016,0.4482664200421509,0.09841517649781828,-0.3202614379084967,0.1895424836601307,0.4444444444444444,18,18,18,-0.05782737731933594,0.05837673611111111,0.13333333333333333,-0.5782737731933594,0.5837673611111112,1.3333333333333333,False,False,False,-0.7495659722222221,True,False
principal_15a,A045,AGUAS EMENDADAS,DF,Centro-Oeste,0.015083622594694817,0.14937517875498973,0.008179529633231984,0.17116127753616073,0.3553830865829821,0.09841517649781828,-0.4411764705882353,0.2647058823529412,0.47794117647058826,17,17,17,-0.07740473747253418,0.11142985026041666,0.16547616322835285,-0.7740473747253418,1.1142985026041665,1.6547616322835283,False,False,False,-0.5404631296793618,True,False
principal_15a,A101,MANAUS,AM,Norte,0.0528715926149876,0.007899662130493713,0.8215356536608815,0.264357963074938,0.08887119896805427,0.8597466142962713,0.36666666666666664,0.5,0.05,16,16,16,0.13182566716120792,0.16987173897879465,0.01714259556361607,1.3182566716120792,1.6987173897879466,0.1714259556361607,False,False,False,1.527291434151786,True,False
principal_15a,A303,MACEIO,AL,Nordeste,0.09245959511086127,0.3730531162514527,0.19711005177131616,0.3467234816657298,0.5087087948883445,0.3547980931883691,0.3333333333333333,0.18095238095238095,-0.2571428571428571,15,15,15,0.08995225694444445,0.032063802083333336,-0.07333323160807291,0.8995225694444444,0.32063802083333337,-0.7333323160807291,False,False,False,1.0539703369140625,False,False
principal_15a,A310,AREIA,PB,Nordeste,0.6206907170753548,0.5526151250628485,0.803863757670262,0.8728463208872177,0.6442510492799831,0.8597466142962713,0.10476190476190476,0.12380952380952381,0.05714285714285714,15,15,15,0.010659731351412259,0.010367838541666667,0.015384674072265625,0.10659731351412259,0.10367838541666667,0.15384674072265625,False,False,False,-0.05016835530598958,True,False
principal_15a,A401,SALVADOR,BA,Nordeste,0.2762784158080179,0.6921807727218765,0.45624182590897855,0.5651149414254911,0.7416222564877248,0.6053157011164161,0.21904761904761905,0.08571428571428572,-0.1523809523809524,15,15,15,0.0499267578125,0.019566127232142856,-0.03333409627278646,0.499267578125,0.19566127232142855,-0.3333409627278646,False,False,False,0.5290022350492931,False,False
principal_15a,A408,ITABERABA,BA,Nordeste,0.19167059142275544,0.8218916912511594,0.3214411113021264,0.5564718561394973,0.8405710478705039,0.483449393807879,-0.25,0.05,0.19166666666666668,16,16,16,-0.05425665928767277,0.02535400390625,0.06515146505953086,-0.5425665928767277,0.2535400390625,0.6515146505953086,False,False,False,-0.39797461153280855,True,False
principal_15a,A502,BARBACENA,MG,Sudeste,0.6921807727218765,0.11328720822235328,0.16481858981177677,0.8899467077852699,0.32364744699706693,0.3224711539795633,0.08571428571428572,0.3142857142857143,0.2761904761904762,15,15,15,0.019208908081054688,0.10504150390625,0.09090926430442116,0.19208908081054688,1.0504150390625,0.9090926430442116,False,False,False,0.14132239601828844,True,False
principal_15a,A505,ARAXA,MG,Sudeste,0.34341948718274173,0.005781798478456614,0.0073166900360846915,0.6199515413623299,0.0867269771768492,0.09841517649781828,0.17647058823529413,0.5,0.4852941176470588,17,17,17,0.02180061340332031,0.1596294545872326,0.15555572509765625,0.21800613403320312,1.5962945458723259,1.5555572509765625,False,False,False,0.04073729489576339,True,False
principal_15a,A506,MONTES CLAROS,MG,Sudeste,0.26035056965599135,0.5583509093759853,0.2412879445016494,0.5651149414254911,0.6442510492799831,0.4176137500990086,-0.21666666666666667,0.11666666666666667,0.225,16,16,16,-0.02918985154893663,0.0369720458984375,0.06794890379294372,-0.2918985154893663,0.369720458984375,0.6794890379294372,False,False,False,-0.30976857894506216,True,False
principal_15a,A507,UBERLANDIA,MG,Sudeste,0.5444860568259107,0.05824026959156134,0.0744081317635724,0.8021832460589736,0.23825564832911458,0.1969627017271034,0.1111111111111111,0.3333333333333333,0.3137254901960784,18,18,18,0.016911824544270832,0.11015973772321429,0.09999990463256836,0.16911824544270831,1.1015973772321428,0.9999990463256836,False,False,False,0.1015983309064592,True,False
principal_15a,A509,MONTE VERDE,MG,Sudeste,0.5444860568259107,0.05824026959156134,0.19564975830780015,0.8021832460589736,0.23825564832911458,0.3547980931883691,0.1111111111111111,0.3333333333333333,0.22875816993464052,18,18,18,0.018045152936662947,0.109832763671875,0.05555555555555555,0.18045152936662948,1.09832763671875,0.5555555555555556,False,False,False,0.5427720811631944,True,False
principal_15a,A510,VICOSA,MG,Sudeste,0.7526419827681855,0.0957466564738153,0.1619522382109209,0.9022184938160344,0.32364744699706693,0.3224711539795633,0.06666666666666667,0.31666666666666665,0.26666666666666666,16,16,16,0.02235126495361328,0.12365964253743489,0.15277793672349718,0.2235126495361328,1.2365964253743489,1.5277793672349718,False,False,False,-0.2911829418606229,True,False
principal_15a,A513,OURO BRANCO,MG,Sudeste,0.9211586502250249,0.42848041949799653,0.7659681439026508,0.9869556966696694,0.5671064375708778,0.8597466142962713,0.02857142857142857,0.1619047619047619,0.06666666666666667,15,15,15,0.0031476338704427083,0.059651692708333336,0.0444441901312934,0.031476338704427086,0.5965169270833334,0.44444190131293404,False,False,False,0.15207502577039933,True,False
principal_15a,A521,PAMPULHA,MG,Sudeste,0.7618733947779847,0.15005063655725911,0.05253433340051772,0.9022184938160344,0.3553830865829821,0.1818496156171767,0.058823529411764705,0.2549019607843137,0.33986928104575165,18,18,18,0.018246014912923176,0.144134521484375,0.10000010899135045,0.18246014912923175,1.44134521484375,1.0000010899135046,False,False,False,0.44134412493024544,True,False
principal_15a,A525,SACRAMENTO,MG,Sudeste,0.022821503671488098,0.047761242675103704,0.013122023533042437,0.17116127753616073,0.23825564832911458,0.09841517649781828,-0.44761904761904764,0.3904761904761905,0.4857142857142857,15,15,15,-0.0639190673828125,0.1250762939453125,0.19999991522894967,-0.639190673828125,1.250762939453125,1.9999991522894967,False,False,False,-0.7492362128363717,True,False
principal_15a,A528,TRES MARIAS,MG,Sudeste,0.8430852292699837,0.2349547837033433,0.8043360683870272,0.9484708829287317,0.4066525102557865,0.8597466142962713,0.047619047619047616,0.23809523809523808,0.05714285714285714,15,15,15,0.01823743184407552,0.1150390625,0.023076864389272835,0.1823743184407552,1.150390625,0.23076864389272836,False,False,False,0.9196219811072717,True,False
principal_15a,A530,CALDAS,MG,Sudeste,0.3222995958719193,0.037666922228628705,0.005467894284964219,0.6199515413623299,0.23825564832911458,0.09841517649781828,-0.2,0.4095238095238095,0.5428571428571428,15,15,15,-0.03785371780395508,0.20487139775202826,0.20000012715657553,-0.3785371780395508,2.0487139775202827,2.0000012715657554,False,False,False,0.04871270595452737,True,False
principal_15a,A531,MARIA DA FE,MG,Sudeste,1.0,0.018853377367019176,0.02532628610277907,1.0,0.1696803963031726,0.12376516481550319,-0.006535947712418301,0.4117647058823529,0.39215686274509803,18,18,18,-0.0034418106079101562,0.157745361328125,0.13333352406819662,-0.03441810607910156,1.57745361328125,1.3333352406819663,False,False,False,0.2441183725992837,True,False
principal_15a,A533,GUANHAES,MG,Sudeste,0.3444175229790722,0.11507464782117936,0.01127251163275514,0.6199515413623299,0.32364744699706693,0.09841517649781828,-0.18333333333333332,0.3,0.475,16,16,16,-0.04577951431274414,0.12711588541666669,0.16666666666666666,-0.4577951431274414,1.271158854166667,1.6666666666666665,False,False,False,-0.39550781249999956,True,False
principal_15a,A538,CURVELO,MG,Sudeste,0.16585666034290997,0.2762784158080179,0.13668123738715698,0.5564718561394973,0.44401888254860017,0.2928883658296221,-0.2761904761904762,0.21904761904761905,0.29523809523809524,15,15,15,-0.04077744483947754,0.08327229817708333,0.10833358764648438,-0.4077744483947754,0.8327229817708333,1.0833358764648438,False,False,False,-0.2506128946940105,True,False
principal_15a,A539,MOCAMBINHO,MG,Sudeste,0.2762784158080179,0.6921807727218765,0.32111161917785963,0.5651149414254911,0.7416222564877248,0.483449393807879,-0.21904761904761905,0.08571428571428572,0.2,15,15,15,-0.03933143615722656,0.045200892857142856,0.07142857142857142,-0.3933143615722656,0.45200892857142855,0.7142857142857142,False,False,False,-0.26227678571428564,True,False
principal_15a,A550,ITAOBIM,MG,Sudeste,0.6921807727218765,0.3222995958719193,0.3222995958719193,0.8899467077852699,0.4713566869797926,0.483449393807879,-0.08571428571428572,0.2,0.2,15,15,15,-0.011560880220853366,0.096337890625,0.08749985694885254,-0.11560880220853366,0.96337890625,0.8749985694885254,False,False,False,0.08838033676147461,True,False
principal_15a,A554,CARATINGA,MG,Sudeste,0.3730531162514527,0.3730531162514527,0.07316400108296825,0.6456688550505911,0.5087087948883445,0.1969627017271034,-0.18095238095238095,0.18095238095238095,0.3523809523809524,15,15,15,-0.06148052215576172,0.092529296875,0.14615367009089544,-0.6148052215576172,0.92529296875,1.4615367009089544,False,False,False,-0.5362437321589544,True,False
principal_15a,A555,IBIRITE (ROLA MOCA),MG,Sudeste,0.047761242675103704,0.037666922228628705,0.12454228158188534,0.264357963074938,0.23825564832911458,0.2928883658296221,0.3904761904761905,0.4095238095238095,0.3047619047619048,15,15,15,0.09155893325805664,0.254058837890625,0.11428587777273995,0.9155893325805664,2.54058837890625,1.1428587777273995,False,False,False,1.3977296011788505,True,False
principal_15a,A601,ECOLOGIA AGRICOLA,RJ,Sudeste,0.8887055908352302,0.44148821101397295,0.05824323867414074,0.9754085753069599,0.5676276998751081,0.1872104100240238,-0.029239766081871343,0.13450292397660818,0.3216374269005848,19,19,19,-0.0096435546875,0.036865234375,0.07500028610229492,-0.096435546875,0.36865234375,0.7500028610229492,False,False,False,-0.3813505172729492,True,False
principal_15a,A607,CAMPOS,RJ,Sudeste,0.013347575926843172,0.6206907170753548,0.4573496408435143,0.17116127753616073,0.6982770567097741,0.6053157011164161,0.4857142857142857,0.10476190476190476,-0.1523809523809524,15,15,15,0.10490937666459517,0.04258510044642857,-0.04000015258789062,1.0490937666459517,0.4258510044642857,-0.40000152587890625,False,False,False,0.825852530343192,False,False
principal_15a,A616,SAO MATEUS,ES,Sudeste,1.0,0.22413430196016673,0.5272297230696295,1.0,0.4066525102557865,0.6412253388684682,0.0,0.23333333333333334,0.125,16,16,16,0.000900109608968099,0.029422433035714284,0.05555576748318142,0.00900109608968099,0.29422433035714285,0.5555576748318142,False,False,False,-0.2613333444746713,True,False
principal_15a,A617,ALEGRE,ES,Sudeste,0.07482460710308471,0.5526151250628485,1.0,0.30610066542171016,0.6442510492799831,1.0,0.3523809523809524,0.12380952380952381,0.0,15,15,15,0.06965351104736328,0.051091974431818184,0.0,0.6965351104736328,0.5109197443181819,0.0,False,False,False,0.5109197443181819,False,False
principal_15a,A701,SAO PAULO - MIRANTE,SP,Sudeste,0.49536629880308886,0.32471238436385713,0.027503369959000712,0.7961244087906785,0.4713566869797926,0.12376516481550319,-0.12418300653594772,0.17647058823529413,0.38562091503267976,18,18,18,-0.033397674560546875,0.10111860795454546,0.14000015258789061,-0.33397674560546875,1.0111860795454546,1.4000015258789062,False,False,False,-0.38881544633345166,True,False
principal_15a,A703,PONTA PORA,MS,Centro-Oeste,0.7618733947779847,0.16077154674467664,0.06864581379085412,0.9022184938160344,0.35540712930623564,0.1969627017271034,0.058823529411764705,0.24836601307189543,0.3202614379084967,18,18,18,0.013502756754557291,0.0903063322368421,0.08333333333333333,0.1350275675455729,0.903063322368421,0.8333333333333333,False,False,False,0.06972998903508776,True,False
principal_15a,A707,PRESIDENTE PRUDENTE,SP,Sudeste,0.007899662130493713,0.0045622611532226106,0.03433985000756264,0.17116127753616073,0.0867269771768492,0.1287744375283599,0.5,0.5333333333333333,0.4,16,16,16,0.09795236587524414,0.22560628255208331,0.13541682561238605,0.9795236587524414,2.256062825520833,1.3541682561238604,False,False,False,0.9018945693969727,True,False
principal_15a,A708,FRANCA,SP,Sudeste,0.8430852292699837,0.16585666034290997,0.25445252615345604,0.9484708829287317,0.35540712930623564,0.4240875435890934,-0.047619047619047616,0.2761904761904762,0.22857142857142856,15,15,15,-0.0048669179280598955,0.100189208984375,0.10000038146972656,-0.048669179280598954,1.00189208984375,1.0000038146972656,False,False,False,0.001888275146484375,True,False
principal_15a,A747,PRADOPOLIS,SP,Sudeste,1.0,0.0791092150986985,0.027376765789661663,1.0,0.2966595566201194,0.12376516481550319,0.0,0.3333333333333333,0.4166666666666667,16,16,16,-0.0049114227294921875,0.22124481201171875,0.18375015258789062,-0.049114227294921875,2.2124481201171875,1.8375015258789062,False,False,False,0.37494659423828125,True,False
principal_15a,A801,PORTO ALEGRE,RS,Sul,0.23423926303398215,0.0026231698430961552,0.08589714493338899,0.5564718561394973,0.0867269771768492,0.21474286233347248,0.2046783625730994,0.5087719298245614,0.29239766081871343,19,19,19,0.05604347815880409,0.1613006591796875,0.13333257039388022,0.5604347815880408,1.613006591796875,1.3333257039388022,False,False,False,0.27968088785807277,True,False
principal_15a,A803,SANTA MARIA,RS,Sul,0.1982106190388427,0.047761242675103704,0.39806358667063246,0.5564718561394973,0.23825564832911458,0.5597769187555769,0.2571428571428571,0.3904761904761905,0.17142857142857143,15,15,15,0.05436992645263672,0.07156808035714286,0.022221883138020832,0.5436992645263672,0.7156808035714286,0.22221883138020831,False,False,False,0.4934619721912203,True,False
principal_15a,A806,FLORIANOPOLIS,SC,Sul,0.2349547837033433,0.9211586502250249,0.9604826860995309,0.5564718561394973,0.9211586502250249,0.9823118380563384,-0.23809523809523808,0.02857142857142857,0.01904761904761905,15,15,15,-0.10959482192993164,0.007666015625,0.007692190317007212,-1.0959482192993164,0.07666015625,0.07692190317007212,False,False,False,-0.00026174692007212286,True,False
principal_15a,A809,URUGUAIANA,RS,Sul,0.5526151250628485,0.2349547837033433,0.3730531162514527,0.8021832460589736,0.4066525102557865,0.5415287171392055,-0.12380952380952381,0.23809523809523808,0.18095238095238095,15,15,15,-0.035282135009765625,0.050628662109375,0.07142857142857142,-0.35282135009765625,0.50628662109375,0.7142857142857142,False,False,False,-0.2079990931919642,True,False
principal_15a,A839,PASSO FUNDO,RS,Sul,0.22413430196016673,0.11507464782117936,0.49742001598396635,0.5564718561394973,0.32364744699706693,0.621775019979958,0.23333333333333334,0.3,0.13333333333333333,16,16,16,0.04838226636250814,0.09880719866071429,0.08154755546933129,0.4838226636250814,0.9880719866071429,0.8154755546933129,False,False,False,0.17259643191383,True,False
principal_15a,A844,LAGOA VERMELHA,RS,Sul,0.48842231662259367,0.2762784158080179,0.7659681439026508,0.7961244087906785,0.44401888254860017,0.8597466142962713,0.14285714285714285,0.21904761904761905,0.06666666666666667,15,15,15,0.016324679056803387,0.0730730203481821,0.02857153756277902,0.16324679056803387,0.7307302034818209,0.2857153756277902,False,False,False,0.44501482785403074,True,False
principal_15a,A853,CRUZ ALTA,RS,Sul,0.022821503671488098,0.2349547837033433,0.7659681439026508,0.17116127753616073,0.4066525102557865,0.8597466142962713,0.44761904761904764,0.23809523809523808,-0.06666666666666667,15,15,15,0.07839339120047432,0.05611478365384615,-0.016666412353515625,0.7839339120047433,0.5611478365384616,-0.16666412353515625,False,False,False,0.7278119600736178,False,False
sensibilidade_10a,A001,BRASILIA,DF,Centro-Oeste,0.22996907772364034,0.20575410127305518,0.017623507832862633,0.6674290512184655,0.4899263139963653,0.22576626764433036,-0.2,0.21052631578947367,0.3894736842105263,20,20,20,-0.0257568359375,0.06726310229060625,0.1031250556310018,-0.257568359375,0.6726310229060626,1.031250556310018,False,False,False,-0.35861953340395547,True,False
sensibilidade_10a,A002,GOIANIA,GO,Centro-Oeste,0.018853377367019176,0.15005063655725911,0.03040833780507227,0.3372956564378985,0.447801807115027,0.23679272659798273,-0.4117647058823529,0.2549019607843137,0.3790849673202614,18,18,18,-0.10189125754616478,0.0841796875,0.16923082791841948,-1.0189125754616477,0.841796875,1.6923082791841948,False,False,False,-0.8505114041841948,True,False
sensibilidade_10a,A003,MORRINHOS,GO,Centro-Oeste,0.0528715926149876,0.4994612031040145,0.13654955508657116,0.4190563266521239,0.6978043235140274,0.3567046926933121,-0.36666666666666664,0.13333333333333333,0.2833333333333333,16,16,16,-0.06362197449157289,0.042510986328125,0.10000011656019422,-0.636219744915729,0.42510986328125,1.0000011656019423,False,False,False,-0.5748913023206923,True,False
sensibilidade_10a,A010,PARANA,TO,Norte,0.7554968749288828,0.2757578478275093,0.15857842388677296,0.9647390916123593,0.5361947462101079,0.38940767119774217,0.09090909090909091,0.2727272727272727,0.34545454545454546,11,11,11,0.02298008311878551,0.042277018229166664,0.046154022216796875,0.2298008311878551,0.42277018229166663,0.46154022216796875,False,False,False,-0.03877003987630212,True,False
sensibilidade_10a,A011,SAO SIMAO,GO,Centro-Oeste,0.21291190281150457,0.3502013891792958,0.24147691993853201,0.641734467629042,0.5827253056774516,0.4643703705627494,-0.3090909090909091,0.23636363636363636,0.2909090909090909,11,11,11,-0.03377056121826172,0.06640625,0.07999954223632813,-0.3377056121826172,0.6640625,0.7999954223632812,False,False,False,-0.13593292236328125,True,False
sensibilidade_10a,A012,LUZIANIA,GO,Centro-Oeste,0.6921807727218765,0.7665252995235718,0.48627925196705,0.9647390916123593,0.8679175349102877,0.674739747388408,0.08571428571428572,0.06666666666666667,0.14285714285714285,15,15,15,0.01755205790201823,0.025065104166666668,0.046666717529296874,0.1755205790201823,0.2506510416666667,0.46666717529296875,False,False,False,-0.21601613362630206,True,False
sensibilidade_10a,A014,GOIAS,GO,Centro-Oeste,0.14986074751304929,0.5371338571769024,0.169228567389673,0.574678985797618,0.7229348769550762,0.38940767119774217,-0.3333333333333333,0.15151515151515152,0.3181818181818182,12,12,12,-0.07492501395089285,0.06271597055288461,0.14125865322726588,-0.7492501395089285,0.627159705528846,1.412586532272659,False,False,False,-0.7854268267438129,True,False
sensibilidade_10a,A016,JATAI,GO,Centro-Oeste,0.3810744816092944,0.06269811626098264,0.11183791599029783,0.7766660863275143,0.3429541354115322,0.32342316245842884,0.18681318681318682,0.38461538461538464,0.32967032967032966,14,14,14,0.035807291666666664,0.1330413818359375,0.09285708836146764,0.35807291666666663,1.330413818359375,0.9285708836146764,False,False,False,0.40184293474469857,True,False
sensibilidade_10a,A019,GURUPI,TO,Norte,0.0867681727038757,0.43627492884052926,0.06170669002831274,0.4761125374007538,0.6574847519146004,0.29366917979502327,-0.41818181818181815,0.2,0.45454545454545453,11,11,11,-0.0676104227701823,0.049397786458333336,0.1090909784490412,-0.676104227701823,0.49397786458333337,1.090909784490412,False,False,False,-0.5969319199070787,True,False
sensibilidade_10a,A023,CAIAPONIA,GO,Centro-Oeste,0.8762696636277618,0.16112494928905177,0.06170669002831274,1.0,0.447801807115027,0.29366917979502327,-0.05454545454545454,0.34545454545454546,0.45454545454545453,11,11,11,-0.006088550274188702,0.08625139508928571,0.1928571973528181,-0.06088550274188702,0.8625139508928571,1.928571973528181,False,False,False,-1.0660580226353238,True,False
sensibilidade_10a,A024,ALTO PARAISO DE GOIAS,GO,Centro-Oeste,0.029272509186304526,0.16112494928905177,0.9377589428180784,0.3684892332864217,0.447801807115027,0.9648096815532152,0.5272727272727272,0.34545454545454546,-0.03636363636363636,11,11,11,0.11562995910644532,0.13525390625,-0.01999969482421875,1.1562995910644531,1.3525390625,-0.1999969482421875,False,False,False,1.5525360107421875,False,False
sensibilidade_10a,A027,PARAUNA,GO,Centro-Oeste,0.10740463633025377,0.04909798160926562,0.02004466862262746,0.4890338760569001,0.32834275201196383,0.22576626764433036,-0.4222222222222222,0.5111111111111111,0.6,10,10,10,-0.06489849090576172,0.21282196044921875,0.21428571428571427,-0.6489849090576172,2.1282196044921875,2.142857142857143,False,False,False,-0.014637538364955294,True,False
sensibilidade_10a,A033,PIRES DO RIO,GO,Centro-Oeste,0.012371581204524314,0.5829505577618919,0.05047365271802615,0.3372956564378985,0.7446004583347774,0.29366917979502327,-0.5384615384615384,0.1282051282051282,0.4230769230769231,13,13,13,-0.10972442626953124,0.04281068459535256,0.15357163974217006,-1.0972442626953125,0.4281068459535256,1.5357163974217005,False,False,False,-1.107609551468175,True,False
sensibilidade_10a,A034,CATALAO,GO,Centro-Oeste,0.6614159170078633,0.07980192864239073,0.07889898233093841,0.9647390916123593,0.38812756203344584,0.29366917979502327,-0.0989010989010989,0.3626373626373626,0.3626373626373626,14,14,14,-0.01695387704031808,0.15623121995192307,0.13750028610229492,-0.16953877040318083,1.5623121995192308,1.3750028610229492,False,False,False,0.18730933849628162,True,False
sensibilidade_10a,A035,ITUMBIARA,GO,Centro-Oeste,0.2757578478275093,0.11947098677170073,0.009970028375973423,0.6807865878847438,0.447801807115027,0.21967370445535767,-0.2727272727272727,0.38181818181818183,0.6181818181818182,11,11,11,-0.04798398699079241,0.10682091346153846,0.14444435967339408,-0.47983986990792415,1.0682091346153846,1.4444435967339408,False,False,False,-0.37623446211855627,True,False
sensibilidade_10a,A036,CRISTALINA,GO,Centro-Oeste,0.06904431984775122,0.28888280402716393,0.010981554725508307,0.45683574070356087,0.5422887724720445,0.21967370445535767,-0.3202614379084967,0.1895424836601307,0.4444444444444444,18,18,18,-0.05782737731933594,0.05837673611111111,0.13333333333333333,-0.5782737731933594,0.5837673611111112,1.3333333333333333,False,False,False,-0.7495659722222221,True,False
sensibilidade_10a,A037,SILVANIA,GO,Centro-Oeste,0.8762696636277618,0.6404287874127911,0.5846479572713805,1.0,0.7876537960134328,0.727410830558578,0.05454545454545454,0.12727272727272726,0.14545454545454545,11,11,11,0.02263784408569336,0.08076171875,0.059999847412109376,0.2263784408569336,0.8076171875,0.5999984741210938,False,False,False,0.20761871337890625,True,False
sensibilidade_10a,A045,AGUAS EMENDADAS,DF,Centro-Oeste,0.015083622594694817,0.14937517875498973,0.008179529633231984,0.3372956564378985,0.447801807115027,0.21967370445535767,-0.4411764705882353,0.2647058823529412,0.47794117647058826,17,17,17,-0.07740473747253418,0.11142985026041666,0.16547616322835285,-0.7740473747253418,1.1142985026041665,1.6547616322835283,False,False,False,-0.5404631296793618,True,False
sensibilidade_10a,A046,GAMA (PONTE ALTA),DF,Centro-Oeste,0.00812342330427351,0.6404287874127911,0.43347418315950703,0.3372956564378985,0.7876537960134328,0.6438816191163673,-0.6363636363636364,-0.12727272727272726,0.2,11,11,11,-0.156005859375,-0.066650390625,0.08333333333333333,-1.56005859375,-0.66650390625,0.8333333333333333,False,False,False,-1.4998372395833333,False,False
sensibilidade_10a,A101,MANAUS,AM,Norte,0.0528715926149876,0.007899662130493713,0.8215356536608815,0.4190563266521239,0.32834275201196383,0.8834604516755209,0.36666666666666664,0.5,0.05,16,16,16,0.13182566716120792,0.16987173897879465,0.01714259556361607,1.3182566716120792,1.6987173897879466,0.1714259556361607,False,False,False,1.527291434151786,True,False
sensibilidade_10a,A119,MANACAPURU,AM,Norte,0.016393316888809063,0.4506702853141802,0.24149677939515377,0.3372956564378985,0.665127179705066,0.4643703705627494,0.5454545454545454,0.18181818181818182,-0.2727272727272727,12,12,12,0.1453137927585178,0.0459442138671875,-0.07812488079071045,1.453137927585178,0.459442138671875,-0.7812488079071045,False,False,False,1.2406909465789795,False,False
sensibilidade_10a,A121,ITACOATIARA,AM,Norte,0.8580276569875213,0.5915050369949166,0.8553307112512754,1.0,0.7446004583347774,0.9000878362516154,-0.06666666666666667,0.15555555555555556,-0.06666666666666667,10,10,10,-0.0012655258178710938,0.025983537946428572,0.0,-0.012655258178710938,0.2598353794642857,0.0,False,False,False,0.2598353794642857,False,False
sensibilidade_10a,A201,BELEM,PA,Norte,0.004207551285491754,1.0,0.03679467871054446,0.3372956564378985,1.0,0.24953104328965495,-0.7333333333333333,-0.022222222222222223,0.5333333333333333,10,10,10,-0.15401898897611177,-0.00146484375,0.10000101725260417,-1.5401898897611177,-0.0146484375,1.0000101725260417,False,False,False,-1.0146586100260417,False,False
sensibilidade_10a,A202,CASTANHAL,PA,Norte,0.7554968749288828,0.2757578478275093,0.69621535124374,0.9647390916123593,0.5361947462101079,0.8277226953675575,0.09090909090909091,0.2727272727272727,0.10909090909090909,11,11,11,0.01099853515625,0.0379638671875,0.03076934814453125,0.1099853515625,0.379638671875,0.3076934814453125,False,False,False,0.0719451904296875,True,False
sensibilidade_10a,A203,SAO LUIS,MA,Nordeste,0.3710933695226976,0.4742743507673296,0.47070299251140946,0.7676285276712584,0.6766314070947236,0.6627002657726423,0.24444444444444444,0.2,-0.2,10,10,10,0.047183990478515625,0.00885009765625,-0.042857578822544644,0.47183990478515625,0.0885009765625,-0.42857578822544645,False,False,False,0.5170767647879464,False,False
sensibilidade_10a,A206,CHAPADINHA,MA,Nordeste,0.07363827012030268,0.2104977000553374,0.47070299251140946,0.45683574070356087,0.4899263139963653,0.6627002657726423,-0.4666666666666667,-0.3333333333333333,0.2,10,10,10,-0.09062385559082031,-0.02880859375,0.04999987284342448,-0.9062385559082031,-0.2880859375,0.49999872843424475,False,False,False,-0.7880846659342448,False,False
sensibilidade_10a,A225,IMPERATRIZ,MA,Nordeste,0.1147567343186491,0.7317017232242102,0.4506702853141802,0.5011824723304267,0.8464009122701674,0.6560778303213236,-0.36363636363636365,0.09090909090909091,0.18181818181818182,12,12,12,-0.04848600362802481,0.011838640485491072,0.052777634726630315,-0.4848600362802481,0.11838640485491073,0.5277763472663032,False,False,False,-0.4093899424113925,True,False
sensibilidade_10a,A226,BRAGANCA,PA,Norte,0.3710933695226976,0.4742743507673296,0.2831308706623467,0.7676285276712584,0.6766314070947236,0.48087306604557295,-0.24444444444444444,0.2,0.28888888888888886,10,10,10,-0.05955791473388672,0.033721923828125,0.08461526724008414,-0.5955791473388672,0.33721923828125,0.8461526724008415,False,False,False,-0.5089334341195915,True,False
sensibilidade_10a,A229,TUCURUI,PA,Norte,0.2104977000553374,0.15240628395674935,0.08796147430808014,0.641734467629042,0.447801807115027,0.29366917979502327,-0.3333333333333333,0.37777777777777777,0.4444444444444444,10,10,10,-0.04221343994140625,0.06328876201923077,0.08000030517578124,-0.4221343994140625,0.6328876201923077,0.8000030517578125,False,False,False,-0.1671154315655048,True,False
sensibilidade_10a,A238,BURITICUPU,MA,Nordeste,0.07363827012030268,0.8580276569875213,0.17796742596806472,0.45683574070356087,0.922703108519244,0.4008950437596405,-0.4666666666666667,-0.06666666666666667,0.35555555555555557,10,10,10,-0.26900990804036456,-0.00732421875,0.2999992370605469,-2.6900990804036455,-0.0732421875,2.9999923706054688,False,False,False,-3.0732345581054688,False,False
sensibilidade_10a,A303,MACEIO,AL,Nordeste,0.09245959511086127,0.3730531162514527,0.19711005177131616,0.4890338760569001,0.5827253056774516,0.41763911959466987,0.3333333333333333,0.18095238095238095,-0.2571428571428571,15,15,15,0.08995225694444445,0.032063802083333336,-0.07333323160807291,0.8995225694444444,0.32063802083333337,-0.7333323160807291,False,False,False,1.0539703369140625,False,False
sensibilidade_10a,A307,PETROLINA,PE,Nordeste,0.011793457077065013,0.7425568219265776,0.11075979101310413,0.3372956564378985,0.8543395693133743,0.32342316245842884,-0.5164835164835165,-0.07692307692307693,0.32967032967032966,14,14,14,-0.07466506958007812,-0.018510298295454544,0.06666666666666667,-0.7466506958007812,-0.18510298295454544,0.6666666666666666,False,False,False,-0.851769649621212,False,False
sensibilidade_10a,A309,ARCO VERDE,PE,Nordeste,1.0,0.2104977000553374,0.037313053202191394,1.0,0.4899263139963653,0.24953104328965495,0.022222222222222223,0.3333333333333333,0.5333333333333333,10,10,10,0.009953180948893229,0.050830078125,0.05454531582919034,0.09953180948893228,0.50830078125,0.5454531582919033,False,False,False,-0.03715237704190333,True,False
sensibilidade_10a,A310,AREIA,PB,Nordeste,0.6206907170753548,0.5526151250628485,0.803863757670262,0.9647390916123593,0.7345319053630408,0.8806236595966173,0.10476190476190476,0.12380952380952381,0.05714285714285714,15,15,15,0.010659731351412259,0.010367838541666667,0.015384674072265625,0.10659731351412259,0.10367838541666667,0.15384674072265625,False,False,False,-0.05016835530598958,True,False
sensibilidade_10a,A313,CAMPINA GRANDE,PB,Nordeste,0.43627492884052926,0.5334165134726945,0.7520792651759998,0.848753043380666,0.7229348769550762,0.8582051455244359,0.2,0.16363636363636364,-0.09090909090909091,11,11,11,0.0342041015625,0.0269775390625,-0.008333206176757812,0.342041015625,0.269775390625,-0.08333206176757812,False,False,False,0.3531074523925781,False,False
sensibilidade_10a,A322,GARANHUNS,PE,Nordeste,1.0,0.19261627432960213,0.169228567389673,1.0,0.4899263139963653,0.38940767119774217,0.0,0.30303030303030304,0.3181818181818182,12,12,12,0.001116472132065717,0.038216659000941684,0.046875596046447754,0.01116472132065717,0.38216659000941683,0.46875596046447754,False,False,False,-0.08658937045506071,True,False
sensibilidade_10a,A329,CABROBO,PE,Nordeste,1.0,0.04674494105371121,0.08647112777407259,1.0,0.32834275201196383,0.29366917979502327,0.0,0.45454545454545453,0.3939393939393939,12,12,12,-0.0032253265380859375,0.09688517252604167,0.08303570747375488,-0.032253265380859375,0.9688517252604167,0.8303570747375488,False,False,False,0.1384946505228679,True,False
sensibilidade_10a,A342,CRATEUS,CE,Nordeste,0.43627492884052926,0.21291190281150457,0.8136637157667919,0.848753043380666,0.4899263139963653,0.8806236595966173,0.2,0.3090909090909091,-0.07272727272727272,11,11,11,0.053356170654296875,0.0693359375,-0.016666412353515625,0.5335617065429688,0.693359375,-0.16666412353515625,False,False,False,0.8600234985351562,False,False
sensibilidade_10a,A346,URUCUI,PI,Nordeste,0.16112494928905177,0.04296014602842507,0.3472624244875814,0.574678985797618,0.32834275201196383,0.5464276385319295,0.34545454545454546,0.4909090909090909,0.23636363636363636,11,11,11,0.09258804321289063,0.111083984375,0.05555555555555555,0.9258804321289062,1.11083984375,0.5555555555555556,False,False,False,0.5552842881944444,True,False
sensibilidade_10a,A348,CABACEIRAS,PB,Nordeste,0.5334165134726945,0.2757578478275093,0.21012684666927425,0.9059613800250526,0.5361947462101079,0.43657422511868627,-0.16363636363636364,0.2727272727272727,0.3090909090909091,11,11,11,-0.026175572321965143,0.03925432477678571,0.08333333333333333,-0.26175572321965146,0.3925432477678571,0.8333333333333333,False,False,False,-0.44079008556547616,True,False
sensibilidade_10a,A349,IBIMIRIM,PE,Nordeste,0.5829505577618919,0.03273560958832078,0.10888417540400147,0.9446423725142699,0.32834275201196383,0.32342316245842884,0.1282051282051282,0.46153846153846156,0.34615384615384615,13,13,13,0.019360224405924477,0.07618931361607142,0.06547621318272182,0.19360224405924475,0.7618931361607142,0.6547621318272181,False,False,False,0.1071310043334961,True,False
sensibilidade_10a,A357,PALMARES,PE,Nordeste,0.7205147871362553,1.0,0.24303496029452304,0.9647390916123593,1.0,0.4643703705627494,0.1111111111111111,-0.022222222222222223,-0.3111111111111111,10,10,10,0.11039377848307291,-0.007098858173076923,-0.20666656494140626,1.103937784830729,-0.07098858173076923,-2.0666656494140625,False,False,False,1.9956770676832933,True,False
sensibilidade_10a,A358,JAGUARIBE,CE,Nordeste,0.4742743507673296,0.15240628395674935,0.27925094536873774,0.8749544057259356,0.447801807115027,0.48087306604557295,0.2,0.37777777777777777,0.28888888888888886,10,10,10,0.04938507080078125,0.08878580729166667,0.0666656494140625,0.4938507080078125,0.8878580729166667,0.666656494140625,False,False,False,0.22120157877604174,True,False
sensibilidade_10a,A363,VALENCA DO PIAUI,PI,Nordeste,0.2831308706623467,0.5915050369949166,0.27925094536873774,0.6807865878847438,0.7446004583347774,0.48087306604557295,0.28888888888888886,0.15555555555555556,-0.28888888888888886,10,10,10,0.06931522914341517,0.0283203125,-0.03333333333333333,0.6931522914341517,0.283203125,-0.3333333333333333,False,False,False,0.6165364583333333,False,False
sensibilidade_10a,A401,SALVADOR,BA,Nordeste,0.2762784158080179,0.6921807727218765,0.45624182590897855,0.6807865878847438,0.8275233819133049,0.6568645848356515,0.21904761904761905,0.08571428571428572,-0.1523809523809524,15,15,15,0.0499267578125,0.019566127232142856,-0.03333409627278646,0.499267578125,0.19566127232142855,-0.3333409627278646,False,False,False,0.5290022350492931,False,False
sensibilidade_10a,A402,BARREIRAS,BA,Nordeste,0.24372228477217445,0.303673214899419,0.2684049970372207,0.6674290512184655,0.5507293897328447,0.48087306604557295,0.2727272727272727,0.24242424242424243,0.25757575757575757,12,12,12,0.023778279622395836,0.03600658069957387,0.05857118879045759,0.23778279622395837,0.36006580699573865,0.585711887904576,False,False,False,-0.2256460809088373,True,False
sensibilidade_10a,A404,LUIZ EDUARDO MAGALHAES,BA,Nordeste,0.6404287874127911,0.16112494928905177,0.69621535124374,0.9647390916123593,0.447801807115027,0.8277226953675575,0.12727272727272726,0.34545454545454546,0.10909090909090909,11,11,11,0.028949260711669922,0.10578264508928571,0.045454545454545456,0.2894926071166992,1.0578264508928572,0.4545454545454546,False,False,False,0.6032809963474026,True,False
sensibilidade_10a,A407,ITIRUCU,BA,Nordeste,0.6312218204782533,0.8370114751054462,0.7809976057010769,0.9647390916123593,0.922703108519244,0.8704869146876586,0.12121212121212122,0.06060606060606061,-0.07575757575757576,12,12,12,0.017360750834147134,0.0182861328125,-0.018181887539950283,0.17360750834147134,0.182861328125,-0.18181887539950284,False,False,False,0.3646802035245028,False,False
sensibilidade_10a,A408,ITABERABA,BA,Nordeste,0.19167059142275544,0.8218916912511594,0.3214411113021264,0.641734467629042,0.922703108519244,0.5225160114893238,-0.25,0.05,0.19166666666666668,16,16,16,-0.05425665928767277,0.02535400390625,0.06515146505953086,-0.5425665928767277,0.2535400390625,0.6515146505953086,False,False,False,-0.39797461153280855,True,False
sensibilidade_10a,A409,ARACAJU,SE,Nordeste,1.0,0.43627492884052926,0.7554968749288828,1.0,0.6574847519146004,0.8582051455244359,0.01818181818181818,0.2,0.09090909090909091,11,11,11,0.013954925537109374,0.0899810791015625,0.1214284896850586,0.13954925537109375,0.899810791015625,1.214284896850586,False,False,False,-0.31447410583496094,True,False
sensibilidade_10a,A414,VITORIA DA CONQUISTA,BA,Nordeste,0.42771051029746415,0.6693340144640528,0.5410490087900592,0.848753043380666,0.80925129432377,0.69332028671301,-0.1794871794871795,0.10256410256410256,0.14102564102564102,13,13,13,-0.016816881569949066,0.040417262486049106,0.04772729997511034,-0.16816881569949066,0.40417262486049105,0.4772729997511034,False,False,False,-0.07310037489061233,True,False
sensibilidade_10a,A416,CORRENTINA,BA,Nordeste,0.8580276569875213,0.4742743507673296,0.5295988084250076,1.0,0.6766314070947236,0.6844338627445093,0.06666666666666667,0.2,0.17777777777777778,10,10,10,0.012470245361328125,0.037890625,0.04999987284342448,0.12470245361328125,0.37890625,0.49999872843424475,False,False,False,-0.12109247843424475,True,False
sensibilidade_10a,A417,ITABAIANINHA,SE,Nordeste,0.8580276569875213,1.0,0.7183477583478872,1.0,1.0,0.8446506609145488,-0.06666666666666667,-0.022222222222222223,0.1111111111111111,10,10,10,-0.043271636962890624,-0.00458984375,0.04999995231628418,-0.43271636962890625,-0.0458984375,0.4999995231628418,False,False,False,-0.5458979606628418,False,False
sensibilidade_10a,A424,IRECE,BA,Nordeste,0.7554968749288828,0.2757578478275093,0.1843509512097483,0.9647390916123593,0.5361947462101079,0.4067124078235684,0.09090909090909091,0.2727272727272727,0.32727272727272727,11,11,11,0.0263519287109375,0.072662353515625,0.09090909090909091,0.263519287109375,0.72662353515625,0.9090909090909092,False,False,False,-0.18246737393465917,True,False
sensibilidade_10a,A425,LENCOIS,BA,Nordeste,0.15240628395674935,0.2831308706623467,1.0,0.574678985797618,0.5361947462101079,1.0,0.37777777777777777,0.28888888888888886,-0.022222222222222223,10,10,10,0.11511463589138454,0.0681847163609096,0.0,1.1511463589138455,0.681847163609096,0.0,False,False,False,0.681847163609096,False,False
sensibilidade_10a,A426,GUANAMBI,BA,Nordeste,0.10740463633025377,0.15240628395674935,0.4189617251593411,0.4890338760569001,0.447801807115027,0.6313930224232324,0.4222222222222222,0.37777777777777777,-0.2222222222222222,10,10,10,0.07542142001065341,0.05723987926136364,-0.03333282470703125,0.7542142001065342,0.5723987926136364,-0.3333282470703125,False,False,False,0.9057270396839489,False,False
sensibilidade_10a,A430,PIATA,BA,Nordeste,0.9128140271840749,0.3244236905215786,0.7418093743125747,1.0,0.5649467500314262,0.8582051455244359,-0.03296703296703297,0.2087912087912088,0.07692307692307693,14,14,14,-0.007951100667317709,0.07087053571428571,0.07142857142857142,-0.07951100667317709,0.7087053571428571,0.7142857142857142,False,False,False,-0.005580357142857095,True,False
sensibilidade_10a,A433,BRUMADO,BA,Nordeste,0.04874492073970655,0.22843980898867525,0.5099494383255552,0.4190563266521239,0.5130645276787292,0.6820573737604301,0.4065934065934066,0.25274725274725274,0.14285714285714285,14,14,14,0.12819290161132812,0.1568603515625,0.0666669209798177,1.2819290161132812,1.568603515625,0.666669209798177,False,False,False,0.901934305826823,True,False
sensibilidade_10a,A434,AMARGOSA,BA,Nordeste,0.03273560958832078,0.5829505577618919,0.5021582515007487,0.36870633957371823,0.7446004583347774,0.6758607913280517,0.46153846153846156,0.1282051282051282,-0.15384615384615385,13,13,13,0.08492764559659091,0.04264137961647727,-0.07846150031456581,0.8492764559659092,0.4264137961647727,-0.784615003145658,False,False,False,1.2110287993104307,False,False
sensibilidade_10a,A437,UNA,BA,Nordeste,0.2831308706623467,0.04909798160926562,0.24303496029452304,0.6807865878847438,0.32834275201196383,0.4643703705627494,0.28888888888888886,0.5111111111111111,0.3111111111111111,10,10,10,0.05913043022155762,0.07466264204545454,0.04999987284342448,0.5913043022155762,0.7466264204545454,0.49999872843424475,False,False,False,0.24662769202030066,True,False
sensibilidade_10a,A441,SERRINHA,BA,Nordeste,0.04909798160926562,0.4742743507673296,0.07133494897796916,0.4190563266521239,0.6766314070947236,0.29366917979502327,-0.5111111111111111,0.2,0.4666666666666667,10,10,10,-0.22643423080444336,0.0692138671875,0.17999954223632814,-2.2643423080444336,0.692138671875,1.7999954223632812,False,False,False,-1.1078567504882812,True,False
sensibilidade_10a,A442,EUCLIDES DA CUNHA,BA,Nordeste,0.04909798160926562,0.8580276569875213,0.2831308706623467,0.4190563266521239,0.922703108519244,0.48087306604557295,-0.5111111111111111,0.06666666666666667,0.28888888888888886,10,10,10,-0.0888671875,0.0033203125,0.09090909090909091,-0.888671875,0.033203125,0.9090909090909092,False,False,False,-0.8758877840909092,True,False
sensibilidade_10a,A502,BARBACENA,MG,Sudeste,0.6921807727218765,0.11328720822235328,0.16481858981177677,0.9647390916123593,0.447801807115027,0.38940767119774217,0.08571428571428572,0.3142857142857143,0.2761904761904762,15,15,15,0.019208908081054688,0.10504150390625,0.09090926430442116,0.19208908081054688,1.0504150390625,0.9090926430442116,False,False,False,0.14132239601828844,True,False
sensibilidade_10a,A505,ARAXA,MG,Sudeste,0.34341948718274173,0.005781798478456614,0.0073166900360846915,0.7676285276712584,0.32834275201196383,0.21967370445535767,0.17647058823529413,0.5,0.4852941176470588,17,17,17,0.02180061340332031,0.1596294545872326,0.15555572509765625,0.21800613403320312,1.5962945458723259,1.5555572509765625,False,False,False,0.04073729489576339,True,False
sensibilidade_10a,A506,MONTES CLAROS,MG,Sudeste,0.26035056965599135,0.5583509093759853,0.2412879445016494,0.6807865878847438,0.7375746580645732,0.4643703705627494,-0.21666666666666667,0.11666666666666667,0.225,16,16,16,-0.02918985154893663,0.0369720458984375,0.06794890379294372,-0.2918985154893663,0.369720458984375,0.6794890379294372,False,False,False,-0.30976857894506216,True,False
sensibilidade_10a,A507,UBERLANDIA,MG,Sudeste,0.5444860568259107,0.05824026959156134,0.0744081317635724,0.9103126262558194,0.3429541354115322,0.29366917979502327,0.1111111111111111,0.3333333333333333,0.3137254901960784,18,18,18,0.016911824544270832,0.11015973772321429,0.09999990463256836,0.16911824544270831,1.1015973772321428,0.9999990463256836,False,False,False,0.1015983309064592,True,False
sensibilidade_10a,A508,ALMENARA,MG,Sudeste,0.5021582515007487,0.29966544843430204,0.09824834872949123,0.8808349657472149,0.5507293897328447,0.30862128524728016,-0.15384615384615385,0.23076923076923078,0.358974358974359,13,13,13,-0.041684180902679585,0.043287797407670456,0.10912698412698413,-0.41684180902679585,0.4328779740767046,1.0912698412698414,False,False,False,-0.6583918671931368,True,False
sensibilidade_10a,A509,MONTE VERDE,MG,Sudeste,0.5444860568259107,0.05824026959156134,0.19564975830780015,0.9103126262558194,0.3429541354115322,0.41763911959466987,0.1111111111111111,0.3333333333333333,0.22875816993464052,18,18,18,0.018045152936662947,0.109832763671875,0.05555555555555555,0.18045152936662948,1.09832763671875,0.5555555555555556,False,False,False,0.5427720811631944,True,False
sensibilidade_10a,A510,VICOSA,MG,Sudeste,0.7526419827681855,0.0957466564738153,0.1619522382109209,0.9647390916123593,0.4268705101124266,0.38940767119774217,0.06666666666666667,0.31666666666666665,0.26666666666666666,16,16,16,0.02235126495361328,0.12365964253743489,0.15277793672349718,0.2235126495361328,1.2365964253743489,1.5277793672349718,False,False,False,-0.2911829418606229,True,False
sensibilidade_10a,A511,TIMOTEO,MG,Sudeste,0.8762696636277618,0.3502013891792958,0.43627492884052926,1.0,0.5827253056774516,0.6438816191163673,-0.05454545454545454,-0.23636363636363636,-0.2,11,11,11,-0.027555465698242188,-0.09520128038194445,-0.07857131958007812,-0.2755546569824219,-0.9520128038194444,-0.7857131958007812,False,False,False,-0.16629960801866317,True,False
sensibilidade_10a,A512,ITUIUTABA,MG,Sudeste,0.303673214899419,0.1147567343186491,0.09901983206246184,0.7141326152579743,0.447801807115027,0.30862128524728016,-0.24242424242424243,0.36363636363636365,0.3787878787878788,12,12,12,-0.06192593347458612,0.11092122395833334,0.13854169845581055,-0.6192593347458613,1.1092122395833335,1.3854169845581055,False,False,False,-0.276204744974772,True,False
sensibilidade_10a,A513,OURO BRANCO,MG,Sudeste,0.9211586502250249,0.42848041949799653,0.7659681439026508,1.0,0.6574847519146004,0.8582051455244359,0.02857142857142857,0.1619047619047619,0.06666666666666667,15,15,15,0.0031476338704427083,0.059651692708333336,0.0444441901312934,0.031476338704427086,0.5965169270833334,0.44444190131293404,False,False,False,0.15207502577039933,True,False
sensibilidade_10a,A515,VARGINHA,MG,Sudeste,0.4434214028640829,0.028539063570362466,0.04249873448881427,0.8548845064226464,0.32834275201196383,0.27559785395776526,0.16483516483516483,0.45054945054945056,0.4175824175824176,14,14,14,0.02305005391438802,0.183837890625,0.16249990463256836,0.23050053914388022,1.83837890625,1.6249990463256836,False,False,False,0.2133798599243164,True,False
sensibilidade_10a,A516,PASSOS,MG,Sudeste,0.7425568219265776,0.03749749081571985,0.053291446566761186,0.9647390916123593,0.32834275201196383,0.29366917979502327,-0.07692307692307693,0.42857142857142855,0.3956043956043956,14,14,14,-0.013671875,0.15714518229166666,0.16666666666666666,-0.13671875,1.5714518229166665,1.6666666666666665,False,False,False,-0.09521484375,True,False
sensibilidade_10a,A517,MURIAE,MG,Sudeste,1.0,0.16112494928905177,0.3472624244875814,1.0,0.447801807115027,0.5464276385319295,-0.01818181818181818,0.34545454545454546,0.23636363636363636,11,11,11,-0.0035643944373497595,0.12579900568181818,0.1,-0.0356439443734976,1.2579900568181817,1.0,False,False,False,0.25799005681818166,True,False
sensibilidade_10a,A518,JUIZ DE FORA,MG,Sudeste,0.7603323075218762,0.5829505577618919,0.2978601675498061,0.9647390916123593,0.7446004583347774,0.5019061090996733,-0.07692307692307693,0.1282051282051282,0.23076923076923078,13,13,13,-0.01476406328605883,0.04616487943209135,0.0881944497426351,-0.14764063286058832,0.4616487943209135,0.8819444974263511,False,False,False,-0.42029570310543757,True,False
sensibilidade_10a,A519,CAMPINA VERDE,MG,Sudeste,0.24372228477217445,0.37269149047151834,0.027842469454623646,0.6674290512184655,0.5827253056774516,0.23098977301618662,-0.2727272727272727,0.21212121212121213,0.5,12,12,12,-0.061796677418244184,0.0797000461154514,0.08174610137939453,-0.6179667741824418,0.797000461154514,0.8174610137939453,False,False,False,-0.020460552639431362,True,False
sensibilidade_10a,A520,CONCEICAO DAS ALAGOAS,MG,Sudeste,0.9128140271840749,0.18888747753953772,0.0891985826480211,1.0,0.4899263139963653,0.29366917979502327,0.03296703296703297,0.27472527472527475,0.3516483516483517,14,14,14,0.004497528076171875,0.10225423177083333,0.11666679382324219,0.04497528076171875,1.0225423177083333,1.1666679382324219,False,False,False,-0.14412562052408862,True,False
sensibilidade_10a,A521,PAMPULHA,MG,Sudeste,0.7618733947779847,0.15005063655725911,0.05253433340051772,0.9647390916123593,0.447801807115027,0.29366917979502327,0.058823529411764705,0.2549019607843137,0.33986928104575165,18,18,18,0.018246014912923176,0.144134521484375,0.10000010899135045,0.18246014912923175,1.44134521484375,1.0000010899135046,False,False,False,0.44134412493024544,True,False
sensibilidade_10a,A522,SERRA DOS AIMORES,MG,Sudeste,0.6312218204782533,0.7317017232242102,0.8370114751054462,0.9647390916123593,0.8464009122701674,0.8956022783628274,0.12121212121212122,0.09090909090909091,0.06060606060606061,12,12,12,0.03244446974534255,0.02161310369318182,0.019374823570251463,0.32444469745342547,0.21613103693181818,0.19374823570251465,False,False,False,0.02238280122930353,True,False
sensibilidade_10a,A523,PATROCINIO,MG,Sudeste,0.19261627432960213,0.02364221890919849,0.013344664289344157,0.641734467629042,0.32834275201196383,0.21967370445535767,0.30303030303030304,0.5151515151515151,0.5606060606060606,12,12,12,0.08630970546177455,0.317484458287557,0.20666707356770833,0.8630970546177454,3.1748445828755703,2.0666707356770835,False,False,False,1.1081738471984868,True,False
sensibilidade_10a,A524,FORMIGA,MG,Sudeste,0.5021582515007487,0.16055589143580892,0.2215356440220416,0.8808349657472149,0.447801807115027,0.4558521905838164,0.15384615384615385,0.3076923076923077,0.2692307692307692,13,13,13,0.01468862806047712,0.1881912549336751,0.14780219570621028,0.1468862806047712,1.881912549336751,1.478021957062103,False,False,False,0.4038905922746481,True,False
sensibilidade_10a,A525,SACRAMENTO,MG,Sudeste,0.022821503671488098,0.047761242675103704,0.013122023533042437,0.3372956564378985,0.32834275201196383,0.21967370445535767,-0.44761904761904764,0.3904761904761905,0.4857142857142857,15,15,15,-0.0639190673828125,0.1250762939453125,0.19999991522894967,-0.639190673828125,1.250762939453125,1.9999991522894967,False,False,False,-0.7492362128363717,True,False
sensibilidade_10a,A527,TEOFILO OTONI,MG,Sudeste,0.4742743507673296,0.3710933695226976,0.1268492940151452,0.8749544057259356,0.5827253056774516,0.3393218614905134,-0.2,0.24444444444444444,0.4,10,10,10,-0.04014248318142361,0.043146306818181816,0.07999992370605469,-0.4014248318142361,0.4314630681818182,0.7999992370605469,False,False,False,-0.3685361688787287,True,False
sensibilidade_10a,A528,TRES MARIAS,MG,Sudeste,0.8430852292699837,0.2349547837033433,0.8043360683870272,1.0,0.5130645276787292,0.8806236595966173,0.047619047619047616,0.23809523809523808,0.05714285714285714,15,15,15,0.01823743184407552,0.1150390625,0.023076864389272835,0.1823743184407552,1.150390625,0.23076864389272836,False,False,False,0.9196219811072717,True,False
sensibilidade_10a,A529,PASSA QUATRO,MG,Sudeste,0.11947098677170073,0.11947098677170073,0.019517481182177766,0.5113358233828792,0.447801807115027,0.22576626764433036,-0.38181818181818183,0.38181818181818183,0.5636363636363636,11,11,11,-0.11381855010986328,0.17608642578125,0.3250000476837158,-1.1381855010986328,1.7608642578125,3.250000476837158,False,False,False,-1.4891362190246582,True,False
sensibilidade_10a,A530,CALDAS,MG,Sudeste,0.3222995958719193,0.037666922228628705,0.005467894284964219,0.746523330877611,0.32834275201196383,0.21967370445535767,-0.2,0.4095238095238095,0.5428571428571428,15,15,15,-0.03785371780395508,0.20487139775202826,0.20000012715657553,-0.3785371780395508,2.0487139775202827,2.0000012715657554,False,False,False,0.04871270595452737,True,False
sensibilidade_10a,A531,MARIA DA FE,MG,Sudeste,1.0,0.018853377367019176,0.02532628610277907,1.0,0.32834275201196383,0.23098977301618662,-0.006535947712418301,0.4117647058823529,0.39215686274509803,18,18,18,-0.0034418106079101562,0.157745361328125,0.13333352406819662,-0.03441810607910156,1.57745361328125,1.3333352406819663,False,False,False,0.2441183725992837,True,False
sensibilidade_10a,A532,GOVERNADOR VALADARES,MG,Sudeste,0.3502013891792958,0.7554968749288828,0.8147826383183655,0.7676285276712584,0.8599804852913878,0.8806236595966173,0.23636363636363636,0.09090909090909091,-0.07272727272727272,11,11,11,0.054606119791666664,0.08176491477272728,-0.06363643299449574,0.5460611979166666,0.8176491477272728,-0.6363643299449574,False,False,False,1.4540134776722302,False,False
sensibilidade_10a,A533,GUANHAES,MG,Sudeste,0.3444175229790722,0.11507464782117936,0.01127251163275514,0.7676285276712584,0.447801807115027,0.21967370445535767,-0.18333333333333332,0.3,0.475,16,16,16,-0.04577951431274414,0.12711588541666669,0.16666666666666666,-0.4577951431274414,1.271158854166667,1.6666666666666665,False,False,False,-0.39550781249999956,True,False
sensibilidade_10a,A534,AIMORES,MG,Sudeste,0.2104977000553374,0.5915050369949166,1.0,0.641734467629042,0.7446004583347774,1.0,0.3333333333333333,0.15555555555555556,0.022222222222222223,10,10,10,0.06456671820746528,0.0877685546875,0.0,0.6456671820746528,0.877685546875,0.0,False,False,False,0.877685546875,False,False
sensibilidade_10a,A535,FLORESTAL,MG,Sudeste,0.06269811626098264,0.04874492073970655,0.24958033147908038,0.45683574070356087,0.32834275201196383,0.4726565569603823,0.38461538461538464,0.4065934065934066,0.24175824175824176,14,14,14,0.09733668240633878,0.2713216145833333,0.09999990463256836,0.9733668240633877,2.713216145833333,0.9999990463256836,False,False,False,1.7132170995076494,True,False
sensibilidade_10a,A536,DORES DO INDAIA,MG,Sudeste,0.7317017232242102,0.06410357671243593,0.05428423851603539,0.9647390916123593,0.3429541354115322,0.29366917979502327,-0.09090909090909091,0.42424242424242425,0.4393939393939394,12,12,12,-0.00923798301003196,0.2132510230654762,0.19583346048990885,-0.0923798301003196,2.132510230654762,1.9583346048990884,False,False,False,0.17417562575567347,True,False
sensibilidade_10a,A537,DIAMANTINA,MG,Sudeste,0.5840703669455065,0.8266659696701553,0.02806417803000398,0.9446423725142699,0.922703108519244,0.23098977301618662,-0.12087912087912088,0.054945054945054944,0.45054945054945056,14,14,14,-0.026850960471413353,0.03138950892857143,0.11818174882368608,-0.26850960471413354,0.3138950892857143,1.1818174882368608,False,False,False,-0.8679223989511465,True,False
sensibilidade_10a,A538,CURVELO,MG,Sudeste,0.16585666034290997,0.2762784158080179,0.13668123738715698,0.5818577920226677,0.5361947462101079,0.3567046926933121,-0.2761904761904762,0.21904761904761905,0.29523809523809524,15,15,15,-0.04077744483947754,0.08327229817708333,0.10833358764648438,-0.4077744483947754,0.8327229817708333,1.0833358764648438,False,False,False,-0.2506128946940105,True,False
sensibilidade_10a,A539,MOCAMBINHO,MG,Sudeste,0.2762784158080179,0.6921807727218765,0.32111161917785963,0.6807865878847438,0.8275233819133049,0.5225160114893238,-0.21904761904761905,0.08571428571428572,0.2,15,15,15,-0.03933143615722656,0.045200892857142856,0.07142857142857142,-0.3933143615722656,0.45200892857142855,0.7142857142857142,False,False,False,-0.26227678571428564,True,False
sensibilidade_10a,A540,MANTENA,MG,Sudeste,0.9128140271840749,1.0,0.7011342693103921,1.0,1.0,0.8289653791846624,0.03296703296703297,0.01098901098901099,0.08791208791208792,14,14,14,0.004654884338378906,0.0018310546875,0.036363775079900566,0.04654884338378906,0.018310546875,0.3636377507990057,False,False,False,-0.3453272039240057,True,False
sensibilidade_10a,A541,CAPELINHA,MG,Sudeste,0.7603323075218762,0.6693340144640528,0.7594628653799337,0.9647390916123593,0.80925129432377,0.8582051455244359,0.07692307692307693,0.10256410256410256,0.07692307692307693,13,13,13,0.013472557067871094,0.0306396484375,0.025892972946166992,0.13472557067871094,0.306396484375,0.2589297294616699,False,False,False,0.04746675491333008,True,False
sensibilidade_10a,A542,UNAI,MG,Sudeste,0.9453298708327001,0.5371338571769024,0.6786043789634528,1.0,0.7229348769550762,0.8158502084167354,0.030303030303030304,-0.15151515151515152,-0.10606060606060606,12,12,12,0.006220436096191407,-0.07210673983134921,-0.03562469482421875,0.06220436096191406,-0.7210673983134921,-0.3562469482421875,False,False,False,-0.3648204500713046,True,False
sensibilidade_10a,A546,GUARDA-MOR,MG,Sudeste,0.3502013891792958,0.019517481182177766,0.0848572466061149,0.7676285276712584,0.32834275201196383,0.29366917979502327,0.23636363636363636,0.5636363636363636,0.41818181818181815,11,11,11,0.07116372244698661,0.23583984375,0.19999988262469953,0.7116372244698661,2.3583984375,1.9999988262469954,False,False,False,0.35839961125300457,True,False
sensibilidade_10a,A547,SAO ROMAO,MG,Sudeste,0.0318231273864902,0.3710933695226976,0.07363827012030268,0.36870633957371823,0.5827253056774516,0.29366917979502327,-0.5555555555555556,0.24444444444444444,0.4666666666666667,10,10,10,-0.08867168426513672,0.08406575520833333,0.23333358764648438,-0.8867168426513672,0.8406575520833333,2.3333358764648438,False,False,False,-1.4926783243815105,True,False
sensibilidade_10a,A548,CHAPADA GAUCHA,MG,Sudeste,1.0,0.5915050369949166,0.4189617251593411,1.0,0.7446004583347774,0.6313930224232324,0.022222222222222223,0.15555555555555556,0.2222222222222222,10,10,10,0.001461029052734375,0.060791015625,0.05454531582919034,0.01461029052734375,0.60791015625,0.5454531582919033,False,False,False,0.06245699795809667,True,False
sensibilidade_10a,A550,ITAOBIM,MG,Sudeste,0.6921807727218765,0.3222995958719193,0.3222995958719193,0.9647390916123593,0.5649467500314262,0.5225160114893238,-0.08571428571428572,0.2,0.2,15,15,15,-0.011560880220853366,0.096337890625,0.08749985694885254,-0.11560880220853366,0.96337890625,0.8749985694885254,False,False,False,0.08838033676147461,True,False
sensibilidade_10a,A551,RIO PARDO DE MINAS,MG,Sudeste,0.5021582515007487,0.2463873600292466,0.6248544649570991,0.8808349657472149,0.5272689504625877,0.7729413612764114,0.15384615384615385,0.2564102564102564,0.11538461538461539,13,13,13,0.005812486012776693,0.09430948893229166,0.04642861230032785,0.058124860127766936,0.9430948893229165,0.4642861230032785,False,False,False,0.47880876631963804,True,False
sensibilidade_10a,A552,SALINAS,MG,Sudeste,0.19261627432960213,0.8370114751054462,0.5824053064021052,0.641734467629042,0.922703108519244,0.727410830558578,-0.30303030303030304,-0.06060606060606061,0.13636363636363635,12,12,12,-0.02430880069732666,-0.009540012904575894,0.029261328957297585,-0.2430880069732666,-0.09540012904575894,0.29261328957297583,False,False,False,-0.3880134186187348,False,False
sensibilidade_10a,A554,CARATINGA,MG,Sudeste,0.3730531162514527,0.3730531162514527,0.07316400108296825,0.7676285276712584,0.5827253056774516,0.29366917979502327,-0.18095238095238095,0.18095238095238095,0.3523809523809524,15,15,15,-0.06148052215576172,0.092529296875,0.14615367009089544,-0.6148052215576172,0.92529296875,1.4615367009089544,False,False,False,-0.5362437321589544,True,False
sensibilidade_10a,A555,IBIRITE (ROLA MOCA),MG,Sudeste,0.047761242675103704,0.037666922228628705,0.12454228158188534,0.4190563266521239,0.32834275201196383,0.3393218614905134,0.3904761904761905,0.4095238095238095,0.3047619047619048,15,15,15,0.09155893325805664,0.254058837890625,0.11428587777273995,0.9155893325805664,2.54058837890625,1.1428587777273995,False,False,False,1.3977296011788505,True,False
sensibilidade_10a,A557,CORONEL PACHECO,MG,Sudeste,0.07363827012030268,0.8580276569875213,0.07363827012030268,0.45683574070356087,0.922703108519244,0.29366917979502327,-0.4666666666666667,-0.06666666666666667,0.4666666666666667,10,10,10,-0.22055138481987846,-0.029866536458333332,0.1777776082356771,-2.205513848198785,-0.2986653645833333,1.777776082356771,False,False,False,-2.0764414469401045,False,False
sensibilidade_10a,A601,ECOLOGIA AGRICOLA,RJ,Sudeste,0.8887055908352302,0.44148821101397295,0.05824323867414074,1.0,0.660688651447484,0.29366917979502327,-0.029239766081871343,0.13450292397660818,0.3216374269005848,19,19,19,-0.0096435546875,0.036865234375,0.07500028610229492,-0.096435546875,0.36865234375,0.7500028610229492,False,False,False,-0.3813505172729492,True,False
sensibilidade_10a,A602,MARAMBAIA,RJ,Sudeste,0.9513521309544037,1.0,0.5815410024314954,1.0,1.0,0.727410830558578,0.02564102564102564,0.0,0.1282051282051282,13,13,13,0.00211970837085278,0.003871372767857143,0.02605051954253381,0.0211970837085278,0.03871372767857143,0.2605051954253381,False,False,False,-0.2217914677467667,True,False
sensibilidade_10a,A603,XEREM,RJ,Sudeste,0.36012164775537836,0.8547770980655479,0.8542396057680933,0.7676285276712584,0.922703108519244,0.9000878362516154,0.20512820512820512,0.05128205128205128,0.05128205128205128,13,13,13,0.04362472380050505,0.025002219460227272,0.017692184448242186,0.4362472380050505,0.2500221946022727,0.17692184448242188,False,False,False,0.07310035011985083,True,False
sensibilidade_10a,A604,CAMBUCI,RJ,Sudeste,0.02364221890919849,0.5371338571769024,0.5824053064021052,0.3372956564378985,0.7229348769550762,0.727410830558578,0.5151515151515151,0.15151515151515152,-0.13636363636363635,12,12,12,0.10747443112460049,0.05655924479166667,-0.055681792172518646,1.074744311246005,0.5655924479166667,-0.5568179217251865,False,False,False,1.1224103696418533,False,False
sensibilidade_10a,A606,ARRAIAL DO CABO,RJ,Sudeste,0.5021582515007487,0.044083783741321,0.14039860671962096,0.8808349657472149,0.32834275201196383,0.36199158840962514,-0.15384615384615385,0.4358974358974359,0.32051282051282054,13,13,13,-0.051565789557122564,0.06182548327323718,0.11010104478007615,-0.5156578955712257,0.6182548327323718,1.1010104478007614,False,False,False,-0.4827556150683896,True,False
sensibilidade_10a,A607,CAMPOS,RJ,Sudeste,0.013347575926843172,0.6206907170753548,0.4573496408435143,0.3372956564378985,0.7767708389130171,0.6568645848356515,0.4857142857142857,0.10476190476190476,-0.1523809523809524,15,15,15,0.10490937666459517,0.04258510044642857,-0.04000015258789062,1.0490937666459517,0.4258510044642857,-0.40000152587890625,False,False,False,0.825852530343192,False,False
sensibilidade_10a,A608,MACAE,RJ,Sudeste,0.4742743507673296,0.7205147871362553,0.928444041500591,0.8749544057259356,0.8464009122701674,0.9598406999088236,0.2,0.1111111111111111,-0.044444444444444446,10,10,10,0.026959737141927082,0.04177844524383545,-0.015384674072265625,0.2695973714192708,0.4177844524383545,-0.15384674072265625,False,False,False,0.5716311931610107,False,False
sensibilidade_10a,A609,RESENDE,RJ,Sudeste,0.06410357671243593,0.1147567343186491,0.0020302944356094107,0.45683574070356087,0.447801807115027,0.21967370445535767,-0.42424242424242425,0.36363636363636365,0.696969696969697,12,12,12,-0.09331498594365568,0.05803448813302176,0.18999843597412108,-0.9331498594365568,0.5803448813302177,1.899984359741211,False,False,False,-1.3196394784109933,True,False
sensibilidade_10a,A610,PICO DO COUTO,RJ,Sudeste,0.7554968749288828,0.21291190281150457,0.07249479348699961,0.9647390916123593,0.4899263139963653,0.29366917979502327,-0.09090909090909091,0.3090909090909091,0.43636363636363634,11,11,11,-0.06270245143345424,0.08806501116071429,0.13636363636363635,-0.6270245143345423,0.8806501116071429,1.3636363636363635,False,False,False,-0.48298625202922063,True,False
sensibilidade_10a,A611,VALENCA,RJ,Sudeste,0.3244236905215786,0.5840703669455065,0.06191138209555726,0.746523330877611,0.7446004583347774,0.29366917979502327,-0.2087912087912088,0.12087912087912088,0.38461538461538464,14,14,14,-0.03168083639705882,0.046915690104166664,0.125,-0.3168083639705882,0.46915690104166663,1.25,False,False,False,-0.7808430989583334,True,False
sensibilidade_10a,A612,VITORIA,ES,Sudeste,0.15462975196581533,0.3244236905215786,0.06843675234792679,0.574678985797618,0.5649467500314262,0.29366917979502327,-0.2967032967032967,0.2087912087912088,0.37362637362637363,14,14,14,-0.06201171875,0.025390625,0.09444448682996961,-0.6201171875,0.25390625,0.9444448682996962,False,False,False,-0.6905386182996962,True,False
sensibilidade_10a,A613,SANTA TERESA,ES,Sudeste,0.3710933695226976,0.3710933695226976,0.1268492940151452,0.7676285276712584,0.5827253056774516,0.3393218614905134,-0.24444444444444444,0.24444444444444444,0.4,10,10,10,-0.029150009155273438,0.053009033203125,0.08181814713911577,-0.2915000915527344,0.53009033203125,0.8181814713911577,False,False,False,-0.2880911393599077,True,False
sensibilidade_10a,A614,LINHARES,ES,Sudeste,0.1272036876310995,0.2463873600292466,0.27124088635558485,0.5337566500599077,0.5272689504625877,0.48087306604557295,0.3333333333333333,0.2564102564102564,0.24358974358974358,13,13,13,0.028723893661844246,0.04122585720486111,0.03582884028633648,0.28723893661844246,0.4122585720486111,0.35828840286336483,False,False,False,0.053970169185246275,True,False
sensibilidade_10a,A615,ALFREDO CHAVES,ES,Sudeste,0.8266659696701553,0.6614159170078633,0.6604603911571603,1.0,0.8088171785124728,0.8076487069007561,-0.054945054945054944,-0.0989010989010989,-0.0989010989010989,14,14,14,-0.020585060119628906,-0.028076171875,-0.04285703386579241,-0.20585060119628906,-0.28076171875,-0.42857033865792415,False,False,False,0.14780861990792415,True,False
sensibilidade_10a,A616,SAO MATEUS,ES,Sudeste,1.0,0.22413430196016673,0.5272297230696295,1.0,0.5102631980795286,0.6844338627445093,0.0,0.23333333333333334,0.125,16,16,16,0.000900109608968099,0.029422433035714284,0.05555576748318142,0.00900109608968099,0.29422433035714285,0.5555576748318142,False,False,False,-0.2613333444746713,True,False
sensibilidade_10a,A617,ALEGRE,ES,Sudeste,0.07482460710308471,0.5526151250628485,1.0,0.45683574070356087,0.7345319053630408,1.0,0.3523809523809524,0.12380952380952381,0.0,15,15,15,0.06965351104736328,0.051091974431818184,0.0,0.6965351104736328,0.5109197443181819,0.0,False,False,False,0.5109197443181819,False,False
sensibilidade_10a,A618,TERESOPOLIS,RJ,Sudeste,0.021488739119677407,0.028539063570362466,0.4434214028640829,0.3372956564378985,0.32834275201196383,0.6499464398144776,0.4725274725274725,0.45054945054945056,0.16483516483516483,14,14,14,0.09772600446428571,0.15391322544642858,0.08333333333333333,0.9772600446428571,1.5391322544642858,0.8333333333333333,False,False,False,0.7057989211309526,True,False
sensibilidade_10a,A619,PARATI,RJ,Sudeste,0.8762696636277618,0.21291190281150457,0.2728317563249592,1.0,0.4899263139963653,0.48087306604557295,0.05454545454545454,0.3090909090909091,0.2727272727272727,11,11,11,0.004896436418805804,0.10603841145833333,0.06666666666666667,0.04896436418805804,1.0603841145833333,0.6666666666666666,False,False,False,0.39371744791666663,True,False
sensibilidade_10a,A620,SAO TOME,RJ,Sudeste,0.7205147871362553,0.2104977000553374,0.47070299251140946,0.9647390916123593,0.4899263139963653,0.6627002657726423,0.1111111111111111,0.3333333333333333,0.2,10,10,10,0.014036031869741587,0.060190054086538464,0.09999847412109375,0.14036031869741586,0.6019005408653846,0.9999847412109375,False,False,False,-0.3980842003455529,True,False
sensibilidade_10a,A621,VILA MILITAR,RJ,Sudeste,0.9453298708327001,0.9453298708327001,0.8906603479582315,1.0,0.9931188098743531,0.9252490993352501,-0.030303030303030304,-0.030303030303030304,0.045454545454545456,12,12,12,-0.007676601409912109,-0.0052490234375,0.016964401517595564,-0.0767660140991211,-0.052490234375,0.16964401517595565,False,False,False,-0.22213424955095565,False,False
sensibilidade_10a,A624,NOVA FRIBURGO,RJ,Sudeste,0.5829505577618919,0.9513521309544037,0.8542396057680933,0.9446423725142699,0.9931188098743531,0.9000878362516154,0.1282051282051282,0.02564102564102564,0.05128205128205128,13,13,13,0.014484812996604226,0.011940696022727272,0.01217953364054362,0.14484812996604227,0.11940696022727272,0.12179533640543619,False,False,False,-0.0023883761781634677,True,False
sensibilidade_10a,A652,FORTE DE COPACABANA,RJ,Sudeste,0.03749749081571985,0.15462975196581533,1.0,0.40122315172820233,0.447801807115027,1.0,0.42857142857142855,0.2967032967032967,-0.01098901098901099,14,14,14,0.1633838653564453,0.1461181640625,0.0,1.6338386535644531,1.461181640625,0.0,False,False,False,1.461181640625,False,False
sensibilidade_10a,A701,SAO PAULO - MIRANTE,SP,Sudeste,0.49536629880308886,0.32471238436385713,0.027503369959000712,0.8808349657472149,0.5649467500314262,0.23098977301618662,-0.12418300653594772,0.17647058823529413,0.38562091503267976,18,18,18,-0.033397674560546875,0.10111860795454546,0.14000015258789061,-0.33397674560546875,1.0111860795454546,1.4000015258789062,False,False,False,-0.38881544633345166,True,False
sensibilidade_10a,A703,PONTA PORA,MS,Centro-Oeste,0.7618733947779847,0.16077154674467664,0.06864581379085412,0.9647390916123593,0.447801807115027,0.29366917979502327,0.058823529411764705,0.24836601307189543,0.3202614379084967,18,18,18,0.013502756754557291,0.0903063322368421,0.08333333333333333,0.1350275675455729,0.903063322368421,0.8333333333333333,False,False,False,0.06972998903508776,True,False
sensibilidade_10a,A704,TRES LAGOAS,MS,Centro-Oeste,0.2757578478275093,0.8762696636277618,0.23859282931643552,0.6807865878847438,0.932943820976821,0.4643703705627494,-0.2727272727272727,-0.05454545454545454,0.2909090909090909,11,11,11,-0.060289556329900566,-0.047444661458333336,0.09999990463256836,-0.6028955632990056,-0.47444661458333337,0.9999990463256836,False,False,False,-1.474445660909017,False,False
sensibilidade_10a,A705,BAURU,SP,Sudeste,0.2463873600292466,0.16055589143580892,0.0320887339782313,0.6674290512184655,0.447801807115027,0.23679272659798273,-0.2564102564102564,0.3076923076923077,0.46153846153846156,13,13,13,-0.03963470458984375,0.13467915852864581,0.12361123826768664,-0.3963470458984375,1.346791585286458,1.2361123826768663,False,False,False,0.11067920260959174,True,False
sensibilidade_10a,A706,CAMPOS DO JORDAO,SP,Sudeste,0.9453298708327001,0.08647112777407259,0.14986074751304929,1.0,0.3950721055027532,0.3817880948546732,-0.030303030303030304,0.3939393939393939,0.3333333333333333,12,12,12,-0.004057861509777251,0.09273274739583334,0.10000003178914388,-0.04057861509777251,0.9273274739583335,1.0000003178914387,False,False,False,-0.07267284393310525,True,False
sensibilidade_10a,A707,PRESIDENTE PRUDENTE,SP,Sudeste,0.007899662130493713,0.0045622611532226106,0.03433985000756264,0.3372956564378985,0.32834275201196383,0.24495759672061354,0.5,0.5333333333333333,0.4,16,16,16,0.09795236587524414,0.22560628255208331,0.13541682561238605,0.9795236587524414,2.256062825520833,1.3541682561238604,False,False,False,0.9018945693969727,True,False
sensibilidade_10a,A708,FRANCA,SP,Sudeste,0.8430852292699837,0.16585666034290997,0.25445252615345604,1.0,0.45504263222285557,0.4776564964635052,-0.047619047619047616,0.2761904761904762,0.22857142857142856,15,15,15,-0.0048669179280598955,0.100189208984375,0.10000038146972656,-0.048669179280598954,1.00189208984375,1.0000038146972656,False,False,False,0.001888275146484375,True,False
sensibilidade_10a,A711,SAO CARLOS,SP,Sudeste,0.9453298708327001,0.033524165235004746,0.016393316888809063,1.0,0.32834275201196383,0.22576626764433036,-0.030303030303030304,0.48484848484848486,0.5454545454545454,12,12,12,-0.009755706787109374,0.30502041903409094,0.29999984839023686,-0.09755706787109374,3.050204190340909,2.9999984839023686,False,False,False,0.05020570643854061,True,False
sensibilidade_10a,A718,RANCHARIA,SP,Sudeste,0.8580276569875213,0.04909798160926562,0.07363827012030268,1.0,0.32834275201196383,0.29366917979502327,0.06666666666666667,0.5111111111111111,0.4666666666666667,10,10,10,0.02569580078125,0.18194580078125,0.125,0.2569580078125,1.8194580078125,1.25,False,False,False,0.5694580078125,True,False
sensibilidade_10a,A719,AQUIDAUANA,MS,Centro-Oeste,0.2104977000553374,0.7205147871362553,0.41389575813956925,0.641734467629042,0.8464009122701674,0.6313930224232324,-0.3333333333333333,0.1111111111111111,0.2222222222222222,10,10,10,-0.03182736565085018,0.06954520089285714,0.04117651546702666,-0.3182736565085018,0.6954520089285714,0.4117651546702666,False,False,False,0.2836868542583048,True,False
sensibilidade_10a,A720,COXIM,MS,Centro-Oeste,0.6404287874127911,0.06170669002831274,0.11947098677170073,0.9647390916123593,0.3429541354115322,0.3320362489499215,-0.12727272727272726,0.45454545454545453,0.38181818181818183,11,11,11,-0.02155160903930664,0.146484375,0.1999994913736979,-0.2155160903930664,1.46484375,1.999994913736979,False,False,False,-0.535151163736979,True,False
sensibilidade_10a,A721,DOURADOS,MS,Centro-Oeste,0.08647112777407259,0.4506702853141802,0.335908593349047,0.4761125374007538,0.665127179705066,0.5364510371395228,-0.3939393939393939,0.18181818181818182,0.22727272727272727,12,12,12,-0.04649940659018124,0.036692899816176475,0.09411771858439727,-0.46499406590181236,0.3669289981617647,0.9411771858439727,False,False,False,-0.574248187682208,True,False
sensibilidade_10a,A722,MIRANDA,MS,Centro-Oeste,1.0,0.2757578478275093,0.3100441238765243,1.0,0.5361947462101079,0.5183550196060641,-0.01818181818181818,0.2727272727272727,0.2545454545454545,11,11,11,-0.004302130805121528,0.08503069196428571,0.09999990463256836,-0.043021308051215276,0.8503069196428571,0.9999990463256836,False,False,False,-0.1496921266828265,True,False
sensibilidade_10a,A727,LINS,SP,Sudeste,0.5915050369949166,0.2104977000553374,0.08796147430808014,0.9446423725142699,0.4899263139963653,0.29366917979502327,-0.15555555555555556,0.3333333333333333,0.4444444444444444,10,10,10,-0.02843202863420759,0.24305138221153846,0.20000076293945312,-0.2843202863420759,2.4305138221153846,2.0000076293945312,False,False,False,0.43050619272085333,True,False
sensibilidade_10a,A729,VOTUPORANGA,SP,Sudeste,1.0,0.11947098677170073,0.11722671962162348,1.0,0.447801807115027,0.3300857631450977,0.01818181818181818,0.38181818181818183,0.38181818181818183,11,11,11,0.00244903564453125,0.2110595703125,0.14444435967339408,0.0244903564453125,2.110595703125,1.4444435967339408,False,False,False,0.6661521063910592,True,False
sensibilidade_10a,A740,SAO LUIS DO PARAITINGA,SP,Sudeste,0.15240628395674935,0.04909798160926562,0.04909798160926562,0.574678985797618,0.32834275201196383,0.29366917979502327,-0.37777777777777777,0.5111111111111111,0.5111111111111111,10,10,10,-0.09729995727539062,0.113311767578125,0.23333358764648438,-0.9729995727539062,1.13311767578125,2.3333358764648438,False,False,False,-1.2002182006835938,True,False
sensibilidade_10a,A743,RIO BRILHANTE,MS,Centro-Oeste,0.6614159170078633,0.3810744816092944,0.20730036719899939,0.9647390916123593,0.5909415874231088,0.43492429980966535,0.0989010989010989,0.18681318681318682,0.26373626373626374,14,14,14,0.04136827256944445,0.0955810546875,0.10000228881835938,0.4136827256944445,0.955810546875,1.0000228881835938,False,False,False,-0.04421234130859375,True,False
sensibilidade_10a,A746,BARRA DO TURVO,SP,Sudeste,0.8580276569875213,0.2104977000553374,0.10740463633025377,1.0,0.4899263139963653,0.32342316245842884,0.06666666666666667,0.3333333333333333,0.4222222222222222,10,10,10,0.016073400324041195,0.1162109375,0.125,0.16073400324041195,1.162109375,1.25,False,False,False,-0.087890625,True,False
sensibilidade_10a,A747,PRADOPOLIS,SP,Sudeste,1.0,0.0791092150986985,0.027376765789661663,1.0,0.38812756203344584,0.23098977301618662,0.0,0.3333333333333333,0.4166666666666667,16,16,16,-0.0049114227294921875,0.22124481201171875,0.18375015258789062,-0.049114227294921875,2.2124481201171875,1.8375015258789062,False,False,False,0.37494659423828125,True,False
sensibilidade_10a,A748,BARRETOS,SP,Sudeste,0.10740463633025377,0.15240628395674935,0.08796147430808014,0.4890338760569001,0.447801807115027,0.29366917979502327,-0.4222222222222222,0.37777777777777777,0.4444444444444444,10,10,10,-0.1327853732638889,0.151153564453125,0.2833334604899089,-1.3278537326388888,1.51153564453125,2.833334604899089,False,False,False,-1.3217989603678388,True,False
sensibilidade_10a,A749,JUTI,MS,Centro-Oeste,0.16112494928905177,0.0867681727038757,0.2728317563249592,0.574678985797618,0.3950721055027532,0.48087306604557295,0.34545454545454546,0.41818181818181815,0.2727272727272727,11,11,11,0.056200663248697914,0.22336989182692307,0.14285714285714285,0.5620066324869791,2.233698918269231,1.4285714285714284,False,False,False,0.8051274896978025,True,False
sensibilidade_10a,A753,ITUVERAVA,SP,Sudeste,0.7205147871362553,0.07363827012030268,0.02476387822447973,0.9647390916123593,0.3843558489206042,0.23098977301618662,-0.1111111111111111,0.4666666666666667,0.5777777777777777,10,10,10,-0.012012481689453125,0.18798828125,0.18888897365993923,-0.12012481689453125,1.8798828125,1.8888897365993924,False,False,False,-0.00900692409939241,True,False
sensibilidade_10a,A754,SIDROLANDIA,MS,Centro-Oeste,0.1147567343186491,0.303673214899419,0.05428423851603539,0.5011824723304267,0.5507293897328447,0.29366917979502327,-0.36363636363636365,0.24242424242424243,0.4393939393939394,12,12,12,-0.08090960184733073,0.12010846819196429,0.20000052452087402,-0.8090960184733074,1.2010846819196428,2.0000052452087402,False,False,False,-0.7989205632890974,True,False
sensibilidade_10a,A755,BARUERI,SP,Sudeste,1.0,1.0,0.8132862115234216,1.0,1.0,0.8806236595966173,0.01818181818181818,0.01818181818181818,0.07272727272727272,11,11,11,0.0012448628743489583,0.03533935546875,0.01999969482421875,0.012448628743489582,0.3533935546875,0.1999969482421875,False,False,False,0.1533966064453125,True,False
sensibilidade_10a,A756,AGUA CLARA,MS,Centro-Oeste,0.029272509186304526,0.5334165134726945,0.1843509512097483,0.3684892332864217,0.7229348769550762,0.4067124078235684,-0.5272727272727272,0.16363636363636364,0.32727272727272727,11,11,11,-0.11332321166992188,0.10888671875,0.1799999237060547,-1.1332321166992188,1.0888671875,1.7999992370605469,False,False,False,-0.7111320495605469,True,False
sensibilidade_10a,A801,PORTO ALEGRE,RS,Sul,0.23423926303398215,0.0026231698430961552,0.08589714493338899,0.6674290512184655,0.32834275201196383,0.29366917979502327,0.2046783625730994,0.5087719298245614,0.29239766081871343,19,19,19,0.05604347815880409,0.1613006591796875,0.13333257039388022,0.5604347815880408,1.613006591796875,1.3333257039388022,False,False,False,0.27968088785807277,True,False
sensibilidade_10a,A803,SANTA MARIA,RS,Sul,0.1982106190388427,0.047761242675103704,0.39806358667063246,0.641734467629042,0.32834275201196383,0.6128460974641392,0.2571428571428571,0.3904761904761905,0.17142857142857143,15,15,15,0.05436992645263672,0.07156808035714286,0.022221883138020832,0.5436992645263672,0.7156808035714286,0.22221883138020831,False,False,False,0.4934619721912203,True,False
sensibilidade_10a,A805,SANTO AUGUSTO,RS,Sul,0.5334165134726945,0.43627492884052926,0.11722671962162348,0.9059613800250526,0.6574847519146004,0.3300857631450977,-0.16363636363636364,0.2,0.38181818181818183,11,11,11,-0.04405702863420759,0.070068359375,0.09999974568684895,-0.44057028634207585,0.70068359375,0.9999974568684895,False,False,False,-0.2993138631184895,True,False
sensibilidade_10a,A806,FLORIANOPOLIS,SC,Sul,0.2349547837033433,0.9211586502250249,0.9604826860995309,0.6674290512184655,0.9758809462779966,0.9834607407909073,-0.23809523809523808,0.02857142857142857,0.01904761904761905,15,15,15,-0.10959482192993164,0.007666015625,0.007692190317007212,-1.0959482192993164,0.07666015625,0.07692190317007212,False,False,False,-0.00026174692007212286,True,False
sensibilidade_10a,A807,CURITIBA,PR,Sul,0.9453298708327001,0.02364221890919849,0.19051797173735363,1.0,0.32834275201196383,0.4118267267857947,0.030303030303030304,0.5151515151515151,0.30303030303030304,12,12,12,0.011499404907226562,0.18181257588522776,0.1324673689805068,0.11499404907226562,1.8181257588522777,1.324673689805068,False,False,False,0.49345206904720973,True,False
sensibilidade_10a,A808,TORRES,RS,Sul,0.2104977000553374,0.2831308706623467,0.08796147430808014,0.641734467629042,0.5361947462101079,0.29366917979502327,-0.3333333333333333,0.28888888888888886,0.4444444444444444,10,10,10,-0.13699650764465332,0.13382975260416666,0.22500038146972656,-1.3699650764465332,1.3382975260416665,2.2500038146972656,False,False,False,-0.9117062886555991,True,False
sensibilidade_10a,A809,URUGUAIANA,RS,Sul,0.5526151250628485,0.2349547837033433,0.3730531162514527,0.916741370259299,0.5130645276787292,0.5785026585348614,-0.12380952380952381,0.23809523809523808,0.18095238095238095,15,15,15,-0.035282135009765625,0.050628662109375,0.07142857142857142,-0.35282135009765625,0.50628662109375,0.7142857142857142,False,False,False,-0.2079990931919642,True,False
sensibilidade_10a,A811,CANGUCU,RS,Sul,0.6693340144640528,0.29966544843430204,0.5005594978181392,0.9647390916123593,0.5507293897328447,0.6758607913280517,0.10256410256410256,0.23076923076923078,0.15384615384615385,13,13,13,0.027082773355337292,0.14953597386678058,0.03333356645372179,0.2708277335533729,1.4953597386678057,0.3333356645372179,False,False,False,1.1620240741305878,True,False
sensibilidade_10a,A812,CACAPAVA DO SUL,RS,Sul,0.9453298708327001,0.14986074751304929,0.19051797173735363,1.0,0.447801807115027,0.4118267267857947,-0.030303030303030304,0.3333333333333333,0.30303030303030304,12,12,12,-0.012298583984375,0.09052734375,0.11714284079415457,-0.12298583984375,0.9052734375,1.1714284079415458,False,False,False,-0.2661549704415458,True,False
sensibilidade_10a,A813,RIO PARDO,RS,Sul,0.43627492884052926,0.012731364269923504,0.012731364269923504,0.848753043380666,0.32834275201196383,0.21967370445535767,-0.2,0.6,0.6,11,11,11,-0.08828125,0.25459428267045453,0.3272725885564631,-0.8828125,2.5459428267045454,3.272725885564631,False,False,False,-0.7267830588600854,True,False
sensibilidade_10a,A815,SAO JOAQUIM,SC,Sul,0.7317017232242102,0.14986074751304929,0.335908593349047,0.9647390916123593,0.447801807115027,0.5364510371395228,0.09090909090909091,0.3333333333333333,0.22727272727272727,12,12,12,0.023834149042765297,0.07960001627604166,0.06333306630452475,0.23834149042765296,0.7960001627604165,0.6333306630452474,False,False,False,0.16266949971516909,True,False
sensibilidade_10a,A817,INDAIAL,SC,Sul,0.21291190281150457,0.04296014602842507,0.7554968749288828,0.641734467629042,0.32834275201196383,0.8582051455244359,0.3090909090909091,0.4909090909090909,0.09090909090909091,11,11,11,0.11989140510559082,0.169891357421875,0.05000019073486328,1.1989140510559082,1.69891357421875,0.5000019073486328,False,False,False,1.1989116668701172,True,False
sensibilidade_10a,A818,IVAI,PR,Sul,0.4506702853141802,0.37269149047151834,0.16720893987809785,0.8611021522967371,0.5827253056774516,0.38940767119774217,0.18181818181818182,0.21212121212121213,0.3181818181818182,12,12,12,0.037290366490681966,0.07217240767045455,0.0627452251957912,0.37290366490681964,0.7217240767045454,0.627452251957912,False,False,False,0.09427182474663343,True,False
sensibilidade_10a,A819,CASTRO,PR,Sul,0.6404287874127911,0.012731364269923504,0.018784441832692813,0.9647390916123593,0.32834275201196383,0.22576626764433036,0.12727272727272726,0.6,0.5636363636363636,11,11,11,0.015497970581054687,0.177398681640625,0.1833333969116211,0.15497970581054688,1.77398681640625,1.833333969116211,False,False,False,-0.05934715270996094,True,False
sensibilidade_10a,A820,MAL. CANDIDO RONDON,PR,Sul,0.16112494928905177,0.019517481182177766,0.43347418315950703,0.574678985797618,0.32834275201196383,0.6438816191163673,0.34545454545454546,0.5636363636363636,0.2,11,11,11,0.0991607666015625,0.12926307091346154,0.028571265084402903,0.991607666015625,1.2926307091346154,0.285712650844029,False,False,False,1.0069180582905863,True,False
sensibilidade_10a,A821,JOAQUIM TAVORA,PR,Sul,0.7554968749288828,0.2757578478275093,0.15601603599625435,0.9647390916123593,0.5361947462101079,0.38822595003719107,0.09090909090909091,0.2727272727272727,0.34545454545454546,11,11,11,0.05280749003092448,0.173291015625,0.09999974568684895,0.5280749003092448,1.73291015625,0.9999974568684895,False,False,False,0.7329126993815105,True,False
sensibilidade_10a,A823,INACIO MARTINS,PR,Sul,1.0,0.2104977000553374,0.059314406470354526,1.0,0.4899263139963653,0.29366917979502327,0.022222222222222223,0.3333333333333333,0.4888888888888889,10,10,10,0.0018457412719726563,0.10398512620192307,0.12000007629394531,0.018457412719726562,1.0398512620192308,1.2000007629394531,False,False,False,-0.1601495009202223,True,False
sensibilidade_10a,A826,ALEGRETE,RS,Sul,1.0,0.2831308706623467,0.2658911532616728,1.0,0.5361947462101079,0.48087306604557295,0.022222222222222223,0.28888888888888886,0.28888888888888886,10,10,10,0.01237640380859375,0.06646369485294118,0.04444461398654514,0.1237640380859375,0.6646369485294118,0.4444461398654514,False,False,False,0.2201908086639604,True,False
sensibilidade_10a,A827,BAGE,RS,Sul,0.9128140271840749,0.3244236905215786,0.22516833779793358,1.0,0.5649467500314262,0.45891451703578845,0.03296703296703297,0.2087912087912088,0.25274725274725274,14,14,14,0.01290734608968099,0.042271205357142856,0.14285714285714285,0.1290734608968099,0.42271205357142855,1.4285714285714284,False,False,False,-1.0058593749999998,True,False
sensibilidade_10a,A828,ERECHIM,RS,Sul,0.4742743507673296,0.15240628395674935,0.15240628395674935,0.8749544057259356,0.447801807115027,0.3837052325499336,0.2,0.37777777777777777,0.37777777777777777,10,10,10,0.011620839436848959,0.10300273895263672,0.09000015258789062,0.11620839436848959,1.0300273895263672,0.9000015258789062,False,False,False,0.13002586364746094,True,False
sensibilidade_10a,A829,SAO JOSE DOS AUSENTES,RS,Sul,0.303673214899419,0.011174811327380362,0.004731182624851297,0.7141326152579743,0.32834275201196383,0.21967370445535767,-0.24242424242424243,0.5757575757575758,0.6363636363636364,12,12,12,-0.06210002899169922,0.16044108072916666,0.22249999046325683,-0.6210002899169922,1.6044108072916665,2.2249999046325684,False,False,False,-0.6205890973409018,True,False
sensibilidade_10a,A831,QUARAI,RS,Sul,0.6693340144640528,0.20012811767860228,0.09950873215916976,0.9647390916123593,0.4899263139963653,0.30862128524728016,-0.10256410256410256,0.28205128205128205,0.358974358974359,13,13,13,-0.013327471415201823,0.06571663200081168,0.10333340962727865,-0.13327471415201822,0.6571663200081168,1.0333340962727864,False,False,False,-0.3761677762646696,True,False
sensibilidade_10a,A832,SAO GABRIEL,RS,Sul,0.16055589143580892,0.5021582515007487,0.6693340144640528,0.574678985797618,0.6978043235140274,0.80925129432377,0.3076923076923077,0.15384615384615385,-0.10256410256410256,13,13,13,0.09139895439147949,0.0824981689453125,-0.03303572109767369,0.9139895439147949,0.824981689453125,-0.3303572109767369,False,False,False,1.155338900429862,False,False
sensibilidade_10a,A834,TRAMANDAI,RS,Sul,0.10740463633025377,0.3710933695226976,0.6534220947553175,0.4890338760569001,0.5827253056774516,0.8036340705611376,0.4222222222222222,0.24444444444444444,0.13333333333333333,10,10,10,0.1255648476736886,0.09873744419642858,0.016666730244954426,1.255648476736886,0.9873744419642858,0.16666730244954425,False,False,False,0.8207071395147416,True,False
sensibilidade_10a,A835,MARINGA,PR,Sul,0.07685087226788874,0.07685087226788874,0.5829505577618919,0.45683574070356087,0.38812756203344584,0.727410830558578,0.38461538461538464,0.38461538461538464,0.1282051282051282,13,13,13,0.05302695072058475,0.121728515625,0.0633927753993443,0.5302695072058474,1.21728515625,0.633927753993443,False,False,False,0.583357402256557,True,False
sensibilidade_10a,A836,JAGUARAO,RS,Sul,0.2831308706623467,1.0,0.5295988084250076,0.6807865878847438,1.0,0.6844338627445093,-0.28888888888888886,0.022222222222222223,0.17777777777777778,10,10,10,-0.04146634615384615,0.03673206676136364,0.07000007629394531,-0.4146634615384615,0.3673206676136364,0.7000007629394531,False,False,False,-0.3326800953258167,True,False
sensibilidade_10a,A837,SOLEDADE,RS,Sul,0.5334165134726945,0.3502013891792958,0.5309159869887315,0.9059613800250526,0.5827253056774516,0.6844338627445093,0.16363636363636364,0.23636363636363636,0.16363636363636364,11,11,11,0.021028645833333335,0.0804443359375,0.03333346048990885,0.21028645833333334,0.804443359375,0.3333346048990885,False,False,False,0.4711087544759115,True,False
sensibilidade_10a,A838,CAMAQUA,RS,Sul,0.2831308706623467,0.10740463633025377,0.01532224105510075,0.6807865878847438,0.447801807115027,0.22576626764433036,-0.28888888888888886,0.4222222222222222,0.6222222222222222,10,10,10,-0.015492575509207589,0.1716851128472222,0.19999980926513672,-0.1549257550920759,1.716851128472222,1.9999980926513672,False,False,False,-0.2831469641791451,True,False
sensibilidade_10a,A839,PASSO FUNDO,RS,Sul,0.22413430196016673,0.11507464782117936,0.49742001598396635,0.6661769530482734,0.447801807115027,0.6758607913280517,0.23333333333333334,0.3,0.13333333333333333,16,16,16,0.04838226636250814,0.09880719866071429,0.08154755546933129,0.4838226636250814,0.9880719866071429,0.8154755546933129,False,False,False,0.17259643191383,True,False
sensibilidade_10a,A840,BENTO GONCALVES,RS,Sul,0.07685087226788874,0.36012164775537836,0.7594628653799337,0.45683574070356087,0.5827253056774516,0.8582051455244359,0.38461538461538464,0.20512820512820512,-0.07692307692307693,13,13,13,0.0918394542875744,0.06872934194711539,-0.01388867696126302,0.918394542875744,0.6872934194711539,-0.1388867696126302,False,False,False,0.8261801890837841,False,False
sensibilidade_10a,A841,JOACABA,SC,Sul,0.04296014602842507,0.7554968749288828,0.012731364269923504,0.4190563266521239,0.8599804852913878,0.21967370445535767,-0.4909090909090909,0.09090909090909091,0.6,11,11,11,-0.10235050746372767,0.04498291015625,0.1700000762939453,-1.0235050746372767,0.4498291015625,1.7000007629394531,False,False,False,-1.2501716613769531,True,False
sensibilidade_10a,A844,LAGOA VERMELHA,RS,Sul,0.48842231662259367,0.2762784158080179,0.7659681439026508,0.8808349657472149,0.5361947462101079,0.8582051455244359,0.14285714285714285,0.21904761904761905,0.06666666666666667,15,15,15,0.016324679056803387,0.0730730203481821,0.02857153756277902,0.16324679056803387,0.7307302034818209,0.2857153756277902,False,False,False,0.44501482785403074,True,False
sensibilidade_10a,A845,BOM JARDIM DA SERRA - MORRO DA IGREJA,SC,Sul,0.8547770980655479,0.5021582515007487,0.6681701611064071,1.0,0.6978043235140274,0.80925129432377,-0.05128205128205128,-0.15384615384615385,0.10256410256410256,13,13,13,-0.019778966903686523,-0.027259410511363637,0.05576929679283729,-0.19778966903686523,-0.27259410511363635,0.5576929679283729,False,False,False,-0.8302870730420092,False,False
sensibilidade_10a,A853,CRUZ ALTA,RS,Sul,0.022821503671488098,0.2349547837033433,0.7659681439026508,0.3372956564378985,0.5130645276787292,0.8582051455244359,0.44761904761904764,0.23809523809523808,-0.06666666666666667,15,15,15,0.07839339120047432,0.05611478365384615,-0.016666412353515625,0.7839339120047433,0.5611478365384616,-0.16666412353515625,False,False,False,0.7278119600736178,False,False
sensibilidade_10a,A854,FREDERICO WESTPHALEN,RS,Sul,0.43627492884052926,0.8762696636277618,0.2728317563249592,0.848753043380666,0.932943820976821,0.48087306604557295,0.2,0.05454545454545454,-0.2727272727272727,11,11,11,0.04559162684849331,0.00439453125,-0.045454545454545456,0.45591626848493305,0.0439453125,-0.4545454545454546,False,False,False,0.4984907670454546,False,False
sensibilidade_10a,A856,PALMEIRA DAS MISSOES,RS,Sul,0.10740463633025377,0.2831308706623467,0.7876157667022056,0.4890338760569001,0.5361947462101079,0.8733148915765389,0.4222222222222222,0.28888888888888886,-0.08888888888888889,10,10,10,0.09084415435791016,0.09983132102272728,-0.02500009536743164,0.9084415435791016,0.9983132102272728,-0.2500009536743164,False,False,False,1.2483141639015893,False,False
sensibilidade_10a,A859,CACADOR,SC,Sul,0.7317017232242102,0.7317017232242102,0.4891166619192186,0.9647390916123593,0.8464009122701674,0.674739747388408,-0.09090909090909091,0.09090909090909091,0.16666666666666666,12,12,12,-0.018456459045410156,0.030558268229166664,0.10000019073486328,-0.18456459045410156,0.30558268229166663,1.0000019073486328,False,False,False,-0.6944192250569662,True,False
sensibilidade_10a,A860,CURITIBANOS,SC,Sul,0.7603323075218762,0.5021582515007487,0.26944438863166387,0.9647390916123593,0.6978043235140274,0.48087306604557295,-0.07692307692307693,0.15384615384615385,0.24358974358974358,13,13,13,-0.01680340911402847,0.021484375,0.04142859322684152,-0.1680340911402847,0.21484375,0.41428593226841515,False,False,False,-0.19944218226841515,True,False
sensibilidade_10a,A863,ITUPORANGA,SC,Sul,0.7554968749288828,0.3502013891792958,0.8744966411277522,0.9647390916123593,0.5827253056774516,0.9128891765918974,0.09090909090909091,0.23636363636363636,-0.05454545454545454,11,11,11,0.02068672180175781,0.03592608525202824,0.0,0.20686721801757812,0.3592608525202824,0.0,False,False,False,0.3592608525202824,False,False
sensibilidade_10a,A864,MAJOR VIEIRA,SC,Sul,0.7317017232242102,0.06410357671243593,0.027842469454623646,0.9647390916123593,0.3429541354115322,0.23098977301618662,-0.09090909090909091,0.42424242424242425,0.5,12,12,12,-0.01066185062767094,0.11096958625010955,0.11944442325168186,-0.10661850627670941,1.1096958625010955,1.1944442325168185,False,False,False,-0.084748370015723,True,False
sensibilidade_10a,A867,ARARANGUA,SC,Sul,1.0,0.7317017232242102,0.49186635790930683,1.0,0.8464009122701674,0.674739747388408,0.0,0.09090909090909091,0.16666666666666666,12,12,12,0.004916000366210937,0.054863823784722224,0.039999771118164065,0.04916000366210937,0.5486382378472222,0.3999977111816406,False,False,False,0.14864052666558158,True,False
sensibilidade_10a,A868,ITAJAI,SC,Sul,0.10740463633025377,0.8580276569875213,0.3179761769815497,0.4890338760569001,0.922703108519244,0.5225160114893238,0.4222222222222222,-0.06666666666666667,-0.26666666666666666,10,10,10,0.11696319580078125,-0.01533203125,-0.125,1.1696319580078125,-0.1533203125,-1.25,False,False,False,1.0966796875,True,False
sensibilidade_10a,A871,JAPIRA,PR,Sul,0.7554968749288828,0.029272509186304526,0.1010416625795911,0.9647390916123593,0.32834275201196383,0.30889879702903567,0.09090909090909091,0.5272727272727272,0.4,11,11,11,0.011940589317908654,0.20855712890625,0.19999991522894967,0.11940589317908654,2.0855712890625,1.9999991522894967,False,False,False,0.08557213677300335,True,False
sensibilidade_10a,A873,MORRETES,PR,Sul,0.7205147871362553,0.2831308706623467,0.08796147430808014,0.9647390916123593,0.5361947462101079,0.29366917979502327,0.1111111111111111,0.28888888888888886,0.4444444444444444,10,10,10,0.018546017733487217,0.1341271033653846,0.1833337148030599,0.18546017733487216,1.341271033653846,1.833337148030599,False,False,False,-0.49206611437675307,True,False
sensibilidade_10a,A874,SAO MATEUS DO SUL,PR,Sul,0.10740463633025377,0.2104977000553374,0.0318231273864902,0.4890338760569001,0.4899263139963653,0.23679272659798273,-0.4222222222222222,0.3333333333333333,0.5555555555555556,10,10,10,-0.13218727111816406,0.12207004002162389,0.24545461481267755,-1.3218727111816406,1.220700400216239,2.4545461481267754,False,False,False,-1.2338457479105365,True,False
sensibilidade_10a,A876,CLEVELANDIA,PR,Sul,0.9453298708327001,0.6312218204782533,0.16720893987809785,1.0,0.7853573812927104,0.38940767119774217,0.030303030303030304,0.12121212121212122,0.3181818181818182,12,12,12,0.010423421859741211,0.043310546874999994,0.061249923706054685,0.10423421859741211,0.43310546874999994,0.6124992370605469,False,False,False,-0.17939376831054693,True,False
sensibilidade_10a,A879,CANELA,RS,Sul,0.2463873600292466,0.9513521309544037,1.0,0.6674290512184655,0.9931188098743531,1.0,0.2564102564102564,0.02564102564102564,-0.01282051282051282,13,13,13,0.04978738512311663,0.01221284412202381,-0.008333365122477213,0.49787385123116634,0.1221284412202381,-0.08333365122477213,False,False,False,0.20546209244501024,False,False
sensibilidade_10a,A880,VACARIA,RS,Sul,0.0867681727038757,0.21291190281150457,0.5309159869887315,0.4761125374007538,0.4899263139963653,0.6844338627445093,0.41818181818181815,0.3090909090909091,0.16363636363636364,11,11,11,0.10282843453543526,0.11431206597222222,0.0666669209798177,1.0282843453543526,1.1431206597222223,0.666669209798177,False,False,False,0.4764514499240453,True,False
sensibilidade_10a,A884,CAMPO BOM,RS,Sul,0.012731364269923504,0.06170669002831274,0.24147691993853201,0.3372956564378985,0.3429541354115322,0.4643703705627494,0.6,0.45454545454545453,0.2909090909090909,11,11,11,0.12381998697916667,0.21044921875,0.11428560529436384,1.2381998697916667,2.1044921875,1.1428560529436385,False,False,False,0.9616361345563615,True,False
sensibilidade_10a,A899,Santa Vitoria do Palmar - Barra do Chui,RS,Sul,0.8580276569875213,1.0,0.8580276569875213,1.0,1.0,0.9000878362516154,0.06666666666666667,0.022222222222222223,0.06666666666666667,10,10,10,0.04193966205303486,0.022705078125,0.09999942779541016,0.41939662053034854,0.22705078125,0.9999942779541016,False,False,False,-0.7729434967041016,True,False
sensibilidade_10a,A904,SORRISO,MT,Centro-Oeste,0.5915050369949166,0.15240628395674935,0.059314406470354526,0.9446423725142699,0.447801807115027,0.29366917979502327,0.15555555555555556,0.37777777777777777,0.4888888888888889,10,10,10,0.04266558195415296,0.15083451704545456,0.07142857142857142,0.4266558195415296,1.5083451704545456,0.7142857142857142,False,False,False,0.7940594561688314,True,False
sensibilidade_10a,A906,GUARANTA DO NORTE,MT,Centro-Oeste,0.019517481182177766,0.06170669002831274,0.006275255208980124,0.3372956564378985,0.3429541354115322,0.21967370445535767,-0.5636363636363636,0.45454545454545453,0.6545454545454545,11,11,11,-0.10698318481445312,0.09535047743055555,0.15714263916015625,-1.0698318481445312,0.9535047743055556,1.5714263916015625,False,False,False,-0.6179216172960069,True,False
sensibilidade_10a,A907,RONDONOPOLIS,MT,Centro-Oeste,0.9513521309544037,0.023987534464426963,0.09824834872949123,1.0,0.32834275201196383,0.30862128524728016,0.02564102564102564,0.48717948717948717,0.358974358974359,13,13,13,0.0009271757943289621,0.08068428787530638,0.10384626702947931,0.009271757943289622,0.8068428787530637,1.0384626702947932,False,False,False,-0.23161979154172951,True,False
sensibilidade_10a,A931,SANTO ANTONIO DO LESTE,MT,Centro-Oeste,0.2831308706623467,0.15240628395674935,0.3710933695226976,0.6807865878847438,0.447801807115027,0.5785026585348614,0.28888888888888886,0.37777777777777777,0.24444444444444444,10,10,10,0.04902362823486328,0.1566162109375,0.10000101725260417,0.4902362823486328,1.566162109375,1.0000101725260417,False,False,False,0.5661519368489583,True,False
sensibilidade_10a,A934,ALTO TAQUARI,MT,Centro-Oeste,0.37269149047151834,0.08647112777407259,0.08647112777407259,0.7676285276712584,0.3950721055027532,0.29366917979502327,0.21212121212121213,0.3939393939393939,0.3939393939393939,12,12,12,0.04505608876546224,0.1788851746127137,0.1866664250691732,0.45056088765462243,1.788851746127137,1.866664250691732,False,False,False,-0.07781250456459499,True,False
sensibilidade_10a,A936,SALTO DO CEU,MT,Centro-Oeste,0.15240628395674935,0.8580276569875213,0.17796742596806472,0.574678985797618,0.922703108519244,0.4008950437596405,-0.37777777777777777,-0.06666666666666667,0.35555555555555557,10,10,10,-0.1023507799421038,-0.007672991071428571,0.10714285714285714,-1.023507799421038,-0.07672991071428571,1.0714285714285714,False,False,False,-1.1481584821428572,False,False
sensibilidade_10a,A937,PONTES E LACERDA,MT,Centro-Oeste,0.5334165134726945,0.3502013891792958,0.4821916609549382,0.9059613800250526,0.5827253056774516,0.6744380094402403,0.16363636363636364,0.23636363636363636,0.18181818181818182,11,11,11,0.027392864227294922,0.107470703125,0.09285708836146764,0.2739286422729492,1.07470703125,0.9285708836146764,False,False,False,0.14613614763532357,True,False
sensibilidade_10a,A939,CACOAL,RO,Norte,0.3710933695226976,0.4742743507673296,0.27925094536873774,0.7676285276712584,0.6766314070947236,0.48087306604557295,-0.24444444444444444,0.2,0.28888888888888886,10,10,10,-0.025696841153231533,0.04703036221590909,0.0625,-0.2569684115323153,0.4703036221590909,0.625,False,False,False,-0.15469637784090912,True,False
sensibilidade_10a,F501,BELO HORIZONTE - CERCADINHO,MG,Sudeste,0.8762696636277618,1.0,0.5309159869887315,1.0,1.0,0.6844338627445093,0.05454545454545454,0.01818181818181818,0.16363636363636364,11,11,11,0.03941631317138672,0.049397786458333336,0.05000019073486328,0.3941631317138672,0.49397786458333337,0.5000019073486328,False,False,False,-0.006024042765299442,True,False
