codigo,ano,classificacao,lag_era5_h,n_pares,bias_c,rmse_c,correlacao
A402,2005,anomalia,-24,1026,16.856603622436523,17.28770637512207,0.3072165806925986
A402,2005,anomalia,-23,1028,16.84033966064453,17.27715301513672,0.29723851528984485
A402,2005,anomalia,-22,1028,16.823877334594727,17.28864097595215,0.2438509832504801
A402,2005,anomalia,-21,1026,16.775556564331055,17.276329040527344,0.16710850308508704
A402,2005,anomalia,-20,1029,16.759803771972656,17.30613136291504,0.06735185408425685
A402,2005,anomalia,-19,1031,16.764503479003906,17.360811233520508,-0.04085268961545422
A402,2005,anomalia,-18,1030,16.778995513916016,17.423686981201172,-0.145275713502439
A402,2005,anomalia,-17,1034,16.78215980529785,17.476930618286133,-0.24806726988597547
A402,2005,anomalia,-16,1035,16.7871036529541,17.52447509765625,-0.33808508664423365
A402,2005,anomalia,-15,1034,16.789398193359375,17.565261840820312,-0.4199307012311839
A402,2005,anomalia,-14,1040,16.844690322875977,17.651901245117188,-0.48155721374306587
A402,2005,anomalia,-13,1044,16.86724281311035,17.69441032409668,-0.5238421330466339
A402,2005,anomalia,-12,1044,16.888957977294922,17.722959518432617,-0.5401368898174546
A402,2005,anomalia,-11,1047,16.914920806884766,17.74810791015625,-0.5294857537060746
A402,2005,anomalia,-10,1050,16.939565658569336,17.75806427001953,-0.49523512384403734
A402,2005,anomalia,-9,1056,16.9520320892334,17.743690490722656,-0.4398741144986613
A402,2005,anomalia,-8,1057,16.939083099365234,17.69871711730957,-0.3695730336264872
A402,2005,anomalia,-7,1060,16.949216842651367,17.661643981933594,-0.27449513650651636
A402,2005,anomalia,-6,1062,16.901546478271484,17.57717514038086,-0.18275989129667888
A402,2005,anomalia,-5,1067,16.869943618774414,17.5025691986084,-0.0795397539980622
A402,2005,anomalia,-4,1077,16.845279693603516,17.433948516845703,0.018882646563200357
A402,2005,anomalia,-3,1077,16.79949378967285,17.34765625,0.10856120720948104
A402,2005,anomalia,-2,1079,16.789981842041016,17.299537658691406,0.18565502035919887
A402,2005,anomalia,-1,1083,16.73638343811035,17.219968795776367,0.23631529378454968
A402,2005,anomalia,0,1153,16.729705810546875,17.197359085083008,0.28173249836937503
A402,2005,anomalia,1,1083,16.674022674560547,17.15985679626465,0.246922966888483
A402,2005,anomalia,2,1079,16.65399932861328,17.16933822631836,0.20375632593678217
A402,2005,anomalia,3,1077,16.604904174804688,17.15509796142578,0.13673986809152586
A402,2005,anomalia,4,1077,16.612667083740234,17.209054946899414,0.049442931791865215
A402,2005,anomalia,5,1067,16.596315383911133,17.24034309387207,-0.04384220197656084
A402,2005,anomalia,6,1062,16.603717803955078,17.296268463134766,-0.139861244671661
A402,2005,anomalia,7,1060,16.59673500061035,17.3332576751709,-0.23280145558140788
A402,2005,anomalia,8,1057,16.616363525390625,17.393463134765625,-0.31612028530059716
A402,2005,anomalia,9,1056,16.645004272460938,17.45329475402832,-0.38820989651182697
A402,2005,anomalia,10,1050,16.662832260131836,17.501697540283203,-0.44730420029755885
A402,2005,anomalia,11,1047,16.688026428222656,17.545454025268555,-0.4899477179793707
A402,2005,anomalia,12,1044,16.744272232055664,17.60701560974121,-0.5047296990408281
A402,2005,anomalia,13,1044,16.776872634887695,17.634052276611328,-0.5026174753984859
A402,2005,anomalia,14,1040,16.836034774780273,17.67132568359375,-0.4709002800280242
A402,2005,anomalia,15,1034,16.859424591064453,17.66722297668457,-0.41708266394256965
A402,2005,anomalia,16,1035,16.87152099609375,17.643768310546875,-0.34968567789172583
A402,2005,anomalia,17,1034,16.86224937438965,17.59282684326172,-0.2684063497750362
A402,2005,anomalia,18,1030,16.850576400756836,17.54172706604004,-0.18173923395225883
A402,2005,anomalia,19,1031,16.818239212036133,17.469758987426758,-0.08815184718851488
A402,2005,anomalia,20,1029,16.799306869506836,17.408775329589844,-0.004379074035042736
A402,2005,anomalia,21,1026,16.77250099182129,17.3399600982666,0.07362094061386347
A402,2005,anomalia,22,1028,16.772268295288086,17.3056640625,0.13910460556620166
A402,2005,anomalia,23,1028,16.726634979248047,17.233278274536133,0.18476748533373893
A402,2005,anomalia,24,1026,16.68263053894043,17.182851791381836,0.20416653862767595
A355,2015,anomalia,-24,8732,-5.716709613800049,6.28499698638916,0.6648157602475941
A355,2015,anomalia,-23,8733,-5.716434478759766,6.284392833709717,0.6653246982137653
A355,2015,anomalia,-22,8734,-5.716436862945557,6.313782691955566,0.6252394924687829
A355,2015,anomalia,-21,8735,-5.716300010681152,6.366109848022461,0.5530839013785233
A355,2015,anomalia,-20,8736,-5.716625690460205,6.434541702270508,0.4584166130877462
A355,2015,anomalia,-19,8737,-5.716682434082031,6.511202812194824,0.35068712156100273
A355,2015,anomalia,-18,8738,-5.717005252838135,6.590010166168213,0.23904258298360445
A355,2015,anomalia,-17,8739,-5.717807292938232,6.665339946746826,0.13135112814230093
A355,2015,anomalia,-16,8740,-5.718101978302002,6.733037948608398,0.03310380268980133
A355,2015,anomalia,-15,8741,-5.718404769897461,6.792699337005615,-0.05425961778807309
A355,2015,anomalia,-14,8742,-5.718680381774902,6.839992046356201,-0.12382833350222926
A355,2015,anomalia,-13,8743,-5.718851089477539,6.871216297149658,-0.17013179787519014
A355,2015,anomalia,-12,8744,-5.718779563903809,6.888470649719238,-0.19596181999565918
A355,2015,anomalia,-11,8745,-5.7186689376831055,6.892609119415283,-0.20240565918706507
A355,2015,anomalia,-10,8746,-5.718400001525879,6.882956504821777,-0.18843075370050894
A355,2015,anomalia,-9,8747,-5.717649936676025,6.8574652671813965,-0.15128099749507873
A355,2015,anomalia,-8,8748,-5.716846466064453,6.815727710723877,-0.09026110978689864
A355,2015,anomalia,-7,8749,-5.71591854095459,6.758144855499268,-0.006382967840660945
A355,2015,anomalia,-6,8750,-5.7150983810424805,6.686657905578613,0.09693340327397193
A355,2015,anomalia,-5,8751,-5.714465618133545,6.605170249938965,0.21362686281158846
A355,2015,anomalia,-4,8752,-5.713751316070557,6.519234657287598,0.33510423950711393
A355,2015,anomalia,-3,8753,-5.713192939758301,6.4347710609436035,0.4531207703320748
A355,2015,anomalia,-2,8754,-5.712612628936768,6.3576741218566895,0.5594059135868426
A355,2015,anomalia,-1,8755,-5.712170124053955,6.297275543212891,0.641714722588756
A355,2015,anomalia,0,8758,-5.712087154388428,6.264287948608398,0.6864341379052631
A355,2015,anomalia,1,8755,-5.71208381652832,6.264674186706543,0.6859795324027705
A355,2015,anomalia,2,8754,-5.712433338165283,6.296311855316162,0.6433666260386189
A355,2015,anomalia,3,8753,-5.712681293487549,6.351540565490723,0.5680310551228253
A355,2015,anomalia,4,8752,-5.713120460510254,6.423079967498779,0.4695781329651126
A355,2015,anomalia,5,8751,-5.713315010070801,6.502460479736328,0.3585745088560521
A355,2015,anomalia,6,8750,-5.713105201721191,6.583404541015625,0.24357570246356258
A355,2015,anomalia,7,8749,-5.713109016418457,6.660790920257568,0.13239729397574926
A355,2015,anomalia,8,8748,-5.712978363037109,6.730606555938721,0.030678268452218688
A355,2015,anomalia,9,8747,-5.7125983238220215,6.7919206619262695,-0.05954373253744732
A355,2015,anomalia,10,8746,-5.712213039398193,6.840348243713379,-0.13146513375508817
A355,2015,anomalia,11,8745,-5.711999416351318,6.872677803039551,-0.17965013229350169
A355,2015,anomalia,12,8744,-5.71182107925415,6.891411304473877,-0.20739762436020243
A355,2015,anomalia,13,8743,-5.711820602416992,6.89736270904541,-0.21608652653765703
A355,2015,anomalia,14,8742,-5.711937427520752,6.889518737792969,-0.20406873622758337
A355,2015,anomalia,15,8741,-5.71241569519043,6.8661346435546875,-0.16869506352191363
A355,2015,anomalia,16,8740,-5.712865829467773,6.826144218444824,-0.10886447863455391
A355,2015,anomalia,17,8739,-5.713277816772461,6.7701215744018555,-0.02594987017916825
A355,2015,anomalia,18,8738,-5.713728904724121,6.700626373291016,0.07588961977808735
A355,2015,anomalia,19,8737,-5.714147567749023,6.621138572692871,0.1910206797714885
A355,2015,anomalia,20,8736,-5.714625835418701,6.537159442901611,0.31128574932808734
A355,2015,anomalia,21,8735,-5.715202331542969,6.455108642578125,0.42743293938179466
A355,2015,anomalia,22,8734,-5.715744972229004,6.380943775177002,0.5312547130524333
A355,2015,anomalia,23,8733,-5.716053485870361,6.323007583618164,0.6113676576587608
A355,2015,anomalia,24,8732,-5.716419219970703,6.291867733001709,0.6543608417074708
A316,2014,anomalia,-24,7241,-1.119354009628296,6.904514312744141,-0.33263929754677873
A316,2014,anomalia,-23,7224,-1.0949134826660156,6.838742256164551,-0.305994591985325
A316,2014,anomalia,-22,7191,-1.084774374961853,6.718350410461426,-0.25646519986080896
A316,2014,anomalia,-21,7156,-1.0892415046691895,6.5327043533325195,-0.18355609186878147
A316,2014,anomalia,-20,7114,-1.1069190502166748,6.284824848175049,-0.09034500591400828
A316,2014,anomalia,-19,7081,-1.1282414197921753,5.975739002227783,0.019262682622583786
A316,2014,anomalia,-18,7057,-1.1478221416473389,5.621272087097168,0.13745165016144517
A316,2014,anomalia,-17,7038,-1.1646040678024292,5.24308967590332,0.255876078889089
A316,2014,anomalia,-16,7030,-1.1741255521774292,4.867062091827393,0.3648442185114761
A316,2014,anomalia,-15,7025,-1.1810041666030884,4.530332565307617,0.4554319436230698
A316,2014,anomalia,-14,7024,-1.1802308559417725,4.276743412017822,0.5191761232959207
A316,2014,anomalia,-13,7024,-1.179831862449646,4.142492771148682,0.5511845284170966
A316,2014,anomalia,-12,7025,-1.176190733909607,4.164486408233643,0.545685691296228
A316,2014,anomalia,-11,7027,-1.1714850664138794,4.343296051025391,0.5019654425212513
A316,2014,anomalia,-10,7030,-1.1692968606948853,4.641897678375244,0.42528678303852985
A316,2014,anomalia,-9,7034,-1.1671051979064941,5.006359100341797,0.32493985623467564
A316,2014,anomalia,-8,7042,-1.1687136888504028,5.391678810119629,0.210928779953951
A316,2014,anomalia,-7,7054,-1.1740314960479736,5.765257358551025,0.09275350529098897
A316,2014,anomalia,-6,7073,-1.1808973550796509,6.101288795471191,-0.02051023228040352
A316,2014,anomalia,-5,7100,-1.1878336668014526,6.385866641998291,-0.12161722433816527
A316,2014,anomalia,-4,7141,-1.1921274662017822,6.606330394744873,-0.20458815686735202
A316,2014,anomalia,-3,7184,-1.1871607303619385,6.760624885559082,-0.26528910277889894
A316,2014,anomalia,-2,7234,-1.175240397453308,6.845689296722412,-0.3026374347446353
A316,2014,anomalia,-1,7275,-1.152848482131958,6.871878623962402,-0.3169311100685851
A316,2014,anomalia,0,7377,-1.1127909421920776,6.809920787811279,-0.30190411789246546
A316,2014,anomalia,1,7275,-1.1010332107543945,6.784036159515381,-0.2846309236816024
A316,2014,anomalia,2,7234,-1.091646432876587,6.668791770935059,-0.23724306973306522
A316,2014,anomalia,3,7184,-1.0975571870803833,6.489798545837402,-0.1664598285135338
A316,2014,anomalia,4,7141,-1.1116044521331787,6.241913318634033,-0.07440575283171715
A316,2014,anomalia,5,7100,-1.13239586353302,5.932783126831055,0.034589514704756026
A316,2014,anomalia,6,7073,-1.1506203413009644,5.5731611251831055,0.153297518807216
A316,2014,anomalia,7,7054,-1.1636178493499756,5.18754243850708,0.2723311448016245
A316,2014,anomalia,8,7042,-1.1715412139892578,4.8032307624816895,0.3822579284665455
A316,2014,anomalia,9,7034,-1.174972653388977,4.4574809074401855,0.4738198264546311
A316,2014,anomalia,10,7030,-1.1733827590942383,4.190563678741455,0.5395680497545305
A316,2014,anomalia,11,7027,-1.170593500137329,4.051478862762451,0.5721145125229401
A316,2014,anomalia,12,7025,-1.1662918329238892,4.075923919677734,0.5663213163839541
A316,2014,anomalia,13,7024,-1.161675214767456,4.264773368835449,0.5213301924140915
A316,2014,anomalia,14,7024,-1.1588563919067383,4.5780558586120605,0.4423671212865345
A316,2014,anomalia,15,7025,-1.1569595336914062,4.959803581237793,0.33862616550335617
A316,2014,anomalia,16,7030,-1.1594290733337402,5.3616414070129395,0.22066281729191042
A316,2014,anomalia,17,7038,-1.1651051044464111,5.747255325317383,0.09891238162957208
A316,2014,anomalia,18,7057,-1.1753779649734497,6.0935163497924805,-0.01763708780008079
A316,2014,anomalia,19,7081,-1.1839799880981445,6.387304782867432,-0.1222693503881882
A316,2014,anomalia,20,7114,-1.1899033784866333,6.616891860961914,-0.20879498616145484
A316,2014,anomalia,21,7156,-1.188633918762207,6.7777252197265625,-0.2735553305026526
A316,2014,anomalia,22,7191,-1.1780847311019897,6.873986721038818,-0.31448046558733433
A316,2014,anomalia,23,7224,-1.1561359167099,6.906493186950684,-0.3311533819570231
A316,2014,anomalia,24,7241,-1.1253753900527954,6.886039733886719,-0.32619739423907923
A316,2015,anomalia,-24,8029,-1.1604821681976318,7.660447120666504,-0.5751744472324809
A316,2015,anomalia,-23,8030,-1.162166714668274,7.549835681915283,-0.5288273295838244
A316,2015,anomalia,-22,8031,-1.1638309955596924,7.343276023864746,-0.4440014664697676
A316,2015,anomalia,-21,8032,-1.1653050184249878,7.04177713394165,-0.3245907241654523
A316,2015,anomalia,-20,8033,-1.1664983034133911,6.649781227111816,-0.17706630044291738
A316,2015,anomalia,-19,8034,-1.1674747467041016,6.176292419433594,-0.010234936934149504
A316,2015,anomalia,-18,8035,-1.1680034399032593,5.6353325843811035,0.1652174339514951
A316,2015,anomalia,-17,8036,-1.168008804321289,5.047938346862793,0.33752523996290235
A316,2015,anomalia,-16,8037,-1.167149543762207,4.445152759552002,0.4946201397247664
A316,2015,anomalia,-15,8038,-1.1657006740570068,3.875131130218506,0.6247635012078354
A316,2015,anomalia,-14,8039,-1.1656484603881836,3.415327548980713,0.7168529469893895
A316,2015,anomalia,-13,8041,-1.16472589969635,3.161557912826538,0.7626549115004475
A316,2015,anomalia,-12,8043,-1.1635984182357788,3.1952459812164307,0.7567087183320985
A316,2015,anomalia,-11,8045,-1.16242253780365,3.517566442489624,0.6972044895602688
A316,2015,anomalia,-10,8047,-1.161315679550171,4.030019760131836,0.5909570592439456
A316,2015,anomalia,-9,8049,-1.1600751876831055,4.625030517578125,0.44950782364093556
A316,2015,anomalia,-8,8051,-1.1590864658355713,5.232266902923584,0.28520961274306517
A316,2015,anomalia,-7,8053,-1.1585612297058105,5.807600975036621,0.11106569742982884
A316,2015,anomalia,-6,8055,-1.15824294090271,6.325363636016846,-0.06109916650330687
A316,2015,anomalia,-5,8057,-1.1582214832305908,6.7701897621154785,-0.2206333805055834
A316,2015,anomalia,-4,8059,-1.1583303213119507,7.131397247314453,-0.35815793697159726
A316,2015,anomalia,-3,8061,-1.158432126045227,7.402501583099365,-0.46614165768564164
A316,2015,anomalia,-2,8063,-1.1586887836456299,7.579084873199463,-0.5387398848679292
A316,2015,anomalia,-1,8067,-1.159366250038147,7.658724784851074,-0.571555236643297
A316,2015,anomalia,0,8072,-1.160019040107727,7.6403374671936035,-0.5634791548718733
A316,2015,anomalia,1,8067,-1.1588425636291504,7.527420997619629,-0.5171363658315166
A316,2015,anomalia,2,8063,-1.1576451063156128,7.317086696624756,-0.4321766504644095
A316,2015,anomalia,3,8061,-1.1562107801437378,7.009593963623047,-0.31148281502564823
A316,2015,anomalia,4,8059,-1.1544228792190552,6.610121250152588,-0.1624897394370656
A316,2015,anomalia,5,8057,-1.1525464057922363,6.1268744468688965,0.006121981510156253
A316,2015,anomalia,6,8055,-1.1506954431533813,5.573626518249512,0.18357182210960807
A316,2015,anomalia,7,8053,-1.1489903926849365,4.971066474914551,0.357810097626771
A316,2015,anomalia,8,8051,-1.1474220752716064,4.349325180053711,0.516776433429916
A316,2015,anomalia,9,8049,-1.146045207977295,3.7560501098632812,0.6487269458207044
A316,2015,anomalia,10,8047,-1.1447224617004395,3.269484758377075,0.7425161180667542
A316,2015,anomalia,11,8045,-1.1434683799743652,2.996819019317627,0.789352722236688
A316,2015,anomalia,12,8043,-1.1427463293075562,3.0351860523223877,0.7829436932001306
A316,2015,anomalia,13,8041,-1.1428579092025757,3.3825433254241943,0.7217604096121014
A316,2015,anomalia,14,8039,-1.1437908411026,3.9274885654449463,0.6124869669280832
A316,2015,anomalia,15,8038,-1.1459630727767944,4.553221702575684,0.46698885361988257
A316,2015,anomalia,16,8037,-1.148535966873169,5.184837341308594,0.29847334869173153
A316,2015,anomalia,17,8036,-1.1516236066818237,5.777411937713623,0.12058939469292186
A316,2015,anomalia,18,8035,-1.1547436714172363,6.307027816772461,-0.05476722198705281
A316,2015,anomalia,19,8034,-1.1576125621795654,6.759607315063477,-0.21696453102744553
A316,2015,anomalia,20,8033,-1.160182237625122,7.12660551071167,-0.35695786884813285
A316,2015,anomalia,21,8032,-1.1626049280166626,7.401576519012451,-0.4667718447098463
A316,2015,anomalia,22,8031,-1.163803219795227,7.580942153930664,-0.5407700127326078
A316,2015,anomalia,23,8030,-1.1639305353164673,7.663573265075684,-0.5756907533584754
A316,2015,anomalia,24,8029,-1.1638710498809814,7.648323059082031,-0.5695099786210281
A402,2006,controle,-24,6619,-0.9899184703826904,2.723450183868408,0.7604940696568934
A402,2006,controle,-23,6621,-0.9820189476013184,2.804643154144287,0.7422920828672095
A402,2006,controle,-22,6624,-0.9756968021392822,3.0654187202453613,0.682268335593382
A402,2006,controle,-21,6629,-0.9704068899154663,3.433964967727661,0.5887213941517201
A402,2006,controle,-20,6636,-0.9693772792816162,3.8479604721069336,0.47168752765894584
A402,2006,controle,-19,6642,-0.9697393774986267,4.261201858520508,0.3418938009489055
A402,2006,controle,-18,6648,-0.9706528782844543,4.648143291473389,0.20811254526121056
A402,2006,controle,-17,6653,-0.9737605452537537,4.993819236755371,0.07897475115894835
A402,2006,controle,-16,6660,-0.9769541025161743,5.28725004196167,-0.038924436155505
A402,2006,controle,-15,6666,-0.9799846410751343,5.527011871337891,-0.1400458336539651
A402,2006,controle,-14,6670,-0.9841466546058655,5.707949161529541,-0.2185969072968741
A402,2006,controle,-13,6672,-0.9864035248756409,5.822922706604004,-0.2701483165097824
A402,2006,controle,-12,6678,-0.9879009127616882,5.868988513946533,-0.2912080420288232
A402,2006,controle,-11,6685,-0.9910441637039185,5.844247817993164,-0.28041179789550613
A402,2006,controle,-10,6693,-0.9913510084152222,5.7466230392456055,-0.23748251175846263
A402,2006,controle,-9,6696,-0.9927675127983093,5.580768585205078,-0.16486993654760776
A402,2006,controle,-8,6699,-0.994102418422699,5.35219669342041,-0.06668165967028952
A402,2006,controle,-7,6703,-0.9966524243354797,5.059976577758789,0.05217194596078694
A402,2006,controle,-6,6710,-0.9967211484909058,4.713131904602051,0.18467387230559454
A402,2006,controle,-5,6717,-0.9960393309593201,4.319519519805908,0.3231601637981181
A402,2006,controle,-4,6726,-0.9935669898986816,3.895947217941284,0.45847160848567764
A402,2006,controle,-3,6739,-0.9929059743881226,3.460158348083496,0.582921956442426
A402,2006,controle,-2,6755,-0.9916085004806519,3.043400526046753,0.6879950929659917
A402,2006,controle,-1,6770,-0.9896937608718872,2.7162911891937256,0.7609394046709521
A402,2006,controle,0,6816,-0.9857847094535828,2.5703141689300537,0.7901026389791064
A402,2006,controle,1,6770,-0.9839131832122803,2.664395570755005,0.7711760674953705
A402,2006,controle,2,6755,-0.980435848236084,2.948291301727295,0.7090996445727155
A402,2006,controle,3,6739,-0.976230800151825,3.3423075675964355,0.6128386348003046
A402,2006,controle,4,6726,-0.9728047847747803,3.772738218307495,0.4938803767009162
A402,2006,controle,5,6717,-0.9702011942863464,4.199337005615234,0.3615346471072791
A402,2006,controle,6,6710,-0.9673213362693787,4.59800386428833,0.2246466184010364
A402,2006,controle,7,6703,-0.9671485424041748,4.953679084777832,0.09242631234589521
A402,2006,controle,8,6699,-0.9682706594467163,5.256173133850098,-0.02783603153335858
A402,2006,controle,9,6696,-0.968485414981842,5.499708652496338,-0.13051188129126404
A402,2006,controle,10,6693,-0.9684308767318726,5.681255340576172,-0.21062846256641118
A402,2006,controle,11,6685,-0.9682702422142029,5.798710823059082,-0.26336991877945065
A402,2006,controle,12,6678,-0.9712148308753967,5.847588539123535,-0.28490340804604414
A402,2006,controle,13,6672,-0.9735221862792969,5.825463771820068,-0.2741270369426941
A402,2006,controle,14,6670,-0.9763720035552979,5.732481956481934,-0.23134953567672217
A402,2006,controle,15,6666,-0.9783105254173279,5.571436405181885,-0.1595423947417249
A402,2006,controle,16,6660,-0.9799497723579407,5.347830295562744,-0.06357435668509544
A402,2006,controle,17,6653,-0.9834650754928589,5.0662431716918945,0.051595968464237904
A402,2006,controle,18,6648,-0.9861263036727905,4.731036186218262,0.1796130365057604
A402,2006,controle,19,6642,-0.9865445494651794,4.351556777954102,0.3133231797761668
A402,2006,controle,20,6636,-0.9854884147644043,3.9446287155151367,0.44403260321826615
A402,2006,controle,21,6629,-0.9843747615814209,3.5317955017089844,0.563498219095779
A402,2006,controle,22,6624,-0.9817986488342285,3.1450328826904297,0.6634814716420396
A402,2006,controle,23,6621,-0.9768754839897156,2.8482728004455566,0.7319576610839721
A402,2006,controle,24,6619,-0.9711174368858337,2.7281341552734375,0.7574179016497602
A355,2014,controle,-24,8736,-0.7291967272758484,2.2406060695648193,0.7683668575200351
A355,2014,controle,-23,8737,-0.729019284248352,2.2281930446624756,0.7755485887274773
A355,2014,controle,-22,8738,-0.728970468044281,2.2823190689086914,0.7434205014945345
A355,2014,controle,-21,8739,-0.729094922542572,2.3840181827545166,0.6810926077421765
A355,2014,controle,-20,8740,-0.7293938994407654,2.514148235321045,0.5974767414015002
A355,2014,controle,-19,8741,-0.7298134565353394,2.6567962169647217,0.5007868774423336
A355,2014,controle,-18,8742,-0.7303556799888611,2.7996327877044678,0.3987310099579351
A355,2014,controle,-17,8743,-0.7309287190437317,2.9346349239349365,0.2973883277208345
A355,2014,controle,-16,8744,-0.7315541505813599,3.057447910308838,0.201124988215362
A355,2014,controle,-15,8745,-0.732186496257782,3.165275812149048,0.11339776210297323
A355,2014,controle,-14,8746,-0.7327765226364136,3.2525219917297363,0.040180400278150834
A355,2014,controle,-13,8747,-0.7332748174667358,3.312847137451172,-0.01158448416840251
A355,2014,controle,-12,8748,-0.7336030602455139,3.3513314723968506,-0.04513412505157897
A355,2014,controle,-11,8749,-0.7336965799331665,3.3685312271118164,-0.060338513113821365
A355,2014,controle,-10,8750,-0.7334708571434021,3.3612112998962402,-0.05401558646593162
A355,2014,controle,-9,8751,-0.7329609394073486,3.3270273208618164,-0.024105685714304714
A355,2014,controle,-8,8752,-0.7323834896087646,3.263184070587158,0.031044319844449064
A355,2014,controle,-7,8753,-0.7317864894866943,3.1703951358795166,0.10930879585760724
A355,2014,controle,-6,8754,-0.7312431931495667,3.049764394760132,0.20765073606384313
A355,2014,controle,-5,8755,-0.7307291030883789,2.905113697052002,0.32053413137964826
A355,2014,controle,-4,8756,-0.7302379012107849,2.743758201599121,0.4399540551668961
A355,2014,controle,-3,8757,-0.7298758029937744,2.576690435409546,0.5564092728499862
A355,2014,controle,-2,8758,-0.7295800447463989,2.4143972396850586,0.6625375782102407
A355,2014,controle,-1,8759,-0.7293357849121094,2.2775962352752686,0.7466318113296251
A355,2014,controle,0,8760,-0.7291395664215088,2.1937336921691895,0.7957306281281916
A355,2014,controle,1,8759,-0.7288201451301575,2.1836702823638916,0.801398084952371
A355,2014,controle,2,8758,-0.7284148335456848,2.2433717250823975,0.7665444480606092
A355,2014,controle,3,8757,-0.7278153896331787,2.352043628692627,0.7006425876479035
A355,2014,controle,4,8756,-0.7270500659942627,2.48897385597229,0.6130713945407236
A355,2014,controle,5,8755,-0.7261009812355042,2.637768268585205,0.5120790718561159
A355,2014,controle,6,8754,-0.7249838709831238,2.785083293914795,0.40606118127947305
A355,2014,controle,7,8753,-0.7238277196884155,2.923245429992676,0.30123054002241645
A355,2014,controle,8,8752,-0.7226336002349854,3.047616720199585,0.2022186072510387
A355,2014,controle,9,8751,-0.7214462161064148,3.155954122543335,0.11238029286357393
A355,2014,controle,10,8750,-0.7203080654144287,3.2432870864868164,0.03741619074230309
A355,2014,controle,11,8749,-0.7192961573600769,3.303706169128418,-0.015869477679735202
A355,2014,controle,12,8748,-0.71852707862854,3.342562675476074,-0.05067270727173463
A355,2014,controle,13,8747,-0.7179695963859558,3.3611490726470947,-0.06755170420407738
A355,2014,controle,14,8746,-0.7177370190620422,3.3560781478881836,-0.06312188318669136
A355,2014,controle,15,8745,-0.7178318500518799,3.3247900009155273,-0.035452517426890456
A355,2014,controle,16,8744,-0.7180744409561157,3.264188528060913,0.01728974856694523
A355,2014,controle,17,8743,-0.7182999849319458,3.1744205951690674,0.09355960561321665
A355,2014,controle,18,8742,-0.718521773815155,3.0576252937316895,0.18957815873294118
A355,2014,controle,19,8741,-0.7186661958694458,2.9177441596984863,0.29980798316453033
A355,2014,controle,20,8740,-0.7188178300857544,2.762359857559204,0.4161942497408915
A355,2014,controle,21,8739,-0.7189027667045593,2.6020076274871826,0.5296177613929531
A355,2014,controle,22,8738,-0.7189668416976929,2.4474825859069824,0.6324995132607145
A355,2014,controle,23,8737,-0.7189268469810486,2.3169519901275635,0.7144721952567324
A355,2014,controle,24,8736,-0.7188491821289062,2.236792802810669,0.7625879383108226
A355,2017,controle,-24,7849,-0.7702078223228455,2.1344172954559326,0.8440965390973497
A355,2017,controle,-23,7845,-0.7684390544891357,2.1237869262695312,0.8480862856761048
A355,2017,controle,-22,7835,-0.7645671367645264,2.180969715118408,0.8216465770392694
A355,2017,controle,-21,7829,-0.7615649104118347,2.2885358333587646,0.7712891101428156
A355,2017,controle,-20,7823,-0.7591210603713989,2.4259064197540283,0.7038812072480695
A355,2017,controle,-19,7815,-0.7569830417633057,2.5749847888946533,0.6262039049600907
A355,2017,controle,-18,7808,-0.75435870885849,2.7232251167297363,0.5439129765881477
A355,2017,controle,-17,7801,-0.7521485090255737,2.8610808849334717,0.4632526695573221
A355,2017,controle,-16,7793,-0.7500962615013123,2.9850881099700928,0.3873460755125374
A355,2017,controle,-15,7790,-0.7492435574531555,3.0918266773223877,0.3194956035190566
A355,2017,controle,-14,7789,-0.7483010292053223,3.1770858764648438,0.26327243019217555
A355,2017,controle,-13,7790,-0.7461786270141602,3.2317276000976562,0.22577433272967978
A355,2017,controle,-12,7793,-0.743872880935669,3.262208938598633,0.20361899000284314
A355,2017,controle,-11,7796,-0.742056667804718,3.270305633544922,0.1964925886923657
A355,2017,controle,-10,7800,-0.7403954267501831,3.255077838897705,0.205280987666446
A355,2017,controle,-9,7808,-0.7403529286384583,3.214215040206909,0.23231864845376168
A355,2017,controle,-8,7818,-0.7415269613265991,3.145749092102051,0.2778812196793768
A355,2017,controle,-7,7828,-0.7430012226104736,3.0491762161254883,0.3407603316754836
A355,2017,controle,-6,7840,-0.7463593482971191,2.9269604682922363,0.41869459034695455
A355,2017,controle,-5,7852,-0.7498034238815308,2.781700372695923,0.5068929422083
A355,2017,controle,-4,7867,-0.7540233135223389,2.6212351322174072,0.5990217327542261
A355,2017,controle,-3,7883,-0.7580353021621704,2.4547247886657715,0.6879921582691538
A355,2017,controle,-2,7903,-0.762953519821167,2.2926454544067383,0.7688979106880912
A355,2017,controle,-1,7925,-0.7673483490943909,2.156273365020752,0.8321167217492832
A355,2017,controle,0,7954,-0.7702254056930542,2.0735349655151367,0.8678946620605512
A355,2017,controle,1,7925,-0.765001118183136,2.065898895263672,0.8697715186860103
A355,2017,controle,2,7903,-0.7606277465820312,2.1297454833984375,0.8411061564163879
A355,2017,controle,3,7883,-0.7563804984092712,2.246009349822998,0.7877012459019332
A355,2017,controle,4,7867,-0.7523654699325562,2.3918559551239014,0.7167853578205723
A355,2017,controle,5,7852,-0.748567521572113,2.549018144607544,0.6352683983541725
A355,2017,controle,6,7840,-0.7461608648300171,2.704678773880005,0.5498291985445368
A355,2017,controle,7,7828,-0.7439290285110474,2.848430871963501,0.46619498488259425
A355,2017,controle,8,7818,-0.7420007586479187,2.976470470428467,0.3881893909997024
A355,2017,controle,9,7808,-0.7408124804496765,3.0868935585021973,0.31831832302870733
A355,2017,controle,10,7800,-0.7391865849494934,3.1756513118743896,0.25987518821342054
A355,2017,controle,11,7796,-0.7371025085449219,3.2335972785949707,0.2204047627031109
A355,2017,controle,12,7793,-0.734868049621582,3.2677624225616455,0.19646758611624035
A355,2017,controle,13,7790,-0.7329576015472412,3.2793362140655518,0.18770707645852133
A355,2017,controle,14,7789,-0.7317208647727966,3.2678000926971436,0.1947362496811651
A355,2017,controle,15,7790,-0.731431245803833,3.2299346923828125,0.21938199938663133
A355,2017,controle,16,7793,-0.7327705025672913,3.165357828140259,0.2623099050978389
A355,2017,controle,17,7801,-0.7364856004714966,3.073395013809204,0.3233339286466328
A355,2017,controle,18,7808,-0.7403521537780762,2.955045461654663,0.399420552851753
A355,2017,controle,19,7815,-0.7444474697113037,2.8138272762298584,0.48621636428180875
A355,2017,controle,20,7823,-0.7493701577186584,2.659370183944702,0.5766046112095272
A355,2017,controle,21,7829,-0.7524664402008057,2.499704360961914,0.6631519612990462
A355,2017,controle,22,7835,-0.755361020565033,2.34623384475708,0.7409310052586708
A355,2017,controle,23,7845,-0.7582557201385498,2.2175519466400146,0.802004415380274
A355,2017,controle,24,7849,-0.7580100297927856,2.1390209197998047,0.8364752645128304
A316,2013,controle,-24,8708,-0.8652830123901367,1.7879371643066406,0.9321945538568429
A316,2013,controle,-23,8709,-0.8632588386535645,2.204620122909546,0.8859882013797107
A316,2013,controle,-22,8710,-0.8620365262031555,2.942525625228882,0.7806446417075786
A316,2013,controle,-21,8711,-0.8618744015693665,3.768057346343994,0.6270631635802342
A316,2013,controle,-20,8712,-0.8623416423797607,4.580568313598633,0.43904597151854
A316,2013,controle,-19,8713,-0.8634007573127747,5.3344902992248535,0.231911351614709
A316,2013,controle,-18,8714,-0.8648656606674194,6.007363319396973,0.020427237969074554
A316,2013,controle,-17,8715,-0.866966724395752,6.587686538696289,-0.18215911892834322
A316,2013,controle,-16,8716,-0.8692740797996521,7.06892204284668,-0.3644634308672909
A316,2013,controle,-15,8717,-0.8715946078300476,7.445417881011963,-0.5160896154723776
A316,2013,controle,-14,8718,-0.8739135265350342,7.711641311645508,-0.628115353189656
A316,2013,controle,-13,8719,-0.8761115074157715,7.865548610687256,-0.6947813766705303
A316,2013,controle,-12,8720,-0.8780310153961182,7.903421878814697,-0.7115412605778253
A316,2013,controle,-11,8722,-0.8786498308181763,7.823520660400391,-0.6766982358848328
A316,2013,controle,-10,8724,-0.8786437511444092,7.624107360839844,-0.5912244437074613
A316,2013,controle,-9,8726,-0.8782053589820862,7.304145812988281,-0.4586084958883856
A316,2013,controle,-8,8728,-0.8775666356086731,6.866402626037598,-0.28634928968016965
A316,2013,controle,-7,8730,-0.8767729997634888,6.317135334014893,-0.08531574010918078
A316,2013,controle,-6,8732,-0.8757917881011963,5.665478229522705,0.1313337256768893
A316,2013,controle,-5,8734,-0.8746173977851868,4.924524307250977,0.3489290841853895
A316,2013,controle,-4,8736,-0.8734130859375,4.112295627593994,0.5523741524953857
A316,2013,controle,-3,8738,-0.8719987273216248,3.254714012145996,0.7274416243245689
A316,2013,controle,-2,8740,-0.8705281615257263,2.4057531356811523,0.8605834611055061
A316,2013,controle,-1,8743,-0.8690667152404785,1.7081451416015625,0.9400714227898527
A316,2013,controle,0,8746,-0.867932915687561,1.5112298727035522,0.9575921052024724
A316,2013,controle,1,8743,-0.8669331073760986,2.004190444946289,0.9094999299927227
A316,2013,controle,2,8740,-0.8656927943229675,2.8188600540161133,0.8005269556656303
A316,2013,controle,3,8738,-0.8642536401748657,3.6918890476226807,0.6429223850161785
A316,2013,controle,4,8736,-0.8630942106246948,4.5328145027160645,0.45120540727898417
A316,2013,controle,5,8734,-0.861948549747467,5.3040618896484375,0.24085841700419705
A316,2013,controle,6,8732,-0.8610726594924927,5.9877471923828125,0.026777170536855528
A316,2013,controle,7,8730,-0.8605157136917114,6.574985027313232,-0.1779280466317106
A316,2013,controle,8,8728,-0.8602468967437744,7.060628890991211,-0.3616984611473427
A316,2013,controle,9,8726,-0.8600316643714905,7.4393439292907715,-0.5140997638770696
A316,2013,controle,10,8724,-0.859987735748291,7.706823825836182,-0.6265077082568645
A316,2013,controle,11,8722,-0.8603357672691345,7.861652851104736,-0.6933161558404308
A316,2013,controle,12,8720,-0.8611665368080139,7.900893211364746,-0.7103620207009333
A316,2013,controle,13,8719,-0.863408625125885,7.822783946990967,-0.6759988871305599
A316,2013,controle,14,8718,-0.865983784198761,7.625874042510986,-0.5914365565405145
A316,2013,controle,15,8717,-0.8688624501228333,7.309265613555908,-0.460155728640665
A316,2013,controle,16,8716,-0.8715086579322815,6.876394271850586,-0.2896813944728369
A316,2013,controle,17,8715,-0.8737310767173767,6.333930015563965,-0.09079598616170353
A316,2013,controle,18,8714,-0.8755598664283752,5.6919684410095215,0.12331769820812642
A316,2013,controle,19,8713,-0.8767832517623901,4.964410781860352,0.33827227561804446
A316,2013,controle,20,8712,-0.8773457407951355,4.172213554382324,0.5389308503422711
A316,2013,controle,21,8711,-0.8772570490837097,3.3470160961151123,0.7109157065998748
A316,2013,controle,22,8710,-0.8766023516654968,2.5514121055603027,0.8409501187294012
A316,2013,controle,23,8709,-0.8755278587341309,1.9315475225448608,0.9179100332837857
A316,2013,controle,24,8708,-0.8735854625701904,1.7696280479431152,0.9344284385705499
A316,2016,controle,-24,6960,-1.0835877656936646,1.8764781951904297,0.9373995410230941
A316,2016,controle,-23,6961,-1.0840047597885132,2.3144850730895996,0.8884087421650066
A316,2016,controle,-22,6963,-1.0843310356140137,3.0894150733947754,0.7766251999492606
A316,2016,controle,-21,6963,-1.085201621055603,3.9577560424804688,0.6132287224232041
A316,2016,controle,-20,6964,-1.0861018896102905,4.813318729400635,0.4128751322925002
A316,2016,controle,-19,6965,-1.08725905418396,5.60888671875,0.19148567246788964
A316,2016,controle,-18,6966,-1.0883641242980957,6.320842742919922,-0.035364252649114525
A316,2016,controle,-17,6967,-1.0890803337097168,6.935792922973633,-0.25307201278983493
A316,2016,controle,-16,6968,-1.089605450630188,7.445329189300537,-0.4486696810391242
A316,2016,controle,-15,6969,-1.0901618003845215,7.842196464538574,-0.6105773160420668
A316,2016,controle,-14,6970,-1.0903133153915405,8.119902610778809,-0.728876387450199
A316,2016,controle,-13,6971,-1.0902613401412964,8.275321960449219,-0.7969132155781241
A316,2016,controle,-12,6972,-1.0901585817337036,8.304935455322266,-0.8101092622537859
A316,2016,controle,-11,6973,-1.0898126363754272,8.20687484741211,-0.7670928165713699
A316,2016,controle,-10,6974,-1.089010238647461,7.982428550720215,-0.6702829416024374
A316,2016,controle,-9,6975,-1.0878559350967407,7.632691383361816,-0.5245788698106598
A316,2016,controle,-8,6976,-1.0863947868347168,7.162293434143066,-0.3387730814081511
A316,2016,controle,-7,6977,-1.0849180221557617,6.578845977783203,-0.12463082445198062
A316,2016,controle,-6,6978,-1.0836066007614136,5.892988681793213,0.10394449140467388
A316,2016,controle,-5,6978,-1.0820926427841187,5.118736743927002,0.33171410972677584
A316,2016,controle,-4,6979,-1.0813299417495728,4.273707866668701,0.5436902908569392
A316,2016,controle,-3,6981,-1.0809516906738281,3.387331485748291,0.7249748991290452
A316,2016,controle,-2,6980,-1.0802098512649536,2.516906261444092,0.8621166578806669
A316,2016,controle,-1,6981,-1.079862117767334,1.8046936988830566,0.9442534491939674
A316,2016,controle,0,6991,-1.0798290967941284,1.5981106758117676,0.9630128803482266
A316,2016,controle,1,6981,-1.0803908109664917,2.1013638973236084,0.9133457007288543
A316,2016,controle,2,6980,-1.0798909664154053,2.94490909576416,0.7996825492968603
A316,2016,controle,3,6981,-1.0789034366607666,3.858713150024414,0.6336670637346462
A316,2016,controle,4,6979,-1.0785117149353027,4.744699478149414,0.4301086342608335
A316,2016,controle,5,6978,-1.0777043104171753,5.560470104217529,0.20558093903765215
A316,2016,controle,6,6978,-1.0763647556304932,6.284721851348877,-0.023745455087045467
A316,2016,controle,7,6977,-1.0755187273025513,6.909124374389648,-0.2440172591203165
A316,2016,controle,8,6976,-1.0742415189743042,7.425179958343506,-0.44164289105395027
A316,2016,controle,9,6975,-1.0727959871292114,7.826496124267578,-0.60511110337155
A316,2016,controle,10,6974,-1.0717359781265259,8.107352256774902,-0.7245585798165358
A316,2016,controle,11,6973,-1.0709271430969238,8.265332221984863,-0.7934866164282003
A316,2016,controle,12,6972,-1.0708470344543457,8.297493934631348,-0.8074708274675
A316,2016,controle,13,6971,-1.0710805654525757,8.20240592956543,-0.7654408051005382
A316,2016,controle,14,6970,-1.0713239908218384,7.9810099601745605,-0.6697682331427582
A316,2016,controle,15,6969,-1.0716428756713867,7.635249614715576,-0.525677012295366
A316,2016,controle,16,6968,-1.0722559690475464,7.1702141761779785,-0.34190058234002796
A316,2016,controle,17,6967,-1.0727002620697021,6.594027996063232,-0.13022710930375464
A316,2016,controle,18,6966,-1.0733562707901,5.9179887771606445,0.09567552392210937
A316,2016,controle,19,6965,-1.0742921829223633,5.157155513763428,0.3207753765666928
A316,2016,controle,20,6964,-1.0753228664398193,4.331487655639648,0.5300663043154662
A316,2016,controle,21,6963,-1.07627272605896,3.474416494369507,0.708761447460991
A316,2016,controle,22,6963,-1.077756404876709,2.6510744094848633,0.8434869830829443
A316,2016,controle,23,6961,-1.0780324935913086,2.0065553188323975,0.9236296738375953
A316,2016,controle,24,6960,-1.078558325767517,1.833837628364563,0.9413661330058736
A610,2012,controle_sistematico,-24,8752,6.929843902587891,7.423447608947754,0.7867520587691323
A610,2012,controle_sistematico,-23,8753,6.929851531982422,7.423936367034912,0.7865007854052074
A610,2012,controle_sistematico,-22,8754,6.929860591888428,7.479471683502197,0.7601346948408508
A610,2012,controle_sistematico,-21,8755,6.9300103187561035,7.578027725219727,0.7129334081085312
A610,2012,controle_sistematico,-20,8756,6.930284023284912,7.705026626586914,0.6512284938919155
A610,2012,controle_sistematico,-19,8757,6.930603504180908,7.846519947052002,0.581237979983102
A610,2012,controle_sistematico,-18,8758,6.930765628814697,7.9898762702941895,0.5089180918381677
A610,2012,controle_sistematico,-17,8759,6.930873870849609,8.123598098754883,0.4402230181372997
A610,2012,controle_sistematico,-16,8760,6.93117618560791,8.240327835083008,0.3794095338991451
A610,2012,controle_sistematico,-15,8761,6.931358814239502,8.332843780517578,0.3305340759862436
A610,2012,controle_sistematico,-14,8762,6.93154239654541,8.398791313171387,0.295352658081412
A610,2012,controle_sistematico,-13,8763,6.931731224060059,8.438530921936035,0.27396976471495604
A610,2012,controle_sistematico,-12,8764,6.93224573135376,8.454890251159668,0.26533025395005594
A610,2012,controle_sistematico,-11,8765,6.93290376663208,8.4484224319458,0.2691075540899103
A610,2012,controle_sistematico,-10,8766,6.933821201324463,8.417547225952148,0.28620714694660665
A610,2012,controle_sistematico,-9,8767,6.934749126434326,8.357796669006348,0.3186410402745023
A610,2012,controle_sistematico,-8,8768,6.935939788818359,8.267507553100586,0.3671288192003987
A610,2012,controle_sistematico,-7,8769,6.93686056137085,8.146958351135254,0.4307205553343013
A610,2012,controle_sistematico,-6,8770,6.9374260902404785,8.002206802368164,0.5056504794950885
A610,2012,controle_sistematico,-5,8771,6.9378886222839355,7.8411078453063965,0.5873561870914964
A610,2012,controle_sistematico,-4,8772,6.938750267028809,7.674084186553955,0.6704199257438371
A610,2012,controle_sistematico,-3,8773,6.939719200134277,7.513573169708252,0.748520635872717
A610,2012,controle_sistematico,-2,8775,6.940813064575195,7.373228549957275,0.8155164234862285
A610,2012,controle_sistematico,-1,8777,6.941537380218506,7.269012451171875,0.8644152741365053
A610,2012,controle_sistematico,0,8780,6.94227933883667,7.217901229858398,0.8883182688131974
A610,2012,controle_sistematico,1,8777,6.942452430725098,7.230990409851074,0.882390524392468
A610,2012,controle_sistematico,2,8775,6.94301176071167,7.3057451248168945,0.8480982853219328
A610,2012,controle_sistematico,3,8773,6.943840503692627,7.428070068359375,0.7911316243984408
A610,2012,controle_sistematico,4,8772,6.944540500640869,7.579166889190674,0.7192644553022324
A610,2012,controle_sistematico,5,8771,6.945611953735352,7.743744373321533,0.6394194488946862
A610,2012,controle_sistematico,6,8770,6.946411609649658,7.907927989959717,0.5578664056613306
A610,2012,controle_sistematico,7,8769,6.947572708129883,8.060530662536621,0.4807030874558176
A610,2012,controle_sistematico,8,8768,6.94873571395874,8.193166732788086,0.41250755326344
A610,2012,controle_sistematico,9,8767,6.949617385864258,8.300620079040527,0.35642600693733417
A610,2012,controle_sistematico,10,8766,6.950287342071533,8.378918647766113,0.31510438127763796
A610,2012,controle_sistematico,11,8765,6.950634002685547,8.429682731628418,0.2880958717814024
A610,2012,controle_sistematico,12,8764,6.951210021972656,8.456090927124023,0.27419333644451654
A610,2012,controle_sistematico,13,8763,6.9515461921691895,8.458857536315918,0.2729051231253288
A610,2012,controle_sistematico,14,8762,6.951869487762451,8.43652057647705,0.28512168223682677
A610,2012,controle_sistematico,15,8761,6.952275276184082,8.386185646057129,0.31231398268539273
A610,2012,controle_sistematico,16,8760,6.9524970054626465,8.305468559265137,0.3553465296844715
A610,2012,controle_sistematico,17,8759,6.952573776245117,8.196785926818848,0.41254346288420846
A610,2012,controle_sistematico,18,8758,6.952116012573242,8.065526008605957,0.4804040347675526
A610,2012,controle_sistematico,19,8757,6.951517105102539,7.920164585113525,0.5542526180251952
A610,2012,controle_sistematico,20,8756,6.951025485992432,7.770747184753418,0.6287743032791979
A610,2012,controle_sistematico,21,8755,6.9506754875183105,7.6289753913879395,0.6981519686571525
A610,2012,controle_sistematico,22,8754,6.9506402015686035,7.508956432342529,0.7559704794886506
A610,2012,controle_sistematico,23,8753,6.950357913970947,7.423584938049316,0.7964269296428652
A610,2012,controle_sistematico,24,8752,6.949991703033447,7.387228012084961,0.8134141120479524
