ano,codigo,estacao,uf,regiao,latitude_inmet,longitude_inmet,altitude_inmet_m,latitude_era5,longitude_era5,grid_index,distancia_centro_km,cobertura_temp,n_pares,dias_equivalentes,media_inmet_c,media_era5_c,bias_c,mae_c,rmse_c,correlacao_pearson,desvio_erro_c,erro_min_c,erro_p05_c,erro_mediana_c,erro_p95_c,erro_max_c,erro_abs_max_c,n_abs_erro_gt10,pct_abs_erro_gt10,n_abs_erro_gt20,pct_abs_erro_gt20,temp_inmet_min_c,temp_inmet_max_c,temp_era5_min_c,temp_era5_max_c,observacoes_inmet,pareamento_completo,anos_metricas,bias_mediana_estacao,rmse_mediana_estacao,correlacao_mediana_estacao,desvio_bias_mediana_estacao,desvio_rmse_mediana_estacao,flag_poucos_pares,flag_cobertura_baixa,flag_bias_extremo,flag_rmse_extremo,flag_correlacao_baixa,flag_salto_bias_historico,flag_salto_rmse_historico,n_flags,flag_investigar,motivos_flag,flag_desempenho,amostra_suficiente,categoria_diagnostico,ano_anterior,ano_posterior,grid_index_anterior,grid_index_posterior,latitude_inmet_anterior,latitude_inmet_posterior,longitude_inmet_anterior,longitude_inmet_posterior,altitude_inmet_m_anterior,altitude_inmet_m_posterior,bias_c_anterior,bias_c_posterior,rmse_c_anterior,rmse_c_posterior,correlacao_pearson_anterior,correlacao_pearson_posterior,anterior_consecutivo,posterior_consecutivo,mudou_celula_vs_anterior,mudou_celula_vs_posterior,mudanca_coord_vs_anterior_km,mudanca_altitude_vs_anterior_m,delta_bias_vs_anterior,delta_rmse_vs_anterior,delta_correlacao_vs_anterior
2007,A316,CAICO,RN,NE,-6.45972222,-37.08888888,169.85,-6.5,-37.0,8198,10.793888020666571,0.9980269266480966,8599,358.2916666666667,28.808186985223927,27.961001571520413,-0.8471854272699646,1.2294205629896848,1.4689751810960192,0.9605431602973707,1.200138506377418,-5.971386432647705,-2.5122604370117188,-1.0248348712921143,1.2967629075050349,7.338525772094727,7.338525772094727,0.0,0.0,0.0,0.0,19.100000381469727,39.20000076293945,19.509851455688477,37.563377380371094,8599,True,19,-1.0010076694425232,1.6274747124786975,0.9575921052024721,0.15382224217255858,-0.15849953138267825,False,False,False,False,False,False,False,0,False,sem_flag,False,True,sem_anomalia_desempenho,,2008.0,,8198.0,,-6.45972222,,-37.08888888,,169.85,,-1.224106403361249,,1.6959553234959188,,0.9617205577694361,False,True,False,False,,,,,
2008,A316,CAICO,RN,NE,-6.45972222,-37.08888888,169.85,-6.5,-37.0,8198,10.793888020666571,0.9995446265938068,8780,365.8333333333333,28.438656030754835,27.214549633147776,-1.224106403361249,1.4213465790449507,1.6959553234959188,0.9617205577694361,1.1738760234516152,-7.73989200592041,-3.0260251522064205,-1.2753902077674866,0.6288238435983644,6.930371284484863,7.73989200592041,0.0,0.0,0.0,0.0,19.399999618530273,38.70000076293945,18.10740089416504,37.192527770996094,8780,True,19,-1.0010076694425232,1.6274747124786975,0.9575921052024721,-0.2230987339187258,0.06848061101722136,False,False,False,False,False,False,False,0,False,sem_flag,False,True,sem_anomalia_desempenho,2007.0,2009.0,8198.0,8198.0,-6.45972222,-6.45972222,-37.08888888,-37.08888888,169.85,169.85,-0.8471854272699646,-0.8925607398761105,1.4689751810960192,1.4912371918887204,0.9605431602973707,0.9580072812424392,True,True,False,False,0.0,0.0,-0.3769209760912844,0.2269801423998996,0.0011773974720653557
2009,A316,CAICO,RN,NE,-6.45972222,-37.08888888,169.85,-6.5,-37.0,8198,10.793888020666571,0.9973744292237444,8737,364.0416666666667,28.283667164999354,27.391106422915943,-0.8925607398761105,1.2201998858747563,1.4912371918887204,0.9580072812424392,1.1946911941300777,-7.02431583404541,-2.541005897521973,-1.0287106037139893,1.0747513294219968,7.708496570587158,7.708496570587158,0.0,0.0,0.0,0.0,19.200000762939453,38.70000076293945,19.600412368774414,37.042625427246094,8737,True,19,-1.0010076694425232,1.6274747124786975,0.9575921052024721,0.10844692956641266,-0.13623752058997707,False,False,False,False,False,False,False,0,False,sem_flag,False,True,sem_anomalia_desempenho,2008.0,2010.0,8198.0,8198.0,-6.45972222,-6.45972222,-37.08888888,-37.08888888,169.85,169.85,-1.224106403361249,-0.5443949312453913,1.6959553234959188,1.498978615188414,0.9617205577694361,0.9443989381884277,True,True,False,False,0.0,0.0,0.3315456634851385,-0.20471813160719843,-0.0037132765269969337
2010,A316,CAICO,RN,NE,-6.45972222,-37.08888888,169.85,-6.5,-37.0,8198,10.793888020666571,0.9608447488584476,8417,350.7083333333333,28.912771765659183,28.368376839850654,-0.5443949312453913,1.201760064944936,1.498978615188414,0.9443989381884277,1.3967114293940632,-6.574316024780273,-2.490087556838989,-0.6930660009384155,1.8626547098159787,9.559959411621094,9.559959411621094,0.0,0.0,0.0,0.0,19.899999618530273,39.20000076293945,19.437646865844727,37.798728942871094,8417,True,19,-1.0010076694425232,1.6274747124786975,0.9575921052024721,0.4566127381971319,-0.12849609729028355,False,False,False,False,False,False,False,0,False,sem_flag,False,True,sem_anomalia_desempenho,2009.0,2011.0,8198.0,8198.0,-6.45972222,-6.45972222,-37.08888888,-37.08888888,169.85,169.85,-0.8925607398761105,-1.0309318556502702,1.4912371918887204,1.5541000126559275,0.9580072812424392,0.9590918470934778,True,True,False,False,0.0,0.0,0.3481658086307192,0.007741423299693517,-0.013608343054011485
2011,A316,CAICO,RN,NE,-6.45972222,-37.08888888,169.85,-6.5,-37.0,8198,10.793888020666571,0.9990867579908675,8752,364.6666666666667,28.120829515526893,27.089897669211602,-1.0309318556502702,1.290720614886439,1.5541000126559275,0.9590918470934778,1.1629965182266044,-6.561132431030273,-2.7295660018920898,-1.118530809879303,0.9179804801940915,6.55893611907959,6.561132431030273,0.0,0.0,0.0,0.0,18.899999618530273,39.0,18.60637855529785,36.578514099121094,8752,True,19,-1.0010076694425232,1.6274747124786975,0.9575921052024721,-0.02992418620774706,-0.07337469982277,False,False,False,False,False,False,False,0,False,sem_flag,False,True,sem_anomalia_desempenho,2010.0,2012.0,8198.0,8198.0,-6.45972222,-6.45972222,-37.08888888,-37.08888888,169.85,169.85,-0.5443949312453913,-1.2402400434921326,1.498978615188414,1.6312653988999406,0.9443989381884277,0.9711472405881709,True,True,False,False,0.0,0.0,-0.48653692440487895,0.055121397467513544,0.01469290890505015
2012,A316,CAICO,RN,NE,-6.45972222,-37.08888888,169.85,-6.5,-37.0,8198,10.793888020666571,0.9996584699453552,8781,365.875,29.39262041813718,28.15238038647244,-1.2402400434921326,1.4086073298203754,1.6312653988999406,0.9711472405881709,1.0596977499722111,-6.734179496765137,-2.7940425872802734,-1.330929160118103,0.5852543115615845,5.824853897094727,6.734179496765137,0.0,0.0,0.0,0.0,20.399999618530273,39.20000076293945,18.831674575805664,37.352195739746094,8781,True,19,-1.0010076694425232,1.6274747124786975,0.9575921052024721,-0.2392323740496094,0.003790686421243139,False,False,False,False,False,False,False,0,False,sem_flag,False,True,sem_anomalia_desempenho,2011.0,2013.0,8198.0,8198.0,-6.45972222,-6.45972222,-37.08888888,-37.08888888,169.85,169.85,-1.0309318556502702,-0.8679328882417983,1.5541000126559275,1.5112298680121923,0.9590918470934778,0.9575921052024721,True,True,False,False,0.0,0.0,-0.20930818784186234,0.07716538624401315,0.01205539349469309
2013,A316,CAICO,RN,NE,-6.45972222,-37.08888888,169.85,-6.5,-37.0,8198,10.793888020666571,0.9984018264840184,8746,364.4166666666667,29.440898692665126,28.57296580840869,-0.8679328882417983,1.2568163588465882,1.5112298680121923,0.9575921052024721,1.2372078365067414,-5.511327743530273,-2.5191401839256287,-1.050008237361908,1.342639535665512,11.48466682434082,11.48466682434082,1.0,0.01143379830779785,0.0,0.0,19.5,39.099998474121094,19.977930068969727,37.842674255371094,8746,True,19,-1.0010076694425232,1.6274747124786975,0.9575921052024721,0.1330747812007249,-0.11624484446650518,False,False,False,False,False,False,False,0,False,sem_flag,False,True,sem_anomalia_desempenho,2012.0,2014.0,8198.0,8198.0,-6.45972222,-6.45972222,-37.08888888,-37.08888888,169.85,169.85,-1.2402400434921326,-1.1127908422127386,1.6312653988999406,6.80992064142707,0.9711472405881709,-0.30190411789246174,True,True,False,False,0.0,0.0,0.3723071552503343,-0.12003553088774832,-0.013555135385698858
2014,A316,CAICO,RN,NE,-6.45972222,-37.08888888,169.85,-6.5,-37.0,8198,10.793888020666571,0.8421232876712329,7377,307.375,29.165433100767213,28.052642257843495,-1.1127908422127386,5.3980525179029835,6.80992064142707,-0.30190411789246174,6.718841796538082,-15.862646102905273,-12.705829620361328,-0.9070796966552734,9.529285430908203,12.052586555480957,15.862646102905273,1246.0,16.890334824454385,0.0,0.0,19.399999618530273,39.0,19.67632484436035,37.101951599121094,7377,True,19,-1.0010076694425232,1.6274747124786975,0.9575921052024721,-0.11178317277021543,5.182445928948372,False,False,False,True,True,False,True,3,True,rmse_extremo|correlacao_baixa|salto_rmse_historico,True,True,anomalia_temporal,2013.0,2015.0,8198.0,8198.0,-6.45972222,-6.45972222,-37.08888888,-37.08888888,169.85,169.85,-0.8679328882417983,-1.1600190359294038,1.5112298680121923,7.64033784681597,0.9575921052024721,-0.5634791548718737,True,True,False,False,0.0,0.0,-0.24485795397094035,5.298690773414878,-1.2594962230949338
2015,A316,CAICO,RN,NE,-6.45972222,-37.08888888,169.85,-6.5,-37.0,8198,10.793888020666571,0.921461187214612,8072,336.3333333333333,29.35367939139027,28.19366034832889,-1.1600190359294038,6.5778242073213296,7.64033784681597,-0.5634791548718737,7.552230410906705,-17.00468635559082,-12.87680139541626,-1.1790279746055603,10.029451322555541,13.025144577026367,17.00468635559082,1804.0,22.348860257680872,0.0,0.0,20.0,39.400001525878906,19.709375381469727,38.125144958496094,8072,True,19,-1.0010076694425232,1.6274747124786975,0.9575921052024721,-0.15901136648688063,6.012863134337272,False,False,False,True,True,False,True,3,True,rmse_extremo|correlacao_baixa|salto_rmse_historico,True,True,anomalia_temporal,2014.0,2016.0,8198.0,8198.0,-6.45972222,-6.45972222,-37.08888888,-37.08888888,169.85,169.85,-1.1127908422127386,-1.0798291553955799,6.80992064142707,1.5981106661622917,-0.30190411789246174,0.9630128803482231,True,True,False,False,0.0,0.0,-0.0472281937166652,0.8304172053889003,-0.261575036979412
2016,A316,CAICO,RN,NE,-6.45972222,-37.08888888,169.85,-6.5,-37.0,8198,10.793888020666571,0.7958788706739527,6991,291.2916666666667,29.581461872193046,28.501632724533334,-1.0798291553955799,1.3511205781722115,1.5981106661622917,0.9630128803482231,1.1781872751635134,-6.597118854522705,-2.6317135095596313,-1.2248408794403076,0.9058344066143036,10.222508430480957,10.222508430480957,1.0,0.014304105278214848,0.0,0.0,20.200000762939453,39.29999923706055,20.249216079711914,37.735740661621094,6991,True,19,-1.0010076694425232,1.6274747124786975,0.9575921052024721,-0.07882148595305671,-0.029364046316405767,False,True,False,False,False,False,False,1,True,cobertura_baixa,False,True,sem_anomalia_desempenho,2015.0,2017.0,8198.0,8198.0,-6.45972222,-6.45972222,-37.08888888,-37.08888888,169.85,169.85,-1.1600190359294038,-1.0010076694425232,7.64033784681597,1.6274747124786975,-0.5634791548718737,0.9550570023906483,True,True,False,False,0.0,0.0,0.08018988053382392,-6.042227180653678,1.5264920352200968
2017,A316,CAICO,RN,NE,-6.45972222,-37.08888888,169.85,-6.5,-37.0,8198,10.793888020666571,0.8396118721461188,7355,306.4583333333333,29.310414690682872,28.309407014931082,-1.0010076694425232,1.35221579193847,1.6274747124786975,0.9550570023906483,1.2833088087685456,-8.156307220458984,-2.7710975408554077,-1.1552730798721313,1.1553372621536244,8.57524299621582,8.57524299621582,0.0,0.0,0.0,0.0,19.700000762939453,39.099998474121094,19.652978897094727,38.033103942871094,7355,True,19,-1.0010076694425232,1.6274747124786975,0.9575921052024721,0.0,0.0,False,False,False,False,False,False,False,0,False,sem_flag,False,True,sem_anomalia_desempenho,2016.0,2018.0,8198.0,8198.0,-6.45972222,-6.45972222,-37.08888888,-37.08888888,169.85,169.85,-1.0798291553955799,-0.8396200606772335,1.5981106661622917,1.3846201008456878,0.9630128803482231,0.9667866475087306,True,True,False,False,0.0,0.0,0.07882148595305671,0.029364046316405767,-0.007955877957574797
2018,A316,CAICO,RN,NE,-6.45972222,-37.08888888,169.85,-6.5,-37.0,8198,10.793888020666571,0.7723744292237443,6766,281.9166666666667,29.457833275159295,28.61821322366397,-0.8396200606772335,1.133869793556081,1.3846201008456878,0.9667866475087306,1.101085903092396,-6.272167682647705,-2.413979649543762,-0.9651607275009155,0.9611557126045227,8.079442024230957,8.079442024230957,0.0,0.0,0.0,0.0,21.299999237060547,40.0,20.33536720275879,38.082420349121094,6766,True,19,-1.0010076694425232,1.6274747124786975,0.9575921052024721,0.16138760876528968,-0.2428546116330097,False,True,False,False,False,False,False,1,True,cobertura_baixa,False,True,sem_anomalia_desempenho,2017.0,2019.0,8198.0,8198.0,-6.45972222,-6.467474,-37.08888888,-37.084931,169.85,171.26,-1.0010076694425232,-0.8296592287653377,1.6274747124786975,1.5380317276695723,0.9550570023906483,0.9542409152421085,True,True,False,False,0.0,0.0,0.16138760876528968,-0.2428546116330097,0.011729645118082277
2019,A316,CAICO,RN,NE,-6.467474,-37.084931,171.26,-6.5,-37.0,8198,10.056386999551892,0.9998858447488584,8759,364.9583333333333,28.986071460853225,28.156412240699186,-0.8296592287653377,1.2309823613891568,1.5380317276695723,0.9542409152421085,1.2951442642308104,-7.411230087280273,-2.7833919525146484,-0.9030269384384155,1.2888957977294935,8.305027961730957,8.305027961730957,0.0,0.0,0.0,0.0,19.399999618530273,40.099998474121094,19.451852798461914,38.242820739746094,8759,True,19,-1.0010076694425232,1.6274747124786975,0.9575921052024721,0.17134844067718547,-0.08944298480912516,False,False,False,False,False,False,False,0,False,sem_flag,False,True,sem_anomalia_desempenho,2018.0,2020.0,8198.0,8198.0,-6.45972222,-6.46749999,-37.08888888,-37.08499999,169.85,171.26,-0.8396200606772335,-0.947136442592296,1.3846201008456878,1.639893555515716,0.9667866475087306,0.9419670334832252,True,True,False,False,0.9665430202892098,1.4099999999999966,0.009960831911895784,0.15341162682388454,-0.012545732266622034
2020,A316,CAICO,RN,NE,-6.46749999,-37.08499999,171.26,-6.5,-37.0,8198,10.062461151582756,0.6466302367941712,5680,236.66666666666666,29.522517588440802,28.575381162804618,-0.947136442592296,1.2832804408082383,1.639893555515716,0.9419670334832252,1.3388424154275098,-7.266112804412842,-3.192106020450592,-0.8854009509086609,1.1436746537685396,5.346436023712158,7.266112804412842,0.0,0.0,0.0,0.0,21.200000762939453,38.79999923706055,20.67246437072754,37.080467224121094,5680,True,19,-1.0010076694425232,1.6274747124786975,0.9575921052024721,0.05387122685022716,0.012418843037018457,False,True,False,False,False,False,False,1,True,cobertura_baixa,False,True,sem_anomalia_desempenho,2019.0,2021.0,8198.0,8198.0,-6.467474,-6.46749999,-37.084931,-37.08499999,171.26,171.26,-0.8296592287653377,-0.9915259268702817,1.5380317276695723,1.661269591316205,0.9542409152421085,0.9289019353024813,True,True,False,False,0.008151981160647769,0.0,-0.1174772138269583,0.10186182784614362,-0.012273881758883332
2021,A316,CAICO,RN,NE,-6.46749999,-37.08499999,171.26,-6.5,-37.0,8198,10.062461151582756,0.3461187214611872,3032,126.33333333333333,32.5273087225992,31.53578278068502,-0.9915259268702817,1.284603675846102,1.661269591316205,0.9289019353024813,1.3331463405204478,-6.325048446655273,-3.3845422506332397,-0.8498821258544922,0.9802914559841155,2.949023723602295,6.325048446655273,0.0,0.0,0.0,0.0,22.299999237060547,40.099998474121094,21.555078506469727,37.821434020996094,3032,True,19,-1.0010076694425232,1.6274747124786975,0.9575921052024721,0.009481742572241436,0.033794878837507536,False,True,False,False,False,False,False,1,True,cobertura_baixa,False,True,sem_anomalia_desempenho,2020.0,2022.0,8198.0,8198.0,-6.46749999,-6.46749999,-37.08499999,-37.08499999,171.26,171.26,-0.947136442592296,-0.31284782064101097,1.639893555515716,1.3996475571575493,0.9419670334832252,0.9145858214127768,True,True,False,False,0.0,0.0,-0.044389484277985725,0.02137603580048908,-0.013065098180743862
2022,A316,CAICO,RN,NE,-6.46749999,-37.08499999,171.26,-6.5,-37.0,8198,10.062461151582756,0.3662100456621004,3208,133.66666666666666,30.96131541782484,30.648467640627054,-0.31284782064101097,1.0745824497711796,1.3996475571575493,0.9145858214127768,1.3644485560080988,-6.095654010772705,-2.722744858264923,-0.21777305006980896,1.7088967204093928,6.591893196105957,6.591893196105957,0.0,0.0,0.0,0.0,21.700000762939453,38.79999923706055,21.586816787719727,36.816062927246094,3208,True,19,-1.0010076694425232,1.6274747124786975,0.9575921052024721,0.6881598488015122,-0.22782715532114817,False,True,False,False,False,False,False,1,True,cobertura_baixa,False,True,sem_anomalia_desempenho,2021.0,2023.0,8198.0,8198.0,-6.46749999,-6.46749999,-37.08499999,-37.08499999,171.26,171.26,-0.9915259268702817,-1.2223719335011372,1.661269591316205,1.6976506418135018,0.9289019353024813,0.9616244278692327,True,True,False,False,0.0,0.0,0.6786781062292708,-0.2616220341586557,-0.014316113889704551
2023,A316,CAICO,RN,NE,-6.46749999,-37.08499999,171.26,-6.5,-37.0,8198,10.062461151582756,0.5501141552511416,4819,200.79166666666666,30.734488470422253,29.512116549939726,-1.2223719335011372,1.4505765328070133,1.6976506418135018,0.9616244278692327,1.1781819077576396,-5.761181354522705,-2.984692049026489,-1.3277095556259155,0.879975968599317,5.921629428863525,5.921629428863525,0.0,0.0,0.0,0.0,21.100000381469727,40.20000076293945,20.361780166625977,37.622947692871094,4819,True,19,-1.0010076694425232,1.6274747124786975,0.9575921052024721,-0.22136426405861398,0.07017592933480432,False,True,False,False,False,False,False,1,True,cobertura_baixa,False,True,sem_anomalia_desempenho,2022.0,2024.0,8198.0,8198.0,-6.46749999,-6.46749999,-37.08499999,-37.08499999,171.26,171.26,-0.31284782064101097,-1.2397645919980547,1.3996475571575493,1.7597469419887295,0.9145858214127768,0.958059789123177,True,True,False,False,0.0,0.0,-0.9095241128601261,0.2980030846559525,0.04703860645645597
2024,A316,CAICO,RN,NE,-6.46749999,-37.08499999,171.26,-6.5,-37.0,8198,10.062461151582756,0.999203096539162,8777,365.7083333333333,29.33757546481258,28.097810889099893,-1.2397645919980547,1.473200106595732,1.7597469419887295,0.958059789123177,1.2489478687325988,-7.840624809265137,-3.103222322463989,-1.2946285009384155,0.7888138413429222,9.74189281463623,9.74189281463623,0.0,0.0,0.0,0.0,18.600000381469727,40.0,18.902734756469727,37.467185974121094,8777,True,19,-1.0010076694425232,1.6274747124786975,0.9575921052024721,-0.2387569225555315,0.13227222951003204,False,False,False,False,False,False,False,0,False,sem_flag,False,True,sem_anomalia_desempenho,2023.0,2025.0,8198.0,8198.0,-6.46749999,-6.46749999,-37.08499999,-37.08499999,171.26,171.26,-1.2223719335011372,-1.3138688141800516,1.6976506418135018,1.872172921013486,0.9616244278692327,0.9515085836710078,True,True,False,False,0.0,0.0,-0.017392658496917512,0.062096300175227714,-0.003564638746055726
2025,A316,CAICO,RN,NE,-6.46749999,-37.08499999,171.26,-6.5,-37.0,8198,10.062461151582756,0.990296803652968,8675,361.4583333333333,29.447389036063157,28.133520233857872,-1.3138688141800516,1.56437643156712,1.872172921013486,0.9515085836710078,1.333786060673797,-7.556689262390137,-3.397924470901489,-1.3777339458465576,0.8960531771183009,7.613672256469727,7.613672256469727,0.0,0.0,0.0,0.0,20.5,40.099998474121094,19.158227920532227,37.590721130371094,8675,True,19,-1.0010076694425232,1.6274747124786975,0.9575921052024721,-0.31286114473752846,0.24469820853478863,False,False,False,False,False,False,False,0,False,sem_flag,False,True,sem_anomalia_desempenho,2024.0,,8198.0,,-6.46749999,,-37.08499999,,171.26,,-1.2397645919980547,,1.7597469419887295,,0.958059789123177,,True,False,False,False,0.0,0.0,-0.07410422218199697,0.1124259790247566,-0.006551205452169251
2008,A355,CORURIPE,AL,NE,-10.14527777,-36.28638888,74.0,-10.25,-36.25,10616,12.306734024475103,0.9786324786324786,2748,114.5,26.137372631867034,25.659394534914775,-0.477978098817932,1.5963103145220428,1.903170614418103,0.8607424982136573,1.8425066368912524,-5.149023056030273,-3.444425904750824,-0.023022079840302467,2.066675090789795,3.3575198650360107,5.149023056030273,0.0,0.0,0.0,0.0,20.0,34.5,22.74576759338379,30.628564834594727,2748,True,17,-0.531214450376541,1.9606566142067805,0.8318154996707885,0.05323635155860901,-0.05748599978867741,False,False,False,False,False,False,False,0,False,sem_flag,False,True,sem_anomalia_desempenho,,2009.0,,10616.0,,-10.14527777,,-36.28638888,,74.0,,-0.46354832481650743,,1.9455433979040644,,0.8310517352169697,False,True,False,False,,,,,
2009,A355,CORURIPE,AL,NE,-10.14527777,-36.28638888,74.0,-10.25,-36.25,10616,12.306734024475103,0.9970319634703196,8734,363.9166666666667,26.230982362910105,25.767434043089366,-0.46354832481650743,1.5867700756231766,1.9455433979040644,0.8310517352169697,1.8896218902005932,-5.861327648162842,-3.686222684383392,0.011841201689094305,2.1308705329895044,5.02890682220459,5.861327648162842,0.0,0.0,0.0,0.0,19.299999237060547,35.5,21.848154067993164,31.297021865844727,8734,True,17,-0.531214450376541,1.9606566142067805,0.8318154996707885,0.0676661255600336,-0.015113216302716115,False,False,False,False,False,False,False,0,False,sem_flag,False,True,sem_anomalia_desempenho,2008.0,2010.0,10616.0,10616.0,-10.14527777,-10.14527777,-36.28638888,-36.28638888,74.0,74.0,-0.477978098817932,-0.6781515196811378,1.903170614418103,1.9913614835888607,0.8607424982136573,0.8732913122678071,True,True,False,False,0.0,0.0,0.014429774001424589,0.042372783485961296,-0.029690762996687603
2010,A355,CORURIPE,AL,NE,-10.14527777,-36.28638888,74.0,-10.25,-36.25,10616,12.306734024475103,0.7544520547945206,6609,275.375,26.254365251760184,25.576213739412168,-0.6781515196811378,1.6502086942830327,1.9913614835888607,0.8732913122678071,1.8724747228875045,-12.530956268310547,-3.5623043537139893,-0.5710933804512024,2.1157523155212394,5.029520034790039,12.530956268310547,2.0,0.03026176426085641,0.0,0.0,18.5,43.0,21.459131240844727,31.641992568969727,6609,True,17,-0.531214450376541,1.9606566142067805,0.8318154996707885,-0.14693706930459682,0.03070486938208017,False,True,False,False,False,False,False,1,True,cobertura_baixa,False,True,sem_anomalia_desempenho,2009.0,2011.0,10616.0,10616.0,-10.14527777,-10.14527777,-36.28638888,-36.28638888,74.0,74.0,-0.46354832481650743,-0.41273538398240284,1.9455433979040644,1.8987275375875303,0.8310517352169697,0.8272801046719421,True,True,False,False,0.0,0.0,-0.21460319486463042,0.045818085684796284,0.04223957705083736
2011,A355,CORURIPE,AL,NE,-10.14527777,-36.28638888,74.0,-10.25,-36.25,10616,12.306734024475103,0.984703196347032,8626,359.4166666666667,25.77570136782467,25.362965984685,-0.41273538398240284,1.5455835429760474,1.8987275375875303,0.8272801046719421,1.8534330320546244,-5.527782917022705,-3.552685260772705,-0.07351035997271538,2.2201390266418457,5.548291206359863,5.548291206359863,0.0,0.0,0.0,0.0,18.299999237060547,35.099998474121094,21.463083267211914,30.605127334594727,8626,True,17,-0.531214450376541,1.9606566142067805,0.8318154996707885,0.11847906639413819,-0.06192907661925018,False,False,False,False,False,False,False,0,False,sem_flag,False,True,sem_anomalia_desempenho,2010.0,2012.0,10616.0,10616.0,-10.14527777,-10.14527777,-36.28638888,-36.28638888,74.0,74.0,-0.6781515196811378,-0.43326355497686814,1.9913614835888607,1.9152935625816196,0.8732913122678071,0.8290987064968465,True,True,False,False,0.0,0.0,0.265416135698735,-0.09263394600133035,-0.04601120759586497
2012,A355,CORURIPE,AL,NE,-10.14527777,-36.28638888,74.0,-10.25,-36.25,10616,12.306734024475103,0.9996584699453552,8781,365.875,25.649493227785886,25.21622966913628,-0.43326355497686814,1.5814322216140293,1.9152935625816196,0.8290987064968465,1.865751470626303,-7.178075790405273,-3.5384273529052734,-0.019286727532744408,2.2067112922668457,5.247705459594727,7.178075790405273,0.0,0.0,0.0,0.0,18.5,33.900001525878906,20.859994888305664,29.751367568969727,8781,True,17,-0.531214450376541,1.9606566142067805,0.8318154996707885,0.09795089539967289,-0.045363051625160855,False,False,False,False,False,False,False,0,False,sem_flag,False,True,sem_anomalia_desempenho,2011.0,2013.0,10616.0,10616.0,-10.14527777,-10.14527777,-36.28638888,-36.28638888,74.0,74.0,-0.41273538398240284,-0.4482278733821124,1.8987275375875303,1.843725781216459,0.8272801046719421,0.8373587284730644,True,True,False,False,0.0,0.0,-0.0205281709944653,0.016566024994089323,0.0018186018249043423
2013,A355,CORURIPE,AL,NE,-10.14527777,-36.28638888,74.0,-10.25,-36.25,10616,12.306734024475103,0.9984018264840184,8746,364.4166666666667,26.064463751282812,25.616235881328254,-0.4482278733821124,1.5105221740390529,1.843725781216459,0.8373587284730644,1.7885139843342057,-5.508886337280273,-3.4399776458740234,-0.05329551547765732,2.1010693311691284,4.511588096618652,5.508886337280273,0.0,0.0,0.0,0.0,19.399999618530273,34.900001525878906,21.177392959594727,30.484766006469727,8746,True,17,-0.531214450376541,1.9606566142067805,0.8318154996707885,0.08298657699442863,-0.11693083299032159,False,False,False,False,False,False,False,0,False,sem_flag,False,True,sem_anomalia_desempenho,2012.0,2014.0,10616.0,10616.0,-10.14527777,-10.14527777,-36.28638888,-36.28638888,74.0,74.0,-0.43326355497686814,-0.7291395925805632,1.9152935625816196,2.1937336287928866,0.8290987064968465,0.795730628128184,True,True,False,False,0.0,0.0,-0.014964318405244259,-0.07156778136516073,0.00826002197621789
2014,A355,CORURIPE,AL,NE,-10.14527777,-36.28638888,74.0,-10.25,-36.25,10616,12.306734024475103,1.0,8760,365.0,26.062694062489896,25.33355447081126,-0.7291395925805632,1.7217250768795342,2.1937336287928866,0.795730628128184,2.0691330123530185,-9.00331974029541,-4.118281507492065,-0.31774863600730896,2.0993698239326477,4.493042469024658,9.00331974029541,0.0,0.0,0.0,0.0,19.200000762939453,35.900001525878906,21.544580459594727,29.137109756469727,8760,True,17,-0.531214450376541,1.9606566142067805,0.8318154996707885,-0.19792514220402213,0.23307701458610608,False,False,False,False,False,False,False,0,False,sem_flag,False,True,sem_anomalia_desempenho,2013.0,2015.0,10616.0,10616.0,-10.14527777,-10.14527777,-36.28638888,-36.28638888,74.0,74.0,-0.4482278733821124,-5.712087478400615,1.843725781216459,6.2642878233548585,0.8373587284730644,0.6864341379052706,True,True,False,False,0.0,0.0,-0.28091171919845076,0.35000784757642767,-0.0416281003448804
2015,A355,CORURIPE,AL,NE,-10.14527777,-36.28638888,74.0,-10.25,-36.25,10616,12.306734024475103,0.9997716894977168,8758,364.9166666666667,31.42229959327191,25.7102121321353,-5.712087478400615,5.75766956002874,6.2642878233548585,0.6864341379052706,2.5717919397126243,-12.896777153015137,-9.705681037902833,-5.688215255737305,-1.3829390645027178,3.3966801166534424,12.896777153015137,314.0,3.585293445992236,0.0,0.0,21.799999237060547,42.20000076293945,21.90097999572754,31.204248428344727,8758,True,17,-0.531214450376541,1.9606566142067805,0.8318154996707885,-5.180873028024074,4.303631209148078,False,False,True,True,False,True,False,3,True,bias_extremo|rmse_extremo|salto_bias_historico,True,True,anomalia_temporal,2014.0,2016.0,10616.0,10616.0,-10.14527777,-10.14527777,-36.28638888,-36.28638888,74.0,74.0,-0.7291395925805632,-2.10301199182793,2.1937336287928866,2.9413089080888026,0.795730628128184,0.8394848160576128,True,True,False,False,0.0,0.0,-4.982947885820051,4.070554194561971,-0.10929649022291332
2016,A355,CORURIPE,AL,NE,-10.14527777,-36.28638888,74.0,-10.25,-36.25,10616,12.306734024475103,0.9542349726775956,8382,349.25,27.932080641591558,25.82906865789167,-2.10301199182793,2.3463933978583396,2.9413089080888026,0.8394848160576128,2.056488075734799,-8.217382431030273,-5.607057809829712,-1.8145260214805603,0.9534435391426086,4.982233047485352,8.217382431030273,0.0,0.0,0.0,0.0,19.0,38.0,22.0239200592041,31.634668350219727,8382,True,17,-0.531214450376541,1.9606566142067805,0.8318154996707885,-1.571797541451389,0.9806522938820221,False,False,False,False,False,False,False,0,False,sem_flag,False,True,sem_anomalia_desempenho,2015.0,2017.0,10616.0,10616.0,-10.14527777,-10.14527777,-36.28638888,-36.28638888,74.0,74.0,-5.712087478400615,-0.7702254506993581,6.2642878233548585,2.0735350632226273,0.6864341379052706,0.8678946620605474,True,True,False,False,0.0,0.0,3.6090754865726846,-3.322978915266056,0.1530506781523422
2017,A355,CORURIPE,AL,NE,-10.14527777,-36.28638888,74.0,-10.25,-36.25,10616,12.306734024475103,0.9079908675799088,7954,331.4166666666667,26.156977609380693,25.38675217056562,-0.7702254506993581,1.6530569586285506,2.0735350632226273,0.8678946620605474,1.925296454824562,-6.51332950592041,-4.301142191886902,-0.587768167257309,1.966241812705993,4.018261909484863,6.51332950592041,0.0,0.0,0.0,0.0,19.299999237060547,35.29999923706055,21.368555068969727,30.870508193969727,7954,True,17,-0.531214450376541,1.9606566142067805,0.8318154996707885,-0.23901100032281708,0.11287844901584676,False,False,False,False,False,False,False,0,False,sem_flag,False,True,sem_anomalia_desempenho,2016.0,2018.0,10616.0,10616.0,-10.14527777,-10.14527777,-36.28638888,-36.28638888,74.0,74.0,-2.10301199182793,-0.41681618109313406,2.9413089080888026,1.9377924018519233,0.8394848160576128,0.8383803596260903,True,True,False,False,0.0,0.0,1.3327865411285718,-0.8677738448661754,0.028409846002934613
2018,A355,CORURIPE,AL,NE,-10.14527777,-36.28638888,74.0,-10.25,-36.25,10616,12.306734024475103,1.0,8760,365.0,26.06351599562658,25.646699800883255,-0.41681618109313406,1.5910340720723628,1.9377924018519233,0.8383803596260903,1.8925412902095606,-5.64052677154541,-3.622235906124115,0.008472060784697533,2.2161185860633834,5.068942546844482,5.64052677154541,0.0,0.0,0.0,0.0,19.200000762939453,35.599998474121094,21.99607276916504,31.672510147094727,8760,True,17,-0.531214450376541,1.9606566142067805,0.8318154996707885,0.11439826928340696,-0.02286421235485725,False,False,False,False,False,False,False,0,False,sem_flag,False,True,sem_anomalia_desempenho,2017.0,2019.0,10616.0,10616.0,-10.14527777,-10.1286111,-36.28638888,-36.28638888,74.0,82.39,-0.7702254506993581,-0.6302947920015334,2.0735350632226273,2.087683148356693,0.8678946620605474,0.8058795007544423,True,True,False,False,0.0,0.0,0.35340926960622404,-0.135742661370704,-0.029514302434457185
2019,A355,CORURIPE,AL,NE,-10.1286111,-36.28638888,82.39,-10.25,-36.25,10616,14.073088140081412,0.8067351598173516,7067,294.4583333333333,26.813994621815567,26.18369983118731,-0.6302947920015334,1.6921856236816628,2.087683148356693,0.8058795007544423,1.990404480502487,-6.953075885772705,-3.9633786201477053,-0.13915976881980896,2.139776992797852,4.450488567352295,6.953075885772705,0.0,0.0,0.0,0.0,19.5,37.20000076293945,22.029550552368164,32.392967224121094,7067,True,17,-0.531214450376541,1.9606566142067805,0.8318154996707885,-0.09908034162499235,0.12702653414991238,False,False,False,False,False,False,False,0,False,sem_flag,False,True,sem_anomalia_desempenho,2018.0,2020.0,10616.0,10616.0,-10.14527777,-10.1286111,-36.28638888,-36.28638888,74.0,82.39,-0.41681618109313406,-0.5348541446708485,1.9377924018519233,1.995978866784122,0.8383803596260903,0.8222954846117942,True,True,False,False,1.8532517078756807,8.39,-0.2134786109083993,0.14989074650476963,-0.032500858871648
2020,A355,CORURIPE,AL,NE,-10.1286111,-36.28638888,82.39,-10.25,-36.25,10616,14.073088140081412,0.9225865209471766,8104,337.6666666666667,26.397445712131905,25.862591561772156,-0.5348541446708485,1.6001672396830449,1.995978866784122,0.8222954846117942,1.92310141121394,-6.336962699890137,-3.894255077838898,-0.0032222747104242444,2.04042032957077,5.144678115844727,6.336962699890137,0.0,0.0,0.0,0.0,18.299999237060547,36.5,21.867395401000977,31.286279678344727,8104,True,17,-0.531214450376541,1.9606566142067805,0.8318154996707885,-0.0036396942943074384,0.03532225257734156,False,False,False,False,False,False,False,0,False,sem_flag,False,True,sem_anomalia_desempenho,2019.0,2022.0,10616.0,10616.0,-10.1286111,-10.1286111,-36.28638888,-36.28638888,82.39,82.39,-0.6302947920015334,-0.29425436401812266,2.087683148356693,1.810508045584489,0.8058795007544423,0.8321932347903761,True,False,False,False,0.0,0.0,0.09544064733068491,-0.09170428157257082,0.01641598385735199
2022,A355,CORURIPE,AL,NE,-10.1286111,-36.28638888,82.39,-10.25,-36.25,10616,14.073088140081412,0.5652968036529681,4952,206.33333333333334,25.12707995097356,24.8328256037008,-0.29425436401812266,1.483817476208724,1.810508045584489,0.8321932347903761,1.7866164501908182,-7.925915241241455,-3.4620723724365234,0.1122257262468338,2.1310468196868895,4.264795303344727,7.925915241241455,0.0,0.0,0.0,0.0,19.700000762939453,33.79999923706055,21.249536514282227,29.492578506469727,4952,True,17,-0.531214450376541,1.9606566142067805,0.8318154996707885,0.23696008635841836,-0.15014856862229142,False,True,False,False,False,False,False,1,True,cobertura_baixa,False,True,sem_anomalia_desempenho,2020.0,2023.0,10616.0,10616.0,-10.1286111,-10.1286111,-36.28638888,-36.28638888,82.39,82.39,-0.5348541446708485,-0.3480574643017578,1.995978866784122,1.904087088757915,0.8222954846117942,0.8294863325412243,False,True,False,False,,,,,
2023,A355,CORURIPE,AL,NE,-10.1286111,-36.28638888,82.39,-10.25,-36.25,10616,14.073088140081412,1.0,8760,365.0,26.178367579908677,25.83031011607549,-0.3480574643017578,1.5854462159323781,1.904087088757915,0.8294863325412243,1.8721121053155758,-6.057812213897705,-3.5702290654182436,0.14123573154211044,2.1567997932434073,4.547802925109863,6.057812213897705,0.0,0.0,0.0,0.0,19.700000762939453,34.29999923706055,21.976755142211914,30.254053115844727,8760,True,17,-0.531214450376541,1.9606566142067805,0.8318154996707885,0.1831569860747832,-0.0565695254488654,False,False,False,False,False,False,False,0,False,sem_flag,False,True,sem_anomalia_desempenho,2022.0,2024.0,10616.0,10616.0,-10.1286111,-10.1286111,-36.28638888,-36.28638888,82.39,82.39,-0.29425436401812266,-0.531214450376541,1.810508045584489,1.966247714455232,0.8321932347903761,0.8318154996707885,True,True,False,False,0.0,0.0,-0.053803100283635164,0.09357904317342602,-0.0027069022491518213
2024,A355,CORURIPE,AL,NE,-10.1286111,-36.28638888,82.39,-10.25,-36.25,10616,14.073088140081412,0.9998861566484516,8783,365.9583333333333,26.707958552393002,26.176744105779783,-0.531214450376541,1.5942780283750402,1.966247714455232,0.8318154996707885,1.8932378041646494,-5.87416934967041,-3.7515963315963745,-0.04902305454015732,2.0950394868850695,4.541241645812988,5.87416934967041,0.0,0.0,0.0,0.0,19.299999237060547,37.099998474121094,21.640085220336914,31.646631240844727,8783,True,17,-0.531214450376541,1.9606566142067805,0.8318154996707885,0.0,0.005591100248451442,False,False,False,False,False,False,False,0,False,sem_flag,False,True,sem_anomalia_desempenho,2023.0,2025.0,10616.0,10616.0,-10.1286111,-10.1286111,-36.28638888,-36.28638888,82.39,82.39,-0.3480574643017578,-0.5637776706242315,1.904087088757915,1.9606566142067805,0.8294863325412243,0.8400257499740494,True,True,False,False,0.0,0.0,-0.1831569860747832,0.06216062569731684,0.0023291671295642136
2025,A355,CORURIPE,AL,NE,-10.1286111,-36.28638888,82.39,-10.25,-36.25,10616,14.073088140081412,0.9987442922374428,8749,364.5416666666667,26.24345639174646,25.679678724103415,-0.5637776706242315,1.5746331906527393,1.9606566142067805,0.8400257499740494,1.8779595837279188,-6.540380477905273,-3.8075777530670165,-0.1143062561750412,2.0107718467712403,4.445670127868652,6.540380477905273,0.0,0.0,0.0,0.0,19.100000381469727,35.20000076293945,20.91440773010254,30.568017959594727,8749,True,17,-0.531214450376541,1.9606566142067805,0.8318154996707885,-0.03256322024769043,0.0,False,False,False,False,False,False,False,0,False,sem_flag,False,True,sem_anomalia_desempenho,2024.0,,10616.0,,-10.1286111,,-36.28638888,,82.39,,-0.531214450376541,,1.966247714455232,,0.8318154996707885,,True,False,False,False,0.0,0.0,-0.03256322024769043,-0.005591100248451442,0.008210250303260946
2001,A402,BARREIRAS,BA,NE,-12.15,-45.01666666,470.37,-12.25,-45.0,11869,11.26608251930016,0.4930555555555556,142,5.916666666666667,24.97112673101291,24.845029884660747,-0.12609687329492938,1.1867066587150936,1.6044875248312966,0.8823101108006172,1.6051869182945107,-4.89760684967041,-2.8509614825248715,-0.19858360290527344,2.619473040103911,4.403125286102295,4.89760684967041,0.0,0.0,0.0,0.0,21.200000762939453,35.0,20.653467178344727,31.926660537719727,142,True,24,-0.8376733948044273,2.24141919020645,0.9271105476115289,0.7115765215094979,-0.6369316653751536,False,True,False,False,False,False,False,1,True,cobertura_baixa,False,True,sem_anomalia_desempenho,,2002.0,,11869.0,,-12.15,,-45.01666666,,470.37,,-0.824111876491558,,2.352050166928993,,0.929529005873753,False,True,False,False,,,,,
2002,A402,BARREIRAS,BA,NE,-12.15,-45.01666666,470.37,-12.25,-45.0,11869,11.26608251930016,0.6035388127853881,5287,220.29166666666666,25.845413257792966,25.021301402291662,-0.824111876491558,1.9692516524290251,2.352050166928993,0.929529005873753,2.2031563004985606,-7.297558307647705,-3.902147960662842,-1.1068843603134155,3.206256484985351,7.983960151672363,7.983960151672363,0.0,0.0,0.0,0.0,12.600000381469727,38.29999923706055,14.220468521118164,35.129051208496094,5287,True,24,-0.8376733948044273,2.24141919020645,0.9271105476115289,0.013561518312869225,0.11063097672254285,False,True,False,False,False,False,False,1,True,cobertura_baixa,False,True,sem_anomalia_desempenho,2001.0,2003.0,11869.0,11869.0,-12.15,-12.15,-45.01666666,-45.01666666,470.37,470.37,-0.12609687329492938,-0.8512349131172964,1.6044875248312966,2.0050731050321615,0.8823101108006172,0.9408041214412638,True,True,False,False,0.0,0.0,-0.6980150031966287,0.7475626420976964,0.047218895073135814
2003,A402,BARREIRAS,BA,NE,-12.15,-45.01666666,470.37,-12.25,-45.0,11869,11.26608251930016,0.5940639269406393,5204,216.83333333333334,25.698193699465083,24.8469587838439,-0.8512349131172964,1.6463393132418787,2.0050731050321615,0.9408041214412638,1.815585499380206,-6.458983898162842,-3.504604125022888,-0.957763284444809,2.361631166934961,7.717236518859863,7.717236518859863,0.0,0.0,0.0,0.0,11.5,38.29999923706055,12.575113296508789,35.556297302246094,5204,True,24,-0.8376733948044273,2.24141919020645,0.9271105476115289,-0.013561518312869114,-0.23634608517428868,False,True,False,False,False,False,False,1,True,cobertura_baixa,False,True,sem_anomalia_desempenho,2002.0,2005.0,11869.0,11869.0,-12.15,-12.15,-45.01666666,-45.01666666,470.37,470.37,-0.824111876491558,16.72970718936308,2.352050166928993,17.19735987802451,0.929529005873753,0.2817324983693749,True,False,False,False,0.0,0.0,-0.02712303662573834,-0.34697706189683153,0.011275115567510818
2005,A402,BARREIRAS,BA,NE,-12.15,-45.01666666,470.37,-12.25,-45.0,11869,11.26608251930016,0.13162100456621,1153,48.041666666666664,6.908065905285626,23.637773123391277,16.72970718936308,16.72970718936308,17.19735987802451,0.2817324983693749,3.9849537983439802,1.3941898345947266,10.141686630249023,16.599658966064453,23.062949752807615,25.15161895751953,25.15161895751953,1100.0,95.40329575021683,267.0,23.156981786643538,3.200000047683716,18.200000762939453,14.819650650024414,33.15161895751953,1153,True,24,-0.8376733948044273,2.24141919020645,0.9271105476115289,17.567380584167505,14.95594068781806,False,True,True,True,True,True,True,6,True,cobertura_baixa|bias_extremo|rmse_extremo|correlacao_baixa|salto_bias_historico|salto_rmse_historico,True,True,anomalia_temporal,2003.0,2006.0,11869.0,11869.0,-12.15,-12.15,-45.01666666,-45.01666666,470.37,470.37,-0.8512349131172964,-0.9857846661892734,2.0050731050321615,2.570314158186645,0.9408041214412638,0.7901026389791074,False,True,False,False,,,,,
2006,A402,BARREIRAS,BA,NE,-12.15,-45.01666666,470.37,-12.25,-45.0,11869,11.26608251930016,0.7780821917808219,6816,284.0,25.315096836974362,24.329312164179036,-0.9857846661892734,2.1428259819229627,2.570314158186645,0.7901026389791074,2.3739356096088833,-7.707860946655273,-4.545983552932739,-1.2630550265312195,3.1677623987197876,7.733887195587158,7.733887195587158,0.0,0.0,0.0,0.0,16.799999237060547,38.099998474121094,13.292139053344727,35.366111755371094,6816,True,24,-0.8376733948044273,2.24141919020645,0.9271105476115289,-0.14811127138484614,0.3288949679801947,False,True,False,False,False,False,False,1,True,cobertura_baixa,False,True,sem_anomalia_desempenho,2005.0,2007.0,11869.0,11869.0,-12.15,-12.15,-45.01666666,-45.01666666,470.37,470.37,16.72970718936308,-1.2900403914329974,17.19735987802451,2.4559117884654555,0.2817324983693749,0.9313889555707137,True,True,False,False,0.0,0.0,-17.715491855552354,-14.627045719837866,0.5083701406097325
2007,A402,BARREIRAS,BA,NE,-12.15,-45.01666666,470.37,-12.25,-45.0,11869,11.26608251930016,0.997716894977169,8740,364.1666666666667,26.555549193956214,25.26550880798759,-1.2900403914329974,2.0530009467895676,2.4559117884654555,0.9313889555707137,2.0899278095854044,-7.898974418640137,-4.268005084991454,-1.5377147793769836,2.44549741744995,8.35498046875,8.35498046875,0.0,0.0,0.0,0.0,12.600000381469727,39.900001525878906,14.336816787719727,37.246971130371094,8740,True,24,-0.8376733948044273,2.24141919020645,0.9271105476115289,-0.45236699662857016,0.21449259825900535,False,False,False,False,False,False,False,0,False,sem_flag,False,True,sem_anomalia_desempenho,2006.0,2008.0,11869.0,11869.0,-12.15,-12.15,-45.01666666,-45.01666666,470.37,470.37,-0.9857846661892734,-0.9452988711080784,2.570314158186645,2.2453459688887123,0.7901026389791074,0.9341520925374343,True,True,False,False,0.0,0.0,-0.304255725243724,-0.11440236972118933,0.1412863165916063
2008,A402,BARREIRAS,BA,NE,-12.15,-45.01666666,470.37,-12.25,-45.0,11869,11.26608251930016,0.923952641165756,8116,338.1666666666667,25.7470921527699,24.80179329256873,-0.9452988711080784,1.8451925424429672,2.2453459688887123,0.9341520925374343,2.036786615005287,-7.212499618530273,-3.920080244541168,-1.0855220556259155,2.639683961868286,7.324463367462158,7.324463367462158,0.0,0.0,0.0,0.0,10.800000190734863,40.20000076293945,14.477777481079102,36.656639099121094,8116,True,24,-0.8376733948044273,2.24141919020645,0.9271105476115289,-0.10762547630365116,0.0039267786822621,False,False,False,False,False,False,False,0,False,sem_flag,False,True,sem_anomalia_desempenho,2007.0,2009.0,11869.0,11869.0,-12.15,-12.15,-45.01666666,-45.01666666,470.37,470.37,-1.2900403914329974,-0.7243169222230367,2.4559117884654555,2.1755786730371147,0.9313889555707137,0.9242764502106217,True,True,False,False,0.0,0.0,0.344741520324919,-0.21056581957674325,0.002763136966720592
2009,A402,BARREIRAS,BA,NE,-12.15,-45.01666666,470.37,-12.25,-45.0,11869,11.26608251930016,0.9973744292237444,8737,364.0416666666667,25.510610047447692,24.786293126713485,-0.7243169222230367,1.7715259016750313,2.1755786730371147,0.9242764502106217,2.0515821460123522,-7.211230278015137,-3.7583492755889893,-0.8543758392333984,2.877945899963379,8.507763862609863,8.507763862609863,0.0,0.0,0.0,0.0,11.600000381469727,38.70000076293945,14.743967056274414,36.052391052246094,8737,True,24,-0.8376733948044273,2.24141919020645,0.9271105476115289,0.11335647258139059,-0.06584051716933548,False,False,False,False,False,False,False,0,False,sem_flag,False,True,sem_anomalia_desempenho,2008.0,2010.0,11869.0,11869.0,-12.15,-12.15,-45.01666666,-45.01666666,470.37,470.37,-0.9452988711080784,-0.7450615987898506,2.2453459688887123,2.2374924115241885,0.9341520925374343,0.9249061719903192,True,True,False,False,0.0,0.0,0.22098194888504175,-0.06976729585159758,-0.009875642326812595
2010,A402,BARREIRAS,BA,NE,-12.15,-45.01666666,470.37,-12.25,-45.0,11869,11.26608251930016,0.9700913242009132,8498,354.0833333333333,26.065203566695978,25.32014197791484,-0.7450615987898506,1.8452286659236228,2.2374924115241885,0.9249061719903192,2.1099240194016047,-8.017870903015137,-3.8303024411201476,-0.8618892729282379,2.841595590114593,8.72763729095459,8.72763729095459,0.0,0.0,0.0,0.0,11.300000190734863,38.900001525878906,13.848779678344727,36.265525817871094,8498,True,24,-0.8376733948044273,2.24141919020645,0.9271105476115289,0.0926117960145767,-0.003926778682261656,False,False,False,False,False,False,False,0,False,sem_flag,False,True,sem_anomalia_desempenho,2009.0,2011.0,11869.0,11869.0,-12.15,-12.15,-45.01666666,-45.01666666,470.37,470.37,-0.7243169222230367,-0.8064014683222436,2.1755786730371147,2.1994405615400137,0.9242764502106217,0.9255678880818908,True,True,False,False,0.0,0.0,-0.02074467656681389,0.06191373848707382,0.0006297217796975563
2011,A402,BARREIRAS,BA,NE,-12.15,-45.01666666,470.37,-12.25,-45.0,11869,11.26608251930016,0.9987442922374428,8749,364.5416666666667,25.182638008208368,24.37623654661049,-0.8064014683222436,1.8035173430520888,2.1994405615400137,0.9255678880818908,2.0463953939847985,-8.44057559967041,-3.760753536224365,-0.930141806602478,2.8476859092712403,7.335986614227295,8.44057559967041,0.0,0.0,0.0,0.0,12.199999809265137,38.70000076293945,14.796945571899414,35.612205505371094,8749,True,24,-0.8376733948044273,2.24141919020645,0.9271105476115289,0.03127192648218369,-0.041978628666436535,False,False,False,False,False,False,False,0,False,sem_flag,False,True,sem_anomalia_desempenho,2010.0,2012.0,11869.0,11869.0,-12.15,-12.15,-45.01666666,-45.01666666,470.37,470.37,-0.7450615987898506,-1.453855012804534,2.2374924115241885,2.604167517328531,0.9249061719903192,0.9211010681299437,True,True,False,False,0.0,0.0,-0.06133986953239301,-0.03805184998417488,0.000661716091571618
2012,A402,BARREIRAS,BA,NE,-12.15,-45.01666666,470.37,-12.25,-45.0,11869,11.26608251930016,0.8319672131147541,7308,304.5,26.945840166511598,25.49198516157721,-1.453855012804534,2.1763274161892343,2.604167517328531,0.9211010681299437,2.1607019458287953,-8.685644149780273,-4.471449971199036,-1.694287657737732,2.3395676136016847,8.018750190734863,8.685644149780273,0.0,0.0,0.0,0.0,12.600000381469727,39.79999923706055,14.625391006469727,37.150779724121094,7308,True,24,-0.8376733948044273,2.24141919020645,0.9271105476115289,-0.6161816180001067,0.3627483271220808,False,False,False,False,False,False,False,0,False,sem_flag,False,True,sem_anomalia_desempenho,2011.0,2013.0,11869.0,11869.0,-12.15,-12.15,-45.01666666,-45.01666666,470.37,470.37,-0.8064014683222436,-1.3209597344658337,2.1994405615400137,2.310308804706439,0.9255678880818908,0.9262274228593246,True,True,False,False,0.0,0.0,-0.6474535444822904,0.40472695578851736,-0.0044668199519470875
2013,A402,BARREIRAS,BA,NE,-12.15,-45.01666666,470.37,-12.25,-45.0,11869,11.26608251930016,0.9963470319634704,8728,363.6666666666667,26.876775892801398,25.555816159130345,-1.3209597344658337,1.921685419574126,2.310308804706439,0.9262274228593246,1.8955220434151534,-8.443163871765137,-4.070342969894409,-1.4674312472343445,1.9412566304206846,7.164941787719727,8.443163871765137,0.0,0.0,0.0,0.0,12.800000190734863,39.599998474121094,15.110574722290039,36.154685974121094,8728,True,24,-0.8376733948044273,2.24141919020645,0.9271105476115289,-0.48328633966140644,0.06888961449998865,False,False,False,False,False,False,False,0,False,sem_flag,False,True,sem_anomalia_desempenho,2012.0,2014.0,11869.0,11869.0,-12.15,-12.15,-45.01666666,-45.01666666,470.37,470.37,-1.453855012804534,-1.4175921684009718,2.604167517328531,2.3412712253416585,0.9211010681299437,0.9361234783349315,True,True,False,False,0.0,0.0,0.1328952783387003,-0.2938587126220922,0.005126354729380833
2014,A402,BARREIRAS,BA,NE,-12.15,-45.01666666,470.37,-12.25,-45.0,11869,11.26608251930016,0.9993150684931508,8754,364.75,26.70066254624281,25.283070385387997,-1.4175921684009718,1.9568332473813845,2.3412712253416585,0.9361234783349315,1.8634323322312687,-10.556835174560547,-4.165871357917786,-1.617275595664978,1.8769169330596926,7.588330268859863,10.556835174560547,1.0,0.01142334932602239,0.0,0.0,14.0,39.0,15.990152359008789,36.076316833496094,8754,True,24,-0.8376733948044273,2.24141919020645,0.9271105476115289,-0.5799187735965445,0.09985203513520835,False,False,False,False,False,False,False,0,False,sem_flag,False,True,sem_anomalia_desempenho,2013.0,2015.0,11869.0,11869.0,-12.15,-12.15,-45.01666666,-45.01666666,470.37,470.37,-1.3209597344658337,-1.1156523282812258,2.310308804706439,2.3258562183433265,0.9262274228593246,0.9301406289448473,True,True,False,False,0.0,0.0,-0.0966324339351381,0.0309624206352197,0.009896055475606902
2015,A402,BARREIRAS,BA,NE,-12.15,-45.01666666,470.37,-12.25,-45.0,11869,11.26608251930016,0.9998858447488584,8759,364.9583333333333,27.307215433113107,26.191563108356892,-1.1156523282812258,1.9122342644942587,2.3258562183433265,0.9301406289448473,2.0409317939786313,-10.816015243530273,-4.040833806991577,-1.2605464458465576,2.4530764579772955,9.414451599121094,10.816015243530273,1.0,0.011416828405069072,0.0,0.0,13.5,41.0,14.982080459594727,38.132713317871094,8759,True,24,-0.8376733948044273,2.24141919020645,0.9271105476115289,-0.2779789334767986,0.08443702813687626,False,False,False,False,False,False,False,0,False,sem_flag,False,True,sem_anomalia_desempenho,2014.0,2016.0,11869.0,11869.0,-12.15,-12.15,-45.01666666,-45.01666666,470.37,470.37,-1.4175921684009718,-0.8702794713143926,2.3412712253416585,2.204172145803576,0.9361234783349315,0.9058588371716034,True,True,False,False,0.0,0.0,0.30193984011974595,-0.015415006998332093,-0.0059828493900841995
2016,A402,BARREIRAS,BA,NE,-12.15,-45.01666666,470.37,-12.25,-45.0,11869,11.26608251930016,0.9998861566484516,8783,365.9583333333333,27.195662066752718,26.32538260314726,-0.8702794713143926,1.8184730507907134,2.204172145803576,0.9058588371716034,2.0252050431360864,-9.251806259155273,-3.781479024887085,-1.0836422443389893,2.805017781257629,8.069775581359863,9.251806259155273,0.0,0.0,0.0,0.0,13.899999618530273,38.5,15.504785537719727,35.564353942871094,8783,True,24,-0.8376733948044273,2.24141919020645,0.9271105476115289,-0.03260607650996539,-0.037247044402874074,False,False,False,False,False,False,False,0,False,sem_flag,False,True,sem_anomalia_desempenho,2015.0,2017.0,11869.0,11869.0,-12.15,-12.15,-45.01666666,-45.01666666,470.37,470.37,-1.1156523282812258,-1.5909335087487941,2.3258562183433265,2.3939258268637147,0.9301406289448473,0.9343931763292703,True,True,False,False,0.0,0.0,0.2453728569668332,-0.12168407253975033,-0.024281791773243855
2017,A402,BARREIRAS,BA,NE,-12.15,-45.01666666,470.37,-12.25,-45.0,11869,11.26608251930016,0.9124429223744293,7993,333.0416666666667,26.92484672386029,25.333913232542525,-1.5909335087487941,2.0013495987327317,2.3939258268637147,0.9343931763292703,1.7889135842939885,-8.202685356140137,-4.284315872192383,-1.7564938068389893,1.4991287946701022,6.753955364227295,8.202685356140137,0.0,0.0,0.0,0.0,13.399999618530273,40.0,15.212823867797852,36.822654724121094,7993,True,24,-0.8376733948044273,2.24141919020645,0.9271105476115289,-0.7532601139443669,0.1525066366572645,False,False,False,False,False,False,False,0,False,sem_flag,False,True,sem_anomalia_desempenho,2016.0,2018.0,11869.0,11869.0,-12.15,-12.15,-45.01666666,-45.01666666,470.37,470.37,-0.8702794713143926,-1.0557265666405473,2.204172145803576,2.209195402843524,0.9058588371716034,0.9338106359597679,True,True,False,False,0.0,0.0,-0.7206540374344015,0.18975368106013857,0.0285343391576669
2018,A402,BARREIRAS,BA,NE,-12.15,-45.01666666,470.37,-12.25,-45.0,11869,11.26608251930016,1.0,8760,365.0,26.39738583042197,25.341659277432587,-1.0557265666405473,1.8172640928208492,2.209195402843524,0.9338106359597679,1.940725560341926,-8.958934783935547,-3.8718384981155394,-1.2523921728134155,2.4173289179801887,7.660107612609863,8.958934783935547,0.0,0.0,0.0,0.0,13.0,39.099998474121094,14.979898452758789,36.202537536621094,8760,True,24,-0.8376733948044273,2.24141919020645,0.9271105476115289,-0.21805317183612005,-0.03222378736292608,False,False,False,False,False,False,False,0,False,sem_flag,False,True,sem_anomalia_desempenho,2017.0,2019.0,11869.0,11708.0,-12.15,-12.124715,-45.01666666,-45.027049,470.37,474.17,-1.5909335087487941,-0.24524135575861117,2.3939258268637147,2.106252563454478,0.9343931763292703,0.9279936723637331,True,True,False,True,0.0,0.0,0.5352069421082468,-0.18473042402019058,-0.0005825403695024489
2019,A402,BARREIRAS,BA,NE,-12.124715,-45.027049,474.17,-12.0,-45.0,11708,14.17618549937242,0.912214611872146,7991,332.9583333333333,27.291465394802138,27.046224042987692,-0.24524135575861117,1.7250636679752276,2.106252563454478,0.9279936723637331,2.092057418591032,-6.509570121765137,-3.2569830417633057,-0.4308101534843445,3.4443607330322266,9.985349655151367,9.985349655151367,0.0,0.0,0.0,0.0,13.0,40.0,16.90354347229004,37.427146911621094,7991,True,24,-0.8376733948044273,2.24141919020645,0.9271105476115289,0.5924320390458161,-0.135166626751972,False,False,False,False,False,False,False,0,False,sem_flag,False,True,sem_anomalia_desempenho,2018.0,2020.0,11869.0,11708.0,-12.15,-12.12472221,-45.01666666,-45.02694443,470.37,474.17,-1.0557265666405473,-0.8208626254465164,2.209195402843524,2.0510156709625527,0.9338106359597679,0.9289008448868067,True,True,True,False,3.029650583876989,3.8000000000000114,0.8104852108819361,-0.10294283938904591,-0.005816963596034785
2020,A402,BARREIRAS,BA,NE,-12.12472221,-45.02694443,474.17,-12.0,-45.0,11708,14.17461498991426,1.0,8784,366.0,26.04150727689809,25.22064466011763,-0.8208626254465164,1.6772916762743253,2.0510156709625527,0.9289008448868067,1.879694674657708,-7.86806583404541,-3.472575235366821,-0.9870113432407379,2.5667752504348766,7.534080505371094,7.86806583404541,0.0,0.0,0.0,0.0,12.899999618530273,40.099998474121094,14.450006484985352,37.550682067871094,8784,True,24,-0.8376733948044273,2.24141919020645,0.9271105476115289,0.016810769357910815,-0.19040351924389753,False,False,False,False,False,False,False,0,False,sem_flag,False,True,sem_anomalia_desempenho,2019.0,2021.0,11708.0,11708.0,-12.124715,-12.12472221,-45.027049,-45.02694443,474.17,474.17,-0.24524135575861117,-0.6148655423871595,2.106252563454478,1.9608116734224927,0.9279936723637331,0.9256432683760131,True,True,False,False,0.011396522105589373,0.0,-0.5756212696879053,-0.05523689249192554,0.0009071725230735961
2021,A402,BARREIRAS,BA,NE,-12.12472221,-45.02694443,474.17,-12.0,-45.0,11708,14.17461498991426,0.7447488584474886,6524,271.8333333333333,26.546612491935107,25.93174696436402,-0.6148655423871595,1.5630803703126623,1.9608116734224927,0.9256432683760131,1.8620564558642754,-6.542040824890137,-3.3968249559402466,-0.718017190694809,2.7116938829421975,8.078123092651367,8.078123092651367,0.0,0.0,0.0,0.0,14.5,40.5,15.513330459594727,38.158348083496094,6524,True,24,-0.8376733948044273,2.24141919020645,0.9271105476115289,0.22280785241726775,-0.28060751678395746,False,True,False,False,False,False,False,1,True,cobertura_baixa,False,True,sem_anomalia_desempenho,2020.0,2022.0,11708.0,11708.0,-12.12472221,-12.12472221,-45.02694443,-45.02694443,474.17,474.17,-0.8208626254465164,-0.779263232468165,2.0510156709625527,2.2933199230934256,0.9289008448868067,0.9215116738069189,True,True,False,False,0.0,0.0,0.20599708305935693,-0.09020399754005992,-0.003257576510793614
2022,A402,BARREIRAS,BA,NE,-12.12472221,-45.02694443,474.17,-12.0,-45.0,11708,14.17461498991426,0.959703196347032,8407,350.2916666666667,25.972380160434614,25.19311692641807,-0.779263232468165,1.8987098593763518,2.2933199230934256,0.9215116738069189,2.156992931409608,-7.485302448272705,-3.63808069229126,-1.0496578216552734,3.240756559371948,7.559396743774414,7.559396743774414,0.0,0.0,0.0,0.0,11.5,38.70000076293945,12.804727554321289,36.007225036621094,8407,True,24,-0.8376733948044273,2.24141919020645,0.9271105476115289,0.058410162336262283,0.05190073288697539,False,False,False,False,False,False,False,0,False,sem_flag,False,True,sem_anomalia_desempenho,2021.0,2023.0,11708.0,11708.0,-12.12472221,-12.12472221,-45.02694443,-45.02694443,474.17,474.17,-0.6148655423871595,-0.6493573579401601,1.9608116734224927,2.324042313115071,0.9256432683760131,0.9316937643649813,True,True,False,False,0.0,0.0,-0.16439769008100547,0.33250824967093284,-0.004131594569094177
2023,A402,BARREIRAS,BA,NE,-12.12472221,-45.02694443,474.17,-12.0,-45.0,11708,14.17461498991426,0.9466894977168948,8293,345.5416666666667,27.120981553718348,26.471624194303555,-0.6493573579401601,1.9283697307722294,2.324042313115071,0.9316937643649813,2.231615606312686,-8.894969940185547,-3.6759382247924806,-0.9579585790634155,3.4656302452087373,9.71464729309082,9.71464729309082,0.0,0.0,0.0,0.0,12.0,40.29999923706055,13.726922988891602,37.824607849121094,8293,True,24,-0.8376733948044273,2.24141919020645,0.9271105476115289,0.18831603686426712,0.08262312290862095,False,False,False,False,False,False,False,0,False,sem_flag,False,True,sem_anomalia_desempenho,2022.0,2024.0,11708.0,11708.0,-12.12472221,-12.12472221,-45.02694443,-45.02694443,474.17,474.17,-0.779263232468165,-0.8057362701579571,2.2933199230934256,2.077448997396302,0.9215116738069189,0.9418420633256213,True,True,False,False,0.0,0.0,0.12990587452800484,0.030722390021645563,0.010182090558062407
2024,A402,BARREIRAS,BA,NE,-12.12472221,-45.02694443,474.17,-12.0,-45.0,11708,14.17461498991426,0.9568533697632058,8405,350.2083333333333,26.928637708587917,26.122901446304457,-0.8057362701579571,1.7331816857098947,2.077448997396302,0.9418420633256213,1.9149463935059265,-7.741210460662842,-3.354403924942017,-1.1192867755889893,2.789072608947751,8.90727424621582,8.90727424621582,0.0,0.0,0.0,0.0,12.399999618530273,40.400001525878906,13.943262100219727,37.705467224121094,8405,True,24,-0.8376733948044273,2.24141919020645,0.9271105476115289,0.03193712464647014,-0.16397019281014824,False,False,False,False,False,False,False,0,False,sem_flag,False,True,sem_anomalia_desempenho,2023.0,2025.0,11708.0,11708.0,-12.12472221,-12.12472221,-45.02694443,-45.02694443,474.17,474.17,-0.6493573579401601,-0.9303902304282899,2.324042313115071,2.233452575202553,0.9316937643649813,0.9253278615214797,True,True,False,False,0.0,0.0,-0.15637891221779698,-0.2465933157187692,0.010148298960639957
2025,A402,BARREIRAS,BA,NE,-12.12472221,-45.02694443,474.17,-12.0,-45.0,11708,14.17461498991426,0.9463470319634704,8290,345.4166666666667,27.030373943499114,26.099983713681507,-0.9303902304282899,1.8429541438385015,2.233452575202553,0.9253278615214797,2.030561940186004,-7.824413776397705,-3.7246099472045895,-1.135116159915924,2.7142777562141402,7.823535442352295,7.824413776397705,0.0,0.0,0.0,0.0,13.5,39.400001525878906,14.039545059204102,36.369041442871094,8290,True,24,-0.8376733948044273,2.24141919020645,0.9271105476115289,-0.09271683562386268,-0.007966615003897282,False,False,False,False,False,False,False,0,False,sem_flag,False,True,sem_anomalia_desempenho,2024.0,,11708.0,,-12.12472221,,-45.02694443,,474.17,,-0.8057362701579571,,2.077448997396302,,0.9418420633256213,,True,False,False,False,0.0,0.0,-0.12465396027033282,0.15600357780625096,-0.016514201804141537
2006,A610,PICO DO COUTO,RJ,SE,-22.48166666,-43.29138888,1777.0,-22.5,-43.25,18477,4.715609737755797,0.8879107981220657,1513,63.041666666666664,15.055584936211304,22.538849668635176,7.483264736836112,7.483264736836112,7.67966800954994,0.8788372781753379,1.7262732184865461,2.403125286102295,4.997002220153808,7.252099990844727,10.686484909057617,14.81450080871582,14.81450080871582,137.0,9.054857898215465,0.0,0.0,5.0,25.0,12.315088272094727,33.030906677246094,1513,True,20,6.798238578655507,7.096478085993965,0.8817120889340715,0.6850261581806052,0.5831899235559748,False,False,True,True,False,False,False,2,True,bias_extremo|rmse_extremo,True,True,desempenho_extremo,,2007.0,,18477.0,,-22.48166666,,-43.29138888,,1777.0,,6.871083714743613,,7.199259531427239,,0.868897331025843,False,True,False,False,,,,,
2007,A610,PICO DO COUTO,RJ,SE,-22.48166666,-43.29138888,1777.0,-22.5,-43.25,18477,4.715609737755797,0.9762557077625572,8552,356.3333333333333,14.67798175809119,21.54906547437548,6.871083714743613,6.874830010259131,7.199259531427239,0.868897331025843,2.1489733331465386,-2.2429683208465576,3.2479477643966677,6.810708999633789,10.344509553909301,16.24751091003418,16.24751091003418,615.0,7.191300280636108,0.0,0.0,0.800000011920929,26.200000762939453,8.282419204711914,34.513572692871094,8552,True,20,6.798238578655507,7.096478085993965,0.8817120889340715,0.07284513608810617,0.10278144543327361,False,False,True,True,False,False,False,2,True,bias_extremo|rmse_extremo,True,True,desempenho_extremo,2006.0,2008.0,18477.0,18477.0,-22.48166666,-22.48166666,-43.29138888,-43.29138888,1777.0,1777.0,7.483264736836112,6.759596474564156,7.67966800954994,7.052906879448176,0.8788372781753379,0.8692066299658856,True,True,False,False,0.0,0.0,-0.612181022092499,-0.48040847812270115,-0.009939947149494865
2008,A610,PICO DO COUTO,RJ,SE,-22.48166666,-43.29138888,1777.0,-22.5,-43.25,18477,4.715609737755797,0.9642531876138434,8470,352.9166666666667,14.058654075868015,20.818250549388466,6.759596474564156,6.763414349051754,7.052906879448176,0.8692066299658856,2.012915627990118,-2.30295991897583,3.170975744724274,6.863495349884033,9.808130455017087,13.994190216064453,13.994190216064453,336.0,3.9669421487603307,0.0,0.0,3.0,25.399999618530273,8.818811416625977,33.841209411621094,8470,True,20,6.798238578655507,7.096478085993965,0.8817120889340715,-0.03864210409135094,-0.04357120654578939,False,False,True,True,False,False,False,2,True,bias_extremo|rmse_extremo,True,True,desempenho_extremo,2007.0,2009.0,18477.0,18477.0,-22.48166666,-22.48166666,-43.29138888,-43.29138888,1777.0,1777.0,6.871083714743613,6.90959970710114,7.199259531427239,7.147027803344988,0.868897331025843,0.899797380285634,True,True,False,False,0.0,0.0,-0.1114872401794571,-0.146352651979063,0.0003092989400426127
2009,A610,PICO DO COUTO,RJ,SE,-22.48166666,-43.29138888,1777.0,-22.5,-43.25,18477,4.715609737755797,0.740296803652968,6485,270.2083333333333,14.501310717884907,21.410910425061157,6.90959970710114,6.911596235480524,7.147027803344988,0.899797380285634,1.8270065759216432,-2.872558116912842,3.8781643867492677,6.860302925109863,9.893760490417467,14.350391387939453,14.350391387939453,292.0,4.502698535080956,0.0,0.0,3.700000047683716,27.299999237060547,8.427881240844727,32.737937927246094,6485,True,20,6.798238578655507,7.096478085993965,0.8817120889340715,0.11136112844563328,0.050549717351023205,False,True,True,True,False,False,False,3,True,cobertura_baixa|bias_extremo|rmse_extremo,True,True,desempenho_extremo,2008.0,2010.0,18477.0,18477.0,-22.48166666,-22.48166666,-43.29138888,-43.29138888,1777.0,1777.0,6.759596474564156,6.549916428578232,7.052906879448176,6.92537810773902,0.8692066299658856,0.8506899603967071,True,True,False,False,0.0,0.0,0.15000323253698422,0.09412092389681259,0.03059075031974845
2010,A610,PICO DO COUTO,RJ,SE,-22.48166666,-43.29138888,1777.0,-22.5,-43.25,18477,4.715609737755797,0.7824200913242009,6854,285.5833333333333,13.755325353733472,20.305241785419554,6.549916428578232,6.584116827871576,6.92537810773902,0.8506899603967071,2.2494877188538127,-6.286669731140137,2.5856972336769104,6.67661190032959,9.991948938369747,16.782859802246094,16.782859802246094,340.0,4.960606944849723,0.0,0.0,2.5,25.700000762939453,8.013086318969727,33.756736755371094,6854,True,20,6.798238578655507,7.096478085993965,0.8817120889340715,-0.24832215007727498,-0.17109997825494538,False,True,True,True,False,False,False,3,True,cobertura_baixa|bias_extremo|rmse_extremo,True,True,desempenho_extremo,2009.0,2011.0,18477.0,18477.0,-22.48166666,-22.48166666,-43.29138888,-43.29138888,1777.0,1777.0,6.90959970710114,6.831587178871279,7.147027803344988,7.161793602262267,0.899797380285634,0.8703626641941049,True,True,False,False,0.0,0.0,-0.35968327852290827,-0.2216496956059686,-0.04910741988892697
2011,A610,PICO DO COUTO,RJ,SE,-22.48166666,-43.29138888,1777.0,-22.5,-43.25,18477,4.715609737755797,0.9980593607305936,8743,364.2916666666667,14.109950820600416,20.94153799645813,6.831587178871279,6.860871261737724,7.161793602262267,0.8703626641941049,2.149705278084308,-6.366262435913086,3.162523794174194,6.880420207977295,10.06583080291748,14.181836128234863,14.181836128234863,469.0,5.3642914331465175,0.0,0.0,2.5,27.700000762939453,9.058786392211914,33.460594177246094,8743,True,20,6.798238578655507,7.096478085993965,0.8817120889340715,0.03334860021577235,0.0653155162683019,False,False,True,True,False,False,False,2,True,bias_extremo|rmse_extremo,True,True,desempenho_extremo,2010.0,2012.0,18477.0,18477.0,-22.48166666,-22.48166666,-43.29138888,-43.29138888,1777.0,1777.0,6.549916428578232,6.94227900361358,6.92537810773902,7.217901398949571,0.8506899603967071,0.8883182688132018,True,True,False,False,0.0,0.0,0.28167075029304733,0.23641549452324728,0.019672703797397828
2012,A610,PICO DO COUTO,RJ,SE,-22.48166666,-43.29138888,1777.0,-22.5,-43.25,18477,4.715609737755797,0.9995446265938068,8780,365.8333333333333,14.57869020966571,21.520969208606555,6.94227900361358,6.949461694811482,7.217901398949571,0.8883182688132018,1.975678974171471,-3.8619625568389893,3.820874357223511,6.887280464172363,10.179470777511595,14.52294921875,14.52294921875,523.0,5.956719817767653,0.0,0.0,2.0999999046325684,27.399999618530273,10.255273818969727,35.370994567871094,8780,True,20,6.798238578655507,7.096478085993965,0.8817120889340715,0.14404042495807268,0.12142331295560549,False,False,True,True,False,False,False,2,True,bias_extremo|rmse_extremo,True,True,desempenho_extremo,2011.0,2013.0,18477.0,18477.0,-22.48166666,-22.48166666,-43.29138888,-43.29138888,1777.0,1777.0,6.831587178871279,6.780226922801931,7.161793602262267,7.0791810310751755,0.8703626641941049,0.8717606673343717,True,True,False,False,0.0,0.0,0.11069182474230033,0.05610779668730359,0.017955604619096843
2013,A610,PICO DO COUTO,RJ,SE,-22.48166666,-43.29138888,1777.0,-22.5,-43.25,18477,4.715609737755797,0.9976027397260274,8739,364.125,14.20974940429196,20.989976324632956,6.780226922801931,6.799986269014684,7.0791810310751755,0.8717606673343717,2.035632854769783,-3.975301742553711,3.461640477180481,6.740918159484863,10.021596717834473,12.955761909484863,12.955761909484863,445.0,5.0921158027234235,0.0,0.0,2.9000000953674316,25.899999618530273,9.869531631469727,36.054588317871094,8739,True,20,6.798238578655507,7.096478085993965,0.8817120889340715,-0.018011655853576336,-0.017297054918789634,False,False,True,True,False,False,False,2,True,bias_extremo|rmse_extremo,True,True,desempenho_extremo,2012.0,2014.0,18477.0,18477.0,-22.48166666,-22.48166666,-43.29138888,-43.29138888,1777.0,1777.0,6.94227900361358,6.899685161004681,7.217901398949571,7.200080289611098,0.8883182688132018,0.8959226482207824,True,True,False,False,0.0,0.0,-0.162052080811649,-0.13872036787439512,-0.01655760147883001
2014,A610,PICO DO COUTO,RJ,SE,-22.48166666,-43.29138888,1777.0,-22.5,-43.25,18477,4.715609737755797,0.9996575342465752,8757,364.875,14.799908653846053,21.69959380918814,6.899685161004681,6.911514303817251,7.200080289611098,0.8959226482207824,2.0581507674119455,-4.666262626647949,3.3417752265930174,6.904101848602295,10.098203277587888,13.956445693969727,13.956445693969727,491.0,5.6069430170149595,0.0,0.0,1.7999999523162842,28.399999618530273,9.633737564086914,36.393699645996094,8757,True,20,6.798238578655507,7.096478085993965,0.8817120889340715,0.10144658234917436,0.10360220361713246,False,False,True,True,False,False,False,2,True,bias_extremo|rmse_extremo,True,True,desempenho_extremo,2013.0,2015.0,18477.0,18477.0,-22.48166666,-22.48166666,-43.29138888,-43.29138888,1777.0,1777.0,6.780226922801931,6.475454765776077,7.0791810310751755,6.842140077229484,0.8717606673343717,0.8547452683635953,True,True,False,False,0.0,0.0,0.1194582382027507,0.1208992585359221,0.02416198088641064
2015,A610,PICO DO COUTO,RJ,SE,-22.48166666,-43.29138888,1777.0,-22.5,-43.25,18477,4.715609737755797,0.5388127853881278,4720,196.66666666666666,14.229173722206536,20.70462849342217,6.475454765776077,6.490082256139209,6.842140077229484,0.8547452683635953,2.210068153607366,-3.305175304412842,2.840562915802002,6.480572938919067,10.050203371047974,16.110837936401367,16.110837936401367,249.0,5.27542372881356,0.0,0.0,5.300000190734863,29.899999618530273,11.599756240844727,35.919334411621094,4720,True,20,6.798238578655507,7.096478085993965,0.8817120889340715,-0.3227838128794298,-0.2543380087644813,False,True,True,True,False,False,False,3,True,cobertura_baixa|bias_extremo|rmse_extremo,True,True,desempenho_extremo,2014.0,2016.0,18477.0,18477.0,-22.48166666,-22.48166666,-43.29138888,-43.29138888,1777.0,1777.0,6.899685161004681,6.415629994571729,7.200080289611098,6.751831472211408,0.8959226482207824,0.896066423902251,True,True,False,False,0.0,0.0,-0.4242303952286042,-0.3579402123816138,-0.04117737985718706
2016,A610,PICO DO COUTO,RJ,SE,-22.48166666,-43.29138888,1777.0,-22.5,-43.25,18477,4.715609737755797,0.4567395264116575,4012,167.16666666666666,13.842397816040936,20.258027801841706,6.415629994571729,6.417933979895289,6.751831472211408,0.896066423902251,2.104286980603029,-0.8749294281005859,2.8262277245521545,6.410287857055664,9.792087793350218,15.310108184814453,15.310108184814453,164.0,4.087736789631107,0.0,0.0,2.5,27.5,7.036035060882568,33.935691833496094,4012,True,20,6.798238578655507,7.096478085993965,0.8817120889340715,-0.38260858408377807,-0.34464661378255723,False,True,True,True,False,False,False,3,True,cobertura_baixa|bias_extremo|rmse_extremo,True,True,desempenho_extremo,2015.0,2017.0,18477.0,18477.0,-22.48166666,-22.48166666,-43.29138888,-43.29138888,1777.0,1777.0,6.475454765776077,7.407842843038913,6.842140077229484,7.6623089752502365,0.8547452683635953,0.8830529656296341,True,True,False,False,0.0,0.0,-0.05982477120434826,-0.09030860501807592,0.041321155538655674
2017,A610,PICO DO COUTO,RJ,SE,-22.48166666,-43.29138888,1777.0,-22.5,-43.25,18477,4.715609737755797,0.6791095890410959,5949,247.875,15.215027746302198,22.622870575582144,7.407842843038913,7.409296303864767,7.6623089752502365,0.8830529656296341,1.958440188829444,-1.355709433555603,4.225342273712158,7.381103992462158,10.494472885131835,14.89189338684082,14.89189338684082,529.0,8.89225079845352,0.0,0.0,4.099999904632568,27.5,10.794336318969727,33.881248474121094,5949,True,20,6.798238578655507,7.096478085993965,0.8817120889340715,0.6096042643834059,0.5658308892562713,False,True,True,True,False,False,False,3,True,cobertura_baixa|bias_extremo|rmse_extremo,True,True,desempenho_extremo,2016.0,2018.0,18477.0,18477.0,-22.48166666,-22.48166666,-43.29138888,-43.29138888,1777.0,1777.0,6.415629994571729,7.063929753774752,6.751831472211408,7.297074345073374,0.896066423902251,0.8885456183111978,True,True,False,False,0.0,0.0,0.9922128484671839,0.9104775030388286,-0.013013458272616907
2018,A610,PICO DO COUTO,RJ,SE,-22.48166666,-43.29138888,1777.0,-22.5,-43.25,18477,4.715609737755797,0.9915525114155253,8686,361.9166666666667,14.55735667216292,21.621286418562576,7.063929753774752,7.0660582214247345,7.297074345073374,0.8885456183111978,1.8299114583539067,-2.466329574584961,4.110944867134094,7.010669469833374,10.08383822441101,14.12436580657959,14.12436580657959,479.0,5.514621229564817,0.0,0.0,3.4000000953674316,26.799999237060547,10.490839004516602,34.077049255371094,8686,True,20,6.798238578655507,7.096478085993965,0.8817120889340715,0.2656911751192448,0.2005962590794086,False,False,True,True,False,False,False,2,True,bias_extremo|rmse_extremo,True,True,desempenho_extremo,2017.0,2019.0,18477.0,18477.0,-22.48166666,-22.46472222,-43.29138888,-43.29138888,1777.0,1777.0,7.407842843038913,6.789405424607124,7.6623089752502365,7.072397192851144,0.8830529656296341,0.8908056276867282,True,True,False,False,0.0,0.0,-0.3439130892641611,-0.36523463017686275,0.005492652681563737
2019,A610,PICO DO COUTO,RJ,SE,-22.46472222,-43.29138888,1777.0,-22.5,-43.25,18477,5.785420347536907,0.9995433789954338,8756,364.8333333333333,15.314504348779716,22.10390976304167,6.789405424607124,6.800307198416343,7.072397192851144,0.8908056276867282,1.9807130269140583,-5.073177814483643,3.386255204677582,6.827710390090942,9.890307664871216,14.54917049407959,14.54917049407959,390.0,4.454088624942896,0.0,0.0,2.799999952316284,26.899999618530273,9.112695693969727,35.939353942871094,8756,True,20,6.798238578655507,7.096478085993965,0.8817120889340715,-0.00883315404838303,-0.024080893142820692,False,False,True,True,False,False,False,2,True,bias_extremo|rmse_extremo,True,True,desempenho_extremo,2018.0,2020.0,18477.0,18477.0,-22.48166666,-22.46472222,-43.29138888,-43.29138888,1777.0,1777.0,7.063929753774752,7.190060952049217,7.297074345073374,7.363646734202841,0.8885456183111978,0.8729815820177675,True,True,False,False,1.8841383653123116,0.0,-0.2745243291676278,-0.22467715222222928,0.002260009375530392
2020,A610,PICO DO COUTO,RJ,SE,-22.46472222,-43.29138888,1777.0,-22.5,-43.25,18477,5.785420347536907,0.1375227686703096,1208,50.333333333333336,17.298427151528415,24.488488107327594,7.190060952049217,7.190060952049217,7.363646734202841,0.8729815820177675,1.590097414126691,1.5553226470947266,4.871719193458557,6.971362590789795,9.990304327011104,13.045215606689453,13.045215606689453,60.0,4.966887417218543,0.0,0.0,11.600000381469727,25.899999618530273,18.777978897094727,33.381248474121094,1208,True,20,6.798238578655507,7.096478085993965,0.8817120889340715,0.39182237339371007,0.26716864820887576,False,True,True,True,False,False,False,3,True,cobertura_baixa|bias_extremo|rmse_extremo,True,True,desempenho_extremo,2019.0,2021.0,18477.0,18477.0,-22.46472222,-22.46472222,-43.29138888,-43.29138888,1777.0,1777.0,6.789405424607124,6.608297776462751,7.072397192851144,6.909498552099523,0.8908056276867282,0.8911897379558591,True,True,False,False,0.0,0.0,0.4006555274420931,0.29124954135169645,-0.017824045668960675
2021,A610,PICO DO COUTO,RJ,SE,-22.46472222,-43.29138888,1777.0,-22.5,-43.25,18477,5.785420347536907,0.7718036529680365,6761,281.7083333333333,14.319819549637211,20.928117326934775,6.608297776462751,6.618064944692221,6.909498552099523,0.8911897379558591,2.017962596884527,-2.5706753730773926,3.074524402618408,6.709961414337158,9.759912490844727,14.26708984375,14.26708984375,253.0,3.7420499926046444,0.0,0.0,0.699999988079071,27.299999237060547,7.651071071624756,33.621726989746094,6761,True,20,6.798238578655507,7.096478085993965,0.8817120889340715,-0.18994080219275578,-0.18697953389444244,False,True,True,True,False,False,False,3,True,cobertura_baixa|bias_extremo|rmse_extremo,True,True,desempenho_extremo,2020.0,2022.0,18477.0,18477.0,-22.46472222,-22.46472222,-43.29138888,-43.29138888,1777.0,1777.0,7.190060952049217,6.673360386730865,7.363646734202841,6.994918784398471,0.8729815820177675,0.8803712122385089,True,True,False,False,0.0,0.0,-0.5817631755864658,-0.4541481821033182,0.018208155938091553
2022,A610,PICO DO COUTO,RJ,SE,-22.46472222,-43.29138888,1777.0,-22.5,-43.25,18477,5.785420347536907,0.8409817351598173,7367,306.9583333333333,14.309243927530119,20.982604308352958,6.673360386730865,6.690367826730017,6.994918784398471,0.8803712122385089,2.09660359386983,-3.688711166381836,3.2090677976608277,6.696289539337158,9.972427082061767,15.06894588470459,15.06894588470459,355.0,4.818786480249763,0.0,0.0,1.7999999523162842,26.299999237060547,9.276773452758789,33.627342224121094,7367,True,20,6.798238578655507,7.096478085993965,0.8817120889340715,-0.12487819192464222,-0.10155930159549431,False,False,True,True,False,False,False,2,True,bias_extremo|rmse_extremo,True,True,desempenho_extremo,2021.0,2023.0,18477.0,18477.0,-22.46472222,-22.46472222,-43.29138888,-43.29138888,1777.0,1777.0,6.608297776462751,6.466961031718615,6.909498552099523,6.781326360001844,0.8911897379558591,0.8908174096535343,True,True,False,False,0.0,0.0,0.06506261026811355,0.08542023229894813,-0.010818525717350203
2023,A610,PICO DO COUTO,RJ,SE,-22.46472222,-43.29138888,1777.0,-22.5,-43.25,18477,5.785420347536907,0.9998858447488584,8759,364.9583333333333,15.441260420278486,21.90822144961409,6.466961031718615,6.481672358282445,6.781326360001844,0.8908174096535343,2.040901212136567,-3.354931354522705,2.8909189224243166,6.490185737609863,9.699956226348878,16.48056411743164,16.48056411743164,310.0,3.5392168055714124,0.0,0.0,2.299999952316284,29.5,9.546182632446289,39.237937927246094,8759,True,20,6.798238578655507,7.096478085993965,0.8817120889340715,-0.33127754693689226,-0.3151517259921208,False,False,True,True,False,False,False,2,True,bias_extremo|rmse_extremo,True,True,desempenho_extremo,2022.0,2024.0,18477.0,18477.0,-22.46472222,-22.46472222,-43.29138888,-43.29138888,1777.0,1777.0,6.673360386730865,6.316862278149129,6.994918784398471,6.679743367454493,0.8803712122385089,0.8593505060196314,True,True,False,False,0.0,0.0,-0.20639935501225004,-0.2135924243966265,0.010446197415025393
2024,A610,PICO DO COUTO,RJ,SE,-22.46472222,-43.29138888,1777.0,-22.5,-43.25,18477,5.785420347536907,0.9998861566484516,8783,365.9583333333333,15.914562230037962,22.231424499749732,6.316862278149129,6.342610128579544,6.679743367454493,0.8593505060196314,2.171810177429875,-4.664092540740967,2.569187617301941,6.420557022094727,9.684805107116699,14.50590705871582,14.50590705871582,322.0,3.6661732893088925,0.0,0.0,1.5,28.399999618530273,8.110742568969727,34.536033630371094,8783,True,20,6.798238578655507,7.096478085993965,0.8817120889340715,-0.48137630050637803,-0.4167347185394723,False,False,True,True,False,False,False,2,True,bias_extremo|rmse_extremo,True,True,desempenho_extremo,2023.0,2025.0,18477.0,18477.0,-22.46472222,-22.46472222,-43.29138888,-43.29138888,1777.0,1777.0,6.466961031718615,6.807071732703891,6.781326360001844,7.113775140912755,0.8908174096535343,0.8978312944039939,True,True,False,False,0.0,0.0,-0.15009875356948577,-0.10158299254735148,-0.03146690363390292
2025,A610,PICO DO COUTO,RJ,SE,-22.46472222,-43.29138888,1777.0,-22.5,-43.25,18477,5.785420347536907,0.9995433789954338,8756,364.8333333333333,14.448880764012905,21.255952499783056,6.807071732703891,6.8157113140241306,7.113775140912755,0.8978312944039939,2.06641207255747,-5.097845077514648,3.376587390899658,6.805566787719727,10.161425828933716,14.81503963470459,14.81503963470459,517.0,5.9045226130653266,0.0,0.0,1.899999976158142,28.100000381469727,7.994287014007568,34.938133239746094,8756,True,20,6.798238578655507,7.096478085993965,0.8817120889340715,0.008833154048383918,0.017297054918789634,False,False,True,True,False,False,False,2,True,bias_extremo|rmse_extremo,True,True,desempenho_extremo,2024.0,,18477.0,,-22.46472222,,-43.29138888,,1777.0,,6.316862278149129,,6.679743367454493,,0.8593505060196314,,True,False,False,False,0.0,0.0,0.49020945455476195,0.43403177345826194,0.03848078838436253
