ano,amostra,area,n_pares,n_estacoes,media_inmet_c_pares,media_era5_c_pares,bias_pares_c,mae_pares_c,rmse_pares_c,correlacao_pares,erro_p05_pares_c,erro_mediana_pares_c,erro_p95_pares_c,n_abs_erro_gt5,n_abs_erro_gt10,pct_abs_erro_gt5,pct_abs_erro_gt10,n_estacoes_equilibradas,n_pares_mediana_estacao,bias_media_estacoes_c,bias_mediana_estacoes_c,mae_media_estacoes_c,mae_mediana_estacoes_c,rmse_equilibrado_estacoes_c,rmse_mediana_estacoes_c,correlacao_mediana_estacoes,n_pares_completa,bias_pares_c_completa,mae_pares_c_completa,rmse_pares_c_completa,correlacao_pares_completa,pares_removidos_qc,delta_bias_qc_c,delta_mae_qc_c,delta_rmse_qc_c,delta_correlacao_qc
2000,principal,Brasil,19722,5,23.90721022138585,23.03203789240786,-0.8751723293379152,1.568230374476565,2.070225675933468,0.9170610416767292,-4.134695959091187,-0.7332439422607422,1.7753373384475708,478,6,2.423689281005983,0.0304228780042592,5,5011.0,-0.8159860845210666,-0.5845771976100855,1.5300465665166463,1.4474220519243663,2.008868916334978,1.8250206695770042,0.9047682878219996,19722,-0.8751723293379152,1.568230374476565,2.070225675933471,0.9170610416767321,0,0.0,0.0,-3.1086244689504383e-15,-2.886579864025407e-15
2000,principal,Norte,5011,1,27.28591099063262,25.849798462105902,-1.4361125340792138,1.7638407973621748,2.194687464258045,0.8495393781250017,-4.138158798217773,-1.3760738372802734,1.0888919830322266,112,0,2.2350828178008384,0.0,1,5011.0,-1.4361125340792138,-1.4361125340792138,1.7638407973621748,1.7638407973621748,2.194687464258037,2.194687464258037,0.8495393781250047,5011,-1.4361125340792138,1.7638407973621748,2.194687464258056,0.8495393781250006,0,0.0,0.0,-1.1102230246251565e-14,1.1102230246251565e-15
2000,principal,Nordeste,2093,1,26.319159092654807,25.734581902217364,-0.5845771976100855,1.4474220519243663,1.8250206695770044,0.6467910125594358,-3.606181240081787,-0.028905868530273438,1.6093266010284424,3,0,0.1433349259436216,0.0,1,2093.0,-0.5845771976100855,-0.5845771976100855,1.4474220519243663,1.4474220519243663,1.8250206695770042,1.8250206695770042,0.6467910125594333,2093,-0.5845771976100855,1.4474220519243663,1.8250206695770044,0.6467910125594358,0,0.0,0.0,0.0,0.0
2000,principal,Centro-Oeste,5174,1,21.572110557814202,21.792223489832868,0.22011293763703463,0.9864354468047444,1.4333278075119147,0.9376835560681706,-1.741610962152481,0.13909798115491867,2.435952270030973,60,5,1.1596443757247779,0.09663703131039815,1,5174.0,0.22011293763703463,0.22011293763703463,0.9864354468047444,0.9864354468047444,1.433327807511921,1.433327807511921,0.9376835560681692,5174,0.22011293763703463,0.9864354468047444,1.4333278075119096,0.9376835560681696,0,0.0,0.0,5.10702591327572e-15,9.992007221626409e-16
2000,principal,Sudeste,5066,1,23.136735105156852,21.440741753229922,-1.6959933433661964,2.1378849425675837,2.663221164935644,0.9047682878220054,-5.0578694343566895,-1.5709712505340576,1.5704349875450134,281,0,5.546782471377813,0.0,1,5066.0,-1.6959933433661964,-1.6959933433661964,2.1378849425675837,2.1378849425675837,2.6632211649356154,2.6632211649356154,0.9047682878219996,5066,-1.6959933433661964,2.1378849425675837,2.663221164935644,0.9047682878220058,0,0.0,0.0,0.0,-4.440892098500626e-16
2000,principal,Sul,2378,1,21.386669454301877,20.803309184548432,-0.5833602851868717,1.3146495939243619,1.6980113450097238,0.9459862470481354,-2.853986346721649,-0.654906839132309,1.9919169127941132,22,1,0.9251471825063078,0.04205214465937763,1,2378.0,-0.5833602851868717,-0.5833602851868717,1.3146495939243619,1.3146495939243619,1.6980113450097243,1.6980113450097243,0.9459862470481343,2378,-0.5833602851868717,1.3146495939243619,1.6980113450097223,0.9459862470481345,0,0.0,0.0,1.5543122344752192e-15,8.881784197001252e-16
2001,principal,Brasil,60807,16,23.8499103722356,23.3351736301549,-0.5147367420891202,1.4976493560170403,1.9366160703442008,0.9216352758630859,-3.565692973136902,-0.5072749853134155,2.503557205200193,847,6,1.3929317348331607,0.009867285016527703,16,2868.5,-0.4837780670552731,-0.4495890857464293,1.5223066439326298,1.6100764643080945,1.9615287972648836,2.000741466844365,0.9237981795863823,60807,-0.5147367420891202,1.4976493560170403,1.9366160703441935,0.9216352758630821,0,0.0,0.0,7.327471962526033e-15,3.774758283725532e-15
2001,principal,Norte,6450,1,27.409255799286125,26.099448945097222,-1.3098068680127228,1.6627210963452406,2.0553864379901183,0.8735884096134897,-3.874625277519226,-1.275185763835907,1.2517850339412653,74,0,1.1472868217054264,0.0,1,6450.0,-1.3098068680127228,-1.3098068680127228,1.6627210963452406,1.6627210963452406,2.055386437990101,2.055386437990101,0.8735884096134866,6450,-1.3098068680127228,1.6627210963452406,2.055386437990124,0.8735884096134919,0,0.0,0.0,-5.773159728050814e-15,-2.220446049250313e-15
2001,principal,Nordeste,8631,2,25.842579085060873,25.45555361788735,-0.3870254585067226,1.3405203127674317,1.6896438670016667,0.6871085922935084,-3.4088131189346313,0.014941787347197533,1.7713138461112976,31,0,0.3591704321631329,0.0,2,4315.5,-0.25874351123597,-0.25874351123597,1.2648999469778883,1.2648999469778883,1.6483277825389464,1.6477596907162717,0.7808978296765047,8631,-0.3870254585067226,1.3405203127674317,1.6896438670016667,0.6871085922935088,0,0.0,0.0,0.0,-4.440892098500626e-16
2001,principal,Centro-Oeste,25177,6,22.995924852486898,22.92603419229235,-0.06989065989150861,1.4249472337970295,1.8757325662276987,0.9205848364484316,-2.859540557861327,-0.19545860588550568,3.260928058624266,394,6,1.5649203638241251,0.02383127457600191,6,3649.5,-0.09586957584551949,-0.14577864122323664,1.5284773094857786,1.6100764643080945,1.9877452062716163,2.100307853714101,0.9161567137840012,25177,-0.06989065989150861,1.4249472337970295,1.8757325662277018,0.9205848364484338,0,0.0,0.0,-3.1086244689504383e-15,-2.220446049250313e-15
2001,principal,Sudeste,9722,2,24.364688342158576,23.28771850626745,-1.0769698296025805,1.8532934313572296,2.3260600234880564,0.9061108592936836,-4.429185295104981,-0.9967769682407379,2.177317321300504,228,0,2.3451964616334084,0.0,2,4861.0,-0.6860295303061372,-0.6860295303061372,1.7101951515069924,1.7101951515069924,2.176752487993612,2.1407875187721546,0.927513020605551,9722,-1.0769698296025805,1.8532934313572296,2.3260600234880493,0.9061108592936828,0,0.0,0.0,7.105427357601002e-15,7.771561172376096e-16
2001,principal,Sul,10827,5,21.664597759531333,20.9921133998051,-0.6724843647986283,1.3742834816147467,1.7975151233806879,0.9476228214051479,-3.356903910636902,-0.6446285247802734,1.9461184978485062,120,0,1.1083402604599613,0.0,5,842.0,-0.793175733342863,-0.8980749848710331,1.514626230538481,1.6600775163151453,1.9349238938433762,1.946096495698629,0.9511142775120063,10827,-0.6724843647986283,1.3742834816147467,1.797515123380691,0.9476228214051481,0,0.0,0.0,-3.1086244689504383e-15,-2.220446049250313e-16
2002,principal,Brasil,134426,30,22.97194069037976,22.83040235456343,-0.14153834155408404,1.6089291826134366,2.1123936244179666,0.9353964942530146,-3.3021477460861206,-0.2791057676076889,3.597339153289795,3444,94,2.5620043741538097,0.069926948655766,30,5630.5,-0.45748147970782,-0.3923654894492127,1.679856371582448,1.495177142929855,2.1789975620437536,1.9171705190970676,0.9248894088284525,134426,-0.14153834155408404,1.6089291826134366,2.112393624417946,0.9353964942530123,0,0.0,0.0,2.042810365310288e-14,2.3314683517128287e-15
2002,principal,Norte,5617,1,27.662791512414444,26.575789886754414,-1.087001638565292,1.4903519862205463,1.8428717863187785,0.866586347464512,-3.492890167236328,-1.1028804779052734,1.354277753829956,32,0,0.5696991276482108,0.0,1,5617.0,-1.087001638565292,-1.087001638565292,1.4903519862205463,1.4903519862205463,1.8428717863187707,1.8428717863187707,0.8665863474645116,5617,-1.087001638565292,1.4903519862205463,1.8428717863187765,0.8665863474645097,0,0.0,0.0,1.9984014443252818e-15,2.3314683517128287e-15
2002,principal,Nordeste,19014,4,25.545745230327963,25.05304759005411,-0.492697650594404,1.534115060368066,1.9023601745102157,0.9058250874702691,-3.500798511505127,-0.45517539978027344,2.359148359298706,112,1,0.5890396549910591,0.005259282633848743,4,5465.5,-0.2759881349965735,-0.38379940800572493,1.5990057866276557,1.5568180606437059,1.9331560499772613,1.835704242716793,0.897328500803364,19014,-0.492697650594404,1.534115060368066,1.9023601745102299,0.9058250874702707,0,0.0,0.0,-1.4210854715202004e-14,-1.5543122344752192e-15
2002,principal,Centro-Oeste,48824,10,24.132709316488135,24.066126083079546,-0.06658324059501783,1.4541878015209524,1.8968979080463226,0.932413574011448,-2.9093233346939087,-0.20368614047765732,3.249548554420471,697,28,1.4275766016713092,0.05734884483041127,10,7637.0,-0.4377899285459607,-0.3923654894492127,1.5361852702437038,1.4867122767835081,2.002232430431666,1.960543909683485,0.9287939073200531,48824,-0.06658324059501783,1.4541878015209524,1.8968979080463342,0.9324135740114476,0,0.0,0.0,-1.1546319456101628e-14,3.3306690738754696e-16
2002,principal,Sudeste,22899,10,22.248683347123496,22.514651302396118,0.2659679541078072,2.2567075500394083,2.8686344378125765,0.9100028360652785,-3.9000730037689206,-0.0945308655500412,5.26231198310852,1727,32,7.541814053015415,0.13974409362854273,10,834.5,-0.6374974992252672,-1.0346070870306328,1.980630553032345,1.5685392682412098,2.5434304560208827,1.9781992242944364,0.9118985561351322,22899,0.2659679541078072,2.2567075500394083,2.868634437812575,0.9100028360652805,0,0.0,0.0,1.3322676295501878e-15,-1.9984014443252818e-15
2002,principal,Sul,38072,5,19.940885687022064,19.772989813761054,-0.1678958765452192,1.472613259816748,1.9705238495874742,0.9434817417629789,-3.1200091004371644,-0.25403404235839844,3.0965677738189687,876,33,2.3009035511662113,0.08667787350283673,5,7657.0,-0.15612318699414737,-0.2142054640592086,1.4682315563963535,1.3879253033851786,1.9655347204180984,1.886033947468026,0.9510903617058,38072,-0.1678958765452192,1.472613259816748,1.970523849587478,0.9434817417629799,0,0.0,0.0,-3.774758283725532e-15,-9.992007221626409e-16
2003,principal,Brasil,328190,53,24.049090766566593,23.56818188623499,-0.48090888421062816,1.4834079535213331,1.93779239865068,0.9371495981069237,-3.4177998900413513,-0.5290523767471313,2.699272859096526,5511,88,1.6792102135957827,0.026813735945641244,53,7125.0,-0.398104648697949,-0.49189315883648005,1.4887733689932663,1.4499184248156654,1.9498022995870523,1.8647009843237674,0.9275494694236317,328190,-0.48090888421062816,1.483407953521333,1.9377923986507057,0.9371495981069236,0,0.0,2.220446049250313e-16,-2.5757174171303632e-14,1.1102230246251565e-16
2003,principal,Norte,15985,3,27.166086947310145,26.656480173726063,-0.5096067828993514,1.1832336519849171,1.5450905840607083,0.8898305295647794,-3.0613472938537596,-0.39794883131980896,1.6224699020385742,62,0,0.38786362214576164,0.0,3,6279.0,-0.7365916808733285,-0.39251596346501394,1.3135875316772723,1.2294661700200769,1.6888380811401495,1.5736276274117278,0.8799222396688423,15985,-0.5096067828993514,1.1832336519849171,1.5450905840607108,0.8898305295647772,0,0.0,0.0,-2.4424906541753444e-15,2.220446049250313e-15
2003,principal,Nordeste,111331,17,25.91886446323099,25.434106800672705,-0.48475766656920616,1.200015335075705,1.5385397014223599,0.9300179548860807,-2.8871089220046997,-0.48510703444480896,1.8990482687950134,329,5,0.2955151754677493,0.004491112089175521,17,7423.0,-0.4699357376225426,-0.49189315883648005,1.2106526378855809,1.1191720868797408,1.5482255227717459,1.4004309496761238,0.9364133184131124,111331,-0.48475766656920616,1.2000153350757048,1.538539701422356,0.9300179548860832,0,0.0,2.220446049250313e-16,3.774758283725532e-15,-2.4424906541753444e-15
2003,principal,Centro-Oeste,80132,13,24.640561816916453,24.35578853301624,-0.2847732897083798,1.526918887358818,1.9669918132642688,0.9201792641010027,-3.2642305493354797,-0.38819846510887146,3.1548328876495346,1311,8,1.6360505166475316,0.009983527180152748,13,7202.0,-0.10124940651908733,-0.14454467142984737,1.5266557931695515,1.540716450937294,1.9745117028127583,1.9612592384410727,0.9265988925972621,80132,-0.2847732897083798,1.5269188873588182,1.96699181326427,0.9201792641010057,0,0.0,-2.220446049250313e-16,-1.3322676295501878e-15,-2.9976021664879227e-15
2003,principal,Sudeste,77249,13,22.80322463535362,22.049239265758086,-0.7539853710991642,1.9139493830850538,2.4275571864665806,0.9135323871030008,-4.111308193206787,-0.9462398290634155,3.6055472850799535,2921,62,3.7812787220546547,0.08025993863998239,13,6219.0,-0.5345545022186519,-0.8760301647814134,1.882208807296084,1.6186704150005873,2.4236464957099457,1.9638316299258352,0.937341672079756,77249,-0.7539853710991642,1.9139493830850538,2.427557186466527,0.9135323871029997,0,0.0,0.0,5.3734794391857577e-14,1.1102230246251565e-15
2003,principal,Sul,43493,7,19.24043638979117,18.90358224708696,-0.3368541449123402,1.4742836524061336,1.950146419909644,0.9439927438155628,-3.373026990890503,-0.3768550753593445,2.8695999622344974,888,13,2.041707861035109,0.029889867334973445,7,7125.0,-0.3764875693139255,-0.5584889155256848,1.438270187357594,1.4204573885707055,1.895114478820385,1.8705096625848963,0.9570911700437043,43493,-0.3368541449123402,1.4742836524061336,1.9501464199096543,0.9439927438155644,0,0.0,0.0,-1.021405182655144e-14,-1.6653345369377348e-15
2004,principal,Brasil,332314,55,24.459374565113354,23.859797258550813,-0.5995773088448221,1.4612036349499358,1.9232757019604314,0.9272500665478379,-3.5574409961700435,-0.5926021635532379,2.3344541311264018,5808,81,1.7477446029959616,0.024374537335170955,55,7793.0,-0.5588157678010366,-0.6371609930162765,1.5691909149400443,1.4400847246322586,2.110985012475015,1.8216175294276764,0.9236227934135048,332314,-0.5995773088448222,1.4612036349499355,1.9232757019604207,0.9272500665478345,0,1.1102230246251565e-16,2.220446049250313e-16,1.0658141036401503e-14,3.4416913763379853e-15
2004,principal,Norte,19695,4,26.95500380135212,26.35513320578086,-0.59987060218031,1.2356295046035521,1.5917519675263905,0.8851398728799745,-3.069716382026672,-0.5696773529052734,1.679912531375885,77,0,0.390962173140391,0.0,4,5304.0,-0.6955201224441643,-0.7478922853320418,1.3356511187175797,1.3677375316414362,1.7128316100713175,1.7158994097596558,0.8655500867986108,19695,-0.59987060218031,1.2356295046035521,1.5917519675263907,0.8851398728799761,0,0.0,0.0,-2.220446049250313e-16,-1.5543122344752192e-15
2004,principal,Nordeste,130623,20,25.781382296646676,25.07254115434,-0.7088411441567208,1.3722774953587131,1.853815816693781,0.8961596813134707,-3.620648980140686,-0.6086910367012024,1.8761542916297902,2595,18,1.9866332881651776,0.01378011529363129,20,8246.0,-0.6239569601243851,-0.6733130871808128,1.4415645701337048,1.1832730393797593,2.014476835286803,1.5013421712605606,0.9118037776280115,130623,-0.7088411441567208,1.3722774953587131,1.8538158166937635,0.8961596813134718,0,0.0,0.0,1.7541523789077473e-14,-1.1102230246251565e-15
2004,principal,Centro-Oeste,85006,11,24.910634540057004,24.687333554954325,-0.22330098846239302,1.4927069600135492,1.9346513384628772,0.9203433375062721,-3.2155888080596924,-0.3053462952375412,3.0297475457191467,1359,12,1.598710679246171,0.014116650589370163,11,8486.0,-0.2436131316615273,-0.27526534912438916,1.4922447516892532,1.5072419872223999,1.9345220598908082,1.9785399134582806,0.9269938691838213,85006,-0.22330098846239302,1.4927069600135492,1.93465133846287,0.9203433375062676,0,0.0,0.0,7.105427357601002e-15,4.440892098500626e-15
2004,principal,Sudeste,63163,14,22.713642478277958,21.64324872186449,-1.070393758871809,1.7190970466818094,2.1812697059419506,0.9078134904362363,-3.993939995765686,-1.1060054302215576,2.0527153015136705,1248,44,1.9758402862435287,0.06966103573294492,14,4130.0,-0.8021528661074279,-0.9609116164029994,1.9323989679538816,1.6220379825794748,2.52066340724209,2.058603831798334,0.920434697670036,63163,-1.070393758871809,1.7190970466818094,2.1812697059419537,0.9078134904362367,0,0.0,0.0,-3.1086244689504383e-15,-4.440892098500626e-16
2004,principal,Sul,33827,6,20.027111480799785,19.78318441763305,-0.24392706156263932,1.3752128114485431,1.817406341755401,0.9544580188433868,-3.1061177492141723,-0.2693355679512024,2.660444736480709,529,7,1.563839536464954,0.020693528837910546,6,6074.5,-0.26062716050197726,-0.33405119439805525,1.4438877707036497,1.357108180845985,1.9182509431085408,1.774295416098346,0.9434920429753151,33827,-0.24392706156263932,1.3752128114485431,1.8174063417554072,0.9544580188433874,0,0.0,0.0,-6.217248937900877e-15,-6.661338147750939e-16
2005,principal,Brasil,418296,61,24.369266018900273,23.844531581307926,-0.5247344408211475,1.4652955214774508,1.9454794878469348,0.9378155919927521,-3.517547309398651,-0.5188961029052734,2.4589725732803345,7988,224,1.9096524948840055,0.053550595750377725,61,7806.0,-0.4829875322434542,-0.47268432782238784,1.4729021491879113,1.3916334189242685,1.9519991112557082,1.7850701804600397,0.9278124556420364,419449,-0.47730466699977125,1.5072550127459294,2.1418344554236386,0.9237622792296618,1153,-0.04742977382137625,-0.041959491268478644,-0.1963549675767038,0.014053312763090298
2005,principal,Norte,33905,5,27.539115161442894,26.685804280769226,-0.8533108939347791,1.6314359299089156,2.101185212284238,0.8822084125991199,-3.824589490890503,-0.8337520360946655,2.1691117763519285,617,33,1.8197905913582069,0.09733077717150862,5,6587.0,-0.9279182501287611,-0.36374188643688027,1.6866030711247297,1.8092387381058765,2.1558462639419966,2.1675571713447996,0.8870552651635651,33905,-0.8533108939347792,1.6314359299089156,2.1011852122842285,0.882208412599119,0,1.1102230246251565e-16,0.0,9.325873406851315e-15,8.881784197001252e-16
2005,principal,Nordeste,147705,21,26.220204456812688,25.621960348573037,-0.59824411304338,1.2809587507064184,1.746344717608745,0.9139234622485848,-3.327040672302246,-0.5333980321884155,1.8171976089477515,2721,15,1.8421854371889916,0.010155377272265665,21,7762.0,-0.604305017142384,-0.5463990135826021,1.2855012767323422,1.1053687097628913,1.7362761052546924,1.410978017966472,0.9278124556420364,148858,-0.4640280960898091,1.4006191448388883,2.3058325241521422,0.8559023263425934,1153,-0.13421601695357088,-0.11966039413246987,-0.5594878065433972,0.05802113590599134
2005,principal,Centro-Oeste,86661,14,24.99463887955329,24.67982284206823,-0.31481603823855764,1.5830806550086842,2.0973333107360337,0.9138756101867602,-3.467528820037842,-0.38476523756980896,3.125049114227295,1813,125,2.092059865452741,0.1442402003207902,14,8096.5,-0.20209843387816326,-0.26984628498006336,1.5776000309323635,1.527214445738744,2.1017822410967777,1.9875414036165844,0.9215993937885152,86661,-0.3148160382385576,1.5830806550086842,2.0973333107360257,0.9138756101867582,0,-5.551115123125783e-17,0.0,7.993605777301127e-15,1.9984014443252818e-15
2005,principal,Sudeste,106797,14,22.429393147790904,21.828725372375246,-0.6006677753480071,1.6104685143044781,2.0718769013417337,0.9225790742494027,-3.759023141860962,-0.6261806488037109,2.6414944648742664,2145,35,2.0084833843647294,0.032772456155135445,14,8261.0,-0.5188186843895114,-0.6530233707932215,1.6123416869836087,1.4601536146121095,2.073144323915993,1.8499947756635757,0.9298153150166706,106797,-0.6006677753480071,1.6104685143044783,2.071876901341757,0.9225790742494069,0,0.0,-2.220446049250313e-16,-2.3092638912203256e-14,-4.218847493575595e-15
2005,principal,Sul,43228,7,19.097464602898025,18.848381234368595,-0.24908337161466698,1.3700575878919996,1.8213826831402538,0.9546997753099769,-3.023383343219757,-0.2832271605730057,2.6724319219589234,692,16,1.6008142870361803,0.037013047099102435,7,5211.0,-0.2913433143527711,-0.37013219630745614,1.394186411805167,1.344721691488113,1.8464790478896882,1.7666930788349087,0.961417577470984,43228,-0.24908337161466698,1.3700575878919996,1.8213826831402615,0.95469977530998,0,0.0,0.0,-7.771561172376096e-15,-3.1086244689504383e-15
2006,principal,Brasil,630215,151,23.60384932000811,23.118324854838924,-0.4855244664786076,1.5239375595645148,2.0138111983775002,0.931025289951339,-3.535644054412842,-0.5243160128593445,2.679173994064328,13412,453,2.1281626111723777,0.07188023134961878,150,3736.0,-0.44216923707234485,-0.4805720539586338,1.5839753846729376,1.4245612277291246,2.1298282249190508,1.8423289415118167,0.9188523561754116,630215,-0.48552446647860753,1.5239375595645153,2.0138111983774385,0.9310252899513464,0,-5.551115123125783e-17,-4.440892098500626e-16,6.17284001691587e-14,-7.327471962526033e-15
2006,principal,Norte,37420,6,27.678204158944027,26.461283385135605,-1.2169207838163156,1.7595939047531641,2.251662595224909,0.86248931093741,-4.127765917778015,-1.2101802825927734,1.657820159196853,809,79,2.161945483698557,0.21111704970603953,6,7220.0,-1.032511755458376,-0.8592866545074689,1.6772536842259445,1.7034338608280768,2.181608356367246,2.298247070687247,0.8956895161630732,37420,-1.2169207838163156,1.7595939047531641,2.2516625952249125,0.8624893109374084,0,0.0,0.0,-3.552713678800501e-15,1.5543122344752192e-15
2006,principal,Nordeste,146395,23,25.769616444473478,25.220135395406125,-0.549481053309416,1.2620315610382866,1.6573703705053127,0.92215582643871,-3.1204537153244014,-0.5180293917655945,1.9200940847396848,1321,21,0.9023532224461218,0.014344752211482634,22,6945.0,-0.642072506752683,-0.5566105311299114,1.3192896869069417,1.2140580272521537,1.7359144210843764,1.5453885672507854,0.9201814662362067,146395,-0.5494810533094159,1.2620315610382866,1.6573703705053136,0.9221558264387083,0,-1.1102230246251565e-16,0.0,-8.881784197001252e-16,1.6653345369377348e-15
2006,principal,Centro-Oeste,125214,35,25.018047501302192,24.667368962627,-0.35067854008583105,1.5207067387147437,1.9794502695402922,0.914409183562713,-3.4893404245376582,-0.3782222867012024,2.8496431112289415,2404,16,1.9199131087578067,0.012778123851965435,35,1633.0,-0.34721835402588863,-0.4697171960181313,1.469190300492765,1.4261845577011436,1.9370703235727114,1.8780613245958278,0.888796569905979,125214,-0.3506785400858311,1.5207067387147437,1.9794502695402854,0.9144091835627128,0,5.551115123125783e-17,0.0,6.8833827526759706e-15,1.1102230246251565e-16
2006,principal,Sudeste,226434,60,22.238023884965795,21.783250863994514,-0.4547730194799574,1.6751933212226384,2.2217797057546282,0.9007363856598802,-3.749137818813324,-0.5520260035991669,3.1734744071960392,7095,306,3.133363364159093,0.13513871591722093,60,3038.0,-0.4283892930690014,-0.4335545520550239,1.7912339778637916,1.5041483004698892,2.434739328358706,1.8942648258892927,0.9264935951377413,226434,-0.4547730194799574,1.6751933212226384,2.221779705754525,0.9007363856598775,0,0.0,0.0,1.0302869668521453e-13,2.7755575615628914e-15
2006,principal,Sul,94752,27,20.04373522454548,19.694186819127292,-0.3495484053206823,1.478329710483502,1.937213062641806,0.9469535382760618,-3.300563561916351,-0.4233638793230057,2.772854411602019,1783,31,1.8817544748395814,0.03271698750422155,27,2169.0,-0.30180444090726866,-0.4107005201140116,1.4671375294280746,1.4041559117485891,1.9106736116306464,1.8114401748398323,0.9346349206366523,94752,-0.3495484053206823,1.478329710483502,1.9372130626418074,0.9469535382760697,0,0.0,0.0,-1.3322676295501878e-15,-7.882583474838611e-15
2007,principal,Brasil,1625337,261,23.37263041128105,23.097370140080457,-0.2752602744024056,1.5921772353300654,2.1175992229970215,0.9359689838028248,-3.3835933208465576,-0.4042476713657379,3.345946216583252,45258,1324,2.7845302235782485,0.08146002952003184,261,7699.0,-0.29275535607221725,-0.31671454568403595,1.5853413596154264,1.4819697832245193,2.1032048402843495,1.8659781470531536,0.938628815186739,1625337,-0.2752602744024055,1.592177235330065,2.1175992229969336,0.9359689838028137,0,-5.551115123125783e-17,4.440892098500626e-16,8.79296635503124e-14,1.1102230246251565e-14
2007,principal,Norte,78467,12,27.2278690324644,26.864770517861285,-0.3630985226872575,1.7325467766627394,2.1995152835834064,0.8781819537725113,-3.5828755140304565,-0.4900386929512024,3.5583017587661736,2143,17,2.73108440490907,0.021665158601705176,12,8091.5,-0.22282530238447165,-0.15217386532354235,1.6515584205772749,1.5958470048139906,2.112000407048576,2.0161267009585004,0.9029259554213223,78467,-0.3630985226872575,1.7325467766627394,2.19951528358341,0.8781819537725093,0,0.0,0.0,-3.552713678800501e-15,1.9984014443252818e-15
2007,principal,Nordeste,269702,57,26.226390231663526,25.747803777659385,-0.478586460522279,1.3755094504557268,1.9504823252997598,0.9180280795192968,-3.0361503958702087,-0.5472652316093445,2.360183441638939,6218,418,2.3055075601960686,0.15498587329719468,57,5070.0,-0.5011772501495779,-0.5898897670770809,1.3893697973376216,1.249613694862516,1.9356608145819565,1.5958002553314463,0.9464549828866289,269702,-0.478586460522279,1.3755094504557268,1.9504823252997967,0.9180280795193011,0,0.0,0.0,-3.68594044175552e-14,-4.3298697960381105e-15
2007,principal,Centro-Oeste,355825,54,25.129262694659875,25.03791107036355,-0.09135162901441025,1.5754644906166901,2.045023855758221,0.924338488529336,-3.162382411956787,-0.23872032761573792,3.4987210750579822,7732,130,2.1729782898896928,0.036534813461673574,54,7976.5,-0.10035598836240786,-0.15179601471275483,1.5966595726203925,1.5771358626079075,2.07423517934636,2.0068146663565845,0.9272150721414156,355825,-0.09135162901441027,1.5754644906166901,2.045023855758248,0.9243384885293298,0,1.3877787807814457e-17,0.0,-2.6645352591003757e-14,6.217248937900877e-15
2007,principal,Sudeste,613024,94,22.553648958293795,22.2568496166388,-0.29679934327096846,1.726267868968427,2.2872790835833903,0.9059015823660355,-3.690031349658966,-0.4469768553972244,3.6528105139732325,23010,697,3.7535235162081744,0.11369864801378086,94,8183.0,-0.31400040540481533,-0.27437497922400467,1.71306297229069,1.4698606489025794,2.2524027675421543,1.8454120151809865,0.9415478132471602,613024,-0.29679934327096846,1.726267868968427,2.2872790835834116,0.9059015823660252,0,0.0,0.0,-2.1316282072803006e-14,1.021405182655144e-14
2007,principal,Sul,308319,44,19.49621625593415,19.25175056580405,-0.24446569059158585,1.4986617332317211,1.9625224763468272,0.9535614250470164,-3.2133125543594363,-0.3356441557407379,3.0019996643066404,6155,62,1.9963090176083862,0.020109042906859456,44,8409.5,-0.23256544472923696,-0.33593077629951607,1.534404069264285,1.4143725156858955,2.0125083873386456,1.8474151684045617,0.9558434169705091,308319,-0.24446569059158585,1.498661733231721,1.9625224763468416,0.953561425047021,0,0.0,2.220446049250313e-16,-1.4432899320127035e-14,-4.6629367034256575e-15
2008,principal,Brasil,2949233,415,23.42175951979055,23.071216382991633,-0.350543138897425,1.5264167072459358,2.0015314551036663,0.939992104046057,-3.3260250091552734,-0.45078086853027344,3.0078415870666473,60676,935,2.0573484699242144,0.03170315807533687,415,8116.0,-0.35760650901976954,-0.36096756572549116,1.5150233287264006,1.4408291527848347,1.986768881345127,1.8395005255866395,0.9349299224870538,2949233,-0.350543138897425,1.5264167072459354,2.001531455103659,0.9399921040460515,0,0.0,4.440892098500626e-16,7.105427357601002e-15,5.551115123125783e-15
2008,principal,Norte,278739,49,27.012735204322457,26.56756953774269,-0.4451656733323983,1.5512875171933962,1.99251871181762,0.8735708854522846,-3.590634346008301,-0.4468258023262024,2.7634330749511706,4696,35,1.6847301597551834,0.01255654931674434,49,6080.0,-0.4011825931415837,-0.3231519564108701,1.5299727175851452,1.5302523898758247,1.9724678435571474,1.968760009539913,0.894301219575132,278739,-0.44516567333239837,1.5512875171933962,1.9925187118176446,0.8735708854522752,0,5.551115123125783e-17,0.0,-2.4646951146678475e-14,9.325873406851315e-15
2008,principal,Nordeste,729428,115,25.968089239481625,25.493104890514402,-0.4749843519689108,1.3653052690203886,1.7848000584057424,0.9263677508689339,-3.080403518676758,-0.5454784333705902,2.4429025173187267,9867,15,1.3527037624001272,0.002056405841289339,115,7141.0,-0.5022454073608383,-0.48750525262110916,1.364607373883899,1.3110109880865097,1.7812913964466337,1.6028189683871068,0.944137481836422,729428,-0.47498435196891087,1.3653052690203888,1.7848000584057377,0.926367750868923,0,5.551115123125783e-17,-2.220446049250313e-16,4.6629367034256575e-15,1.0880185641326534e-14
2008,principal,Centro-Oeste,551720,75,24.679846659513203,24.440936006785286,-0.2389106545485758,1.5566256816799808,2.0412013547530075,0.9207895433059912,-3.2299365043640136,-0.3739742338657379,3.1964359283447266,10508,351,1.9045892844196333,0.06361922714420358,75,8362.0,-0.23247082931682067,-0.310468172054895,1.5627401902174538,1.5421835363875032,2.0545892573408464,1.981785896336375,0.9247328526572595,551720,-0.2389106545485758,1.5566256816799808,2.04120135475286,0.920789543305994,0,0.0,0.0,1.474376176702208e-13,-2.886579864025407e-15
2008,principal,Sudeste,849981,104,22.109576095517244,21.836506807402195,-0.27306928905561745,1.6645069936190462,2.1843186039285514,0.9067585820671585,-3.532226085662842,-0.39903220534324646,3.471680164337158,25252,413,2.97088993753978,0.04858932140836089,104,8736.0,-0.26177477796012494,-0.1957750758529297,1.6639140576394844,1.4738581920155014,2.1838987548380464,1.8467587426663425,0.9361215187144856,849981,-0.2730692890556175,1.6645069936190462,2.184318603928511,0.9067585820671566,0,5.551115123125783e-17,0.0,4.04121180963557e-14,1.887379141862766e-15
2008,principal,Sul,539365,72,18.903316491996595,18.53368557669566,-0.3696309158817657,1.4829317098723278,1.9402899899226365,0.9490521086436489,-3.260937213897705,-0.45224571228027344,2.78507113456726,10353,121,1.9194793877986152,0.022433787880192447,72,8265.5,-0.36570337814105286,-0.3962203042842313,1.4803276944766715,1.3776639052056052,1.9363265468966513,1.7866812186509224,0.9511410284981908,539365,-0.3696309158817657,1.482931709872328,1.9402899899227146,0.9490521086436378,0,0.0,-2.220446049250313e-16,-7.815970093361102e-14,1.1102230246251565e-14
2009,principal,Brasil,3464806,430,23.94746300052049,23.518992764822368,-0.4284702388885572,1.503054741841777,1.9699951711619677,0.9378822155178044,-3.387646198272705,-0.4872554838657379,2.7701175212860107,65195,1406,1.8816349313641227,0.04057947255921399,430,8732.0,-0.41819037952156224,-0.4228024229791667,1.5023922200913047,1.4198773981983832,1.9728332096220103,1.8174300660280818,0.9303240795345638,3464806,-0.42847023888855706,1.503054741841777,1.9699951711620087,0.9378822155177646,0,-1.1102230246251565e-16,0.0,-4.107825191113079e-14,3.9745984281580604e-14
2009,principal,Norte,410540,54,26.88698932533461,26.349212865847587,-0.5377764652414859,1.4765596817946913,1.9090342905624929,0.8704504598088068,-3.5642906308174136,-0.51677206158638,2.4374879121780384,5806,10,1.4142349101183807,0.0024358162420227017,54,8674.0,-0.532557647075466,-0.4989803324525569,1.4674238972315603,1.4517998358067854,1.9026352034214788,1.8806946736742254,0.8775261334035338,410540,-0.5377764652414859,1.4765596817946913,1.909034290562485,0.8704504598088131,0,0.0,0.0,7.771561172376096e-15,-6.328271240363392e-15
2009,principal,Nordeste,997961,124,26.251095679432428,25.620135977886886,-0.6309597062550577,1.4083366156578656,1.8504555952841029,0.9077249666848601,-3.284374713897705,-0.6598140597343445,2.1754887104034424,13933,402,1.396146743209404,0.04028213527382332,124,8734.0,-0.6152906408490548,-0.6728266338945736,1.4021840225768012,1.3283252063760584,1.8410148690692465,1.6691709779085837,0.9288341568766331,997961,-0.6309597062550577,1.4083366156578658,1.8504555952839625,0.9077249666848685,0,0.0,-2.220446049250313e-16,1.4033219031261979e-13,-8.326672684688674e-15
2009,principal,Centro-Oeste,587002,74,24.74422369527742,24.533396121545394,-0.21082757782576692,1.502190923338208,1.9494816670356963,0.9221160447509993,-3.2033662319183347,-0.2776363492012024,3.0421366095542886,10177,186,1.7337249276833808,0.03168643377705698,74,8726.5,-0.22355913620401838,-0.29558357090412635,1.5033122831072678,1.4704556915963958,1.9495010678535183,1.888426690965657,0.9206602212227321,587002,-0.21082757782576692,1.502190923338208,1.9494816670357402,0.9221160447509938,0,0.0,0.0,-4.39648317751562e-14,5.440092820663267e-15
2009,principal,Sudeste,848125,104,22.66649302698531,22.27282545198456,-0.3936675767774849,1.6412300868084915,2.157826833264709,0.9047421376509953,-3.6360347270965576,-0.4710933566093445,3.1693363189697266,23243,660,2.740515843773029,0.07781871775976418,104,8736.0,-0.35035979294507197,-0.3419669143157722,1.6520334114148434,1.4236190909005701,2.185704878721244,1.8320627996641705,0.9338437930667578,848125,-0.3936675767774849,1.641230086808491,2.1578268332647346,0.9047421376509793,0,0.0,4.440892098500626e-16,-2.5757174171303632e-14,1.5987211554602254e-14
2009,principal,Sul,621178,74,19.299831932118195,19.01572850026287,-0.2841034319872522,1.484894692090639,1.9463422619779789,0.9496994721460946,-3.2391598224639893,-0.35661453008651733,2.9343826174736036,12036,148,1.9376088657357473,0.023825698913998886,74,8714.5,-0.29441778704768845,-0.28375509212584626,1.4845994817858363,1.3814066435589645,1.9443295666735427,1.8174300660280818,0.9553519386563629,621178,-0.2841034319872522,1.4848946920906387,1.9463422619778248,0.949699472146083,0,0.0,2.220446049250313e-16,1.5409895581797173e-13,1.1657341758564144e-14
2010,principal,Brasil,3506765,443,24.047932835244204,23.697138084975357,-0.3507947534225573,1.5416952806427024,2.0171438525543834,0.9414738726170825,-3.365673542022705,-0.4399684965610504,3.0365946292877144,74954,1511,2.1374115459690057,0.04308814534193195,443,8716.0,-0.3553302212308598,-0.38343514196555417,1.5449611366833764,1.4653935078611433,2.0217983756475717,1.8714988213931896,0.9343919674870133,3506765,-0.3507947534225573,1.5416952806427016,2.0171438525543177,0.9414738726170936,0,0.0,8.881784197001252e-16,6.572520305780927e-14,-1.1102230246251565e-14
2010,principal,Norte,404800,55,27.302696138090297,26.86754298955084,-0.4351531567320875,1.507128099193622,1.948521665283766,0.8800673162574117,-3.502885448932648,-0.439126193523407,2.702056050300597,6461,37,1.596096837944664,0.009140316205533596,55,8596.0,-0.41482388689668553,-0.3813660524150581,1.5142433705445595,1.4780138722360319,1.9561057498226837,1.9219997450788504,0.8894330994894692,404800,-0.4351531567320874,1.507128099193622,1.948521665283782,0.8800673162574074,0,-1.1102230246251565e-16,0.0,-1.5987211554602254e-14,4.3298697960381105e-15
2010,principal,Nordeste,1021939,127,26.597038859383943,26.056159931576033,-0.5408789327576182,1.4196303407005444,1.8471050557229711,0.9171276587189253,-3.2040035724639893,-0.609798789024353,2.4080569744110107,15007,177,1.468482952504993,0.01732001616534842,127,8747.0,-0.5592050980442828,-0.5805651843667751,1.4189564199880536,1.3596345604004036,1.8465668911252615,1.6784402851460847,0.9324387272459514,1021939,-0.5408789327576182,1.419630340700544,1.8471050557229511,0.9171276587189409,0,0.0,4.440892098500626e-16,1.9984014443252818e-14,-1.554312234475219e-14
2010,principal,Centro-Oeste,582702,78,24.899412731655495,24.762720243163173,-0.13669249264061056,1.6078345477202143,2.098502120380405,0.9258371170094777,-3.241279721260071,-0.2677242159843445,3.4686038494110107,13682,598,2.3480269503107936,0.10262535567065155,78,8559.0,-0.16162506035218305,-0.2236889441014026,1.6200097787316965,1.5684513845606156,2.1142761305402424,1.983106200216854,0.9301708777547197,582702,-0.13669249264061056,1.6078345477202143,2.0985021203804752,0.9258371170094677,0,0.0,0.0,-7.016609515630989e-14,9.992007221626409e-15
2010,principal,Sudeste,880803,107,22.492622299858127,22.219816832631242,-0.27280546774866066,1.7037902598090942,2.2264333964241128,0.9131367127736199,-3.6692818403244014,-0.36630821228027344,3.5051823616027775,27658,587,3.1400892140467276,0.06664373304813903,107,8702.0,-0.24868620798954003,-0.18612340480654677,1.704953429584318,1.5394666209684151,2.233531921852565,1.9508940405064454,0.9387857273909431,880803,-0.2728054677486606,1.7037902598090944,2.2264333964242065,0.9131367127736268,0,-5.551115123125783e-17,-2.220446049250313e-16,-9.370282327836321e-14,-6.994405055138486e-15
2010,principal,Sul,616521,76,19.102771357704206,18.808668436776316,-0.29410292061620763,1.4726343574476164,1.9368478330568948,0.9489292372928415,-3.221679210662842,-0.36337852478027344,2.8687503337860107,12146,112,1.970086988115571,0.01816645337304001,76,8720.0,-0.320536155420766,-0.38474162656847954,1.475475699022472,1.3670187454830565,1.9360918073038518,1.7761710669479127,0.9537625426492953,616521,-0.2941029206162077,1.4726343574476162,1.9368478330568857,0.9489292372928236,0,5.551115123125783e-17,2.220446049250313e-16,9.103828801926284e-15,1.787459069646502e-14
2011,principal,Brasil,3612000,453,23.574640584213483,23.147882098053447,-0.4267584889256608,1.524623302266562,1.9917571665085847,0.9413178228948759,-3.4182612895965576,-0.4939449429512024,2.8573734760284424,70858,1024,1.9617386489479514,0.028349944629014398,453,8642.0,-0.44386485416125165,-0.4594514051176781,1.5262931839111795,1.4329818289424794,1.994712349919562,1.8350470947288378,0.9347657774067456,3612000,-0.42675848892566093,1.5246233022665627,1.9917571665083547,0.941317822894912,0,1.1102230246251565e-16,-6.661338147750939e-16,2.3003821070233244e-13,-3.608224830031759e-14
2011,principal,Norte,432411,58,26.73910838706205,26.166756936688785,-0.5723514578866409,1.509673592020314,1.9630998568884481,0.8752113655125029,-3.6996822357177734,-0.5122554898262024,2.4329577684402466,7031,53,1.6259993385922191,0.012256857480498878,58,8531.5,-0.5775403855041259,-0.5496491644501835,1.4953461537616053,1.4307406726890348,1.9511409503523283,1.8989493965255064,0.8832848062137479,432411,-0.572351457886641,1.5096735920203137,1.9630998568884495,0.875211365512506,0,1.1102230246251565e-16,2.220446049250313e-16,-1.3322676295501878e-15,-3.1086244689504383e-15
2011,principal,Nordeste,1014983,127,25.951649530878296,25.310733440133898,-0.6409160948851577,1.4171434154480935,1.8328373859481883,0.9175370466656173,-3.2817863702774046,-0.6799312829971313,2.168454742431638,13069,7,1.2876077727410213,0.0006896667234820681,127,8516.0,-0.6472652627864219,-0.6767120121463787,1.4181069928442058,1.34457438847041,1.8327422496542243,1.6625444635162367,0.9318296583977685,1014983,-0.6409160948851578,1.4171434154480935,1.8328373859481915,0.9175370466656065,0,1.1102230246251565e-16,0.0,-3.1086244689504383e-15,1.0769163338864018e-14
2011,principal,Centro-Oeste,612146,81,24.575321733017816,24.27944152712573,-0.2958802098236179,1.5304842438945112,1.9679562306692813,0.9302176963552242,-3.2928043603897095,-0.3975841552019119,3.0693774223327637,10204,92,1.6669225968968187,0.01502909436637665,81,8411.0,-0.3098518838832349,-0.37209118729263296,1.5401183205730589,1.538019470550047,1.979693681148518,1.9575136797980854,0.9291090226726599,612146,-0.295880209823618,1.5304842438945117,1.9679562306692404,0.9302176963552082,0,1.1102230246251565e-16,-4.440892098500626e-16,4.085620730620576e-14,1.5987211554602254e-14
2011,principal,Sudeste,907204,109,22.018445244273327,21.71316871108096,-0.3052765340163891,1.7038673195423386,2.2388427372871518,0.9093159432820075,-3.658588373661041,-0.41455039381980896,3.509311830997465,29388,735,3.239403706332864,0.08101816129558512,109,8725.0,-0.33751335674040855,-0.25200297239220587,1.710086027464432,1.4932349426620382,2.2507775755253516,1.8758487786194271,0.9415805403964963,907204,-0.3052765340163891,1.7038673195423386,2.238842737287131,0.9093159432820108,0,0.0,0.0,2.0872192862952943e-14,-3.3306690738754696e-15
2011,principal,Sul,645256,78,18.95360539174547,18.66632146732413,-0.28728392346596143,1.4461366794339594,1.9023271871173402,0.9517241188365153,-3.1969029307365417,-0.34392356872558594,2.794238567352295,11166,137,1.7304759661281723,0.021231883159552177,78,8734.0,-0.301074227213917,-0.3071136793500341,1.4542587992607203,1.3797733577930882,1.9128253305958283,1.7956704578681937,0.9561927761005308,645256,-0.28728392346596143,1.4461366794339596,1.902327187117412,0.951724118836503,0,0.0,-2.220446049250313e-16,-7.194245199571014e-14,1.2323475573339238e-14
2012,principal,Brasil,3828097,466,24.181034699340426,23.792673647241042,-0.38836105487873523,1.5361214298792603,2.007658436210709,0.939205333862853,-3.3817379474639893,-0.4761226773262024,2.943408489227295,78454,1792,2.0494256023293036,0.04681177096609621,466,8762.5,-0.3828591093089817,-0.3816071666080084,1.5326835001055656,1.4394728989849022,2.003192609216794,1.8520312411658866,0.9373403549768557,3828097,-0.38836105487873523,1.536121429879259,2.0076584362106717,0.9392053338628568,0,0.0,1.3322676295501878e-15,3.730349362740526e-14,-3.774758283725532e-15
2012,principal,Norte,496611,65,26.763906552452934,26.27242812112991,-0.49147843743334624,1.4729218936137802,1.9170929057408745,0.8802707661355204,-3.5602535009384155,-0.4444820284843445,2.4687260389328003,7469,35,1.5039940718187876,0.007047769783593195,65,8638.0,-0.45566077082613726,-0.3827055679646024,1.4725554209820446,1.4317386249602855,1.9170276236589956,1.8643974587053813,0.8894507617213544,496611,-0.4914784374333462,1.4729218936137802,1.9170929057408772,0.8802707661355215,0,-5.551115123125783e-17,0.0,-2.6645352591003757e-15,-1.1102230246251565e-15
2012,principal,Nordeste,1061113,127,26.622421358328648,25.998304499366686,-0.6241168638955408,1.4278018973718056,1.8425326612827773,0.9263854014113045,-3.2247555255889893,-0.7156246304512024,2.3202641010284424,14975,41,1.411254032322665,0.003863867467461053,127,8764.0,-0.617301160700395,-0.6872525588159359,1.4268939074146696,1.3295176454036437,1.8436744971689925,1.6494235738484173,0.9391718057849987,1061113,-0.6241168638955409,1.4278018973718059,1.8425326612828072,0.9263854014112872,0,1.1102230246251565e-16,-2.220446049250313e-16,-2.9976021664879227e-14,1.7319479184152442e-14
2012,principal,Centro-Oeste,683453,84,24.89416653095781,24.68437589591326,-0.2097906379298272,1.5267157164457075,1.9683486846194946,0.9290064248253417,-3.2071480751037598,-0.30161285400390625,3.1326688289642335,11951,97,1.7486206074155792,0.014192636509021103,84,8771.5,-0.19069366771600318,-0.19769198313242398,1.5265116415216142,1.4830859894045405,1.9690259488121282,1.9407683697654026,0.9319967189147249,683453,-0.20979063792982722,1.5267157164457072,1.968348684619492,0.9290064248253358,0,2.7755575615628914e-17,2.220446049250313e-16,2.6645352591003757e-15,5.88418203051333e-15
2012,principal,Sudeste,925711,110,22.558230160284975,22.27320893389739,-0.28502122651812556,1.7088492502326922,2.25366547829792,0.9077641814011821,-3.679931163787842,-0.3626979887485504,3.464645743370056,29623,1331,3.2000267902185455,0.14378137453265652,110,8771.0,-0.29478813555374206,-0.21414117549301054,1.6994615341020443,1.4806838608916189,2.2410438886466606,1.8623403019790776,0.9429957397713,925711,-0.28502122651812556,1.7088492502326929,2.2536654782978705,0.9077641814011829,0,0.0,-6.661338147750939e-16,4.973799150320701e-14,-7.771561172376096e-16
2012,principal,Sul,661209,80,19.858023710703137,19.59619674336989,-0.2618269677526266,1.525318746851686,2.002952981302502,0.9471155378948162,-3.247782802581787,-0.3640621304512024,3.083672285079955,14436,288,2.1832733674224034,0.04355657590867638,80,8714.0,-0.2744023053285063,-0.24758458930838084,1.5266391975582139,1.4198645946727555,2.003955527859861,1.8623991231391543,0.954237636194762,661209,-0.2618269677526266,1.5253187468516856,2.0029529813024354,0.9471155378948172,0,0.0,4.440892098500626e-16,6.661338147750939e-14,-9.992007221626409e-16
2013,principal,Brasil,3897481,470,23.94085897736363,23.516080889172315,-0.4247780912790076,1.5141868595374968,1.9845368745409566,0.9424431734370308,-3.403271198272705,-0.4891597628593445,2.818652629852295,78029,1491,2.0020367001147665,0.038255478346142034,470,8728.0,-0.43090807537760223,-0.4038912631732023,1.5133282827765842,1.4321011617367032,1.9823088549654861,1.841198422181014,0.9347159675092684,3897481,-0.42477809127900784,1.5141868595374963,1.984536874540772,0.942443173437044,0,2.220446049250313e-16,4.440892098500626e-16,1.8451906669270102e-13,-1.3211653993039363e-14
2013,principal,Norte,524462,66,26.80323282969554,26.204493222086672,-0.5987396146024654,1.4489567491376671,1.8894221084866476,0.8788252791719995,-3.6070308685302734,-0.5268123745918274,2.235581958293913,7328,17,1.3972413635306276,0.0032414169186709427,66,8662.5,-0.6028840938226351,-0.5367992870226193,1.4516096960613147,1.4511224305966637,1.8921127015292543,1.8440416631009193,0.8902343736957181,524462,-0.5987396146024655,1.448956749137667,1.8894221084866811,0.8788252791719908,0,1.1102230246251565e-16,2.220446049250313e-16,-3.352873534367973e-14,8.659739592076221e-15
2013,principal,Nordeste,1058344,127,26.74267052638867,26.11006067402775,-0.6326098565637988,1.3977185481010805,1.8179318971842746,0.9228660492936052,-3.225536823272705,-0.6876531541347504,2.150527501106262,14841,32,1.4022850793314838,0.0030235915732502853,127,8722.0,-0.6372739500673947,-0.6835007770526622,1.3954816239504206,1.3024310664220824,1.8140346961794223,1.6341620152435423,0.9359972328012508,1058344,-0.6326098565637986,1.3977185481010805,1.8179318971842373,0.9228660492936019,0,-1.1102230246251565e-16,0.0,3.730349362740526e-14,3.219646771412954e-15
2013,principal,Centro-Oeste,719357,86,24.59693295105763,24.404789105842447,-0.1921438494988612,1.5017997746112515,1.949593817640798,0.9296144061610713,-3.183939456939697,-0.2799312472343445,3.1337406635284424,12750,112,1.772416199467024,0.015569459948259349,86,8736.5,-0.19007921769851974,-0.13456400238432098,1.4973201415558932,1.4681195256656667,1.944195923835915,1.906057768014156,0.9330999996327367,719357,-0.1921438494988612,1.5017997746112515,1.94959381764074,0.9296144061610652,0,0.0,0.0,5.81756864903582e-14,6.106226635438361e-15
2013,principal,Sudeste,921558,110,22.19879660187666,21.881642184294833,-0.3171544189063234,1.6999665015661385,2.2366878752495665,0.9062328609437275,-3.6728999614715576,-0.4037593901157379,3.4029788970947266,29121,1162,3.1599747384320898,0.126090815770684,110,8733.0,-0.32199266581465374,-0.2250756452861922,1.7012091796633009,1.4932070447259163,2.236243500449269,1.895774415480353,0.9410565234179107,921558,-0.3171544189063234,1.6999665015661385,2.2366878752496557,0.9062328609437086,0,0.0,0.0,-8.926193117986259e-14,1.887379141862766e-14
2013,principal,Sul,673760,81,18.993954079108132,18.635468411438904,-0.3584856670995274,1.5070304146046323,1.9776884625964777,0.9477003151336759,-3.362550795078277,-0.41650351881980896,2.8256351947784424,13989,168,2.076258608406554,0.024934694846829728,81,8727.0,-0.37082281006093043,-0.34067284443994517,1.510238824524376,1.4047168077626022,1.979906897433041,1.8389619826924848,0.9532060244063618,673760,-0.3584856670995274,1.5070304146046327,1.9776884625964009,0.9477003151336837,0,0.0,-4.440892098500626e-16,7.682743330406083e-14,-7.771561172376096e-15
2014,principal,Brasil,3850042,471,24.172215910095314,23.74313807712906,-0.42907783639365477,1.539281545473976,2.0068127870912207,0.9354743259575754,-3.4437496662139893,-0.4988277554512024,2.8810062408447266,78420,982,2.036860896582427,0.025506215256872525,471,8735.0,-0.43046448741096505,-0.4396863785360125,1.5374409109902825,1.4345808840242744,2.005780877791911,1.8392722790146947,0.9351774666331966,3857419,-0.4303853818907676,1.5466611310112497,2.026890262092951,0.9340131635096187,7377,0.0013075454971128164,-0.007379585537273581,-0.020077475001730516,0.0014611624479566876
2014,principal,Norte,510563,66,26.774213755117902,26.22558045405807,-0.5486333062194342,1.4731186071017563,1.9073146321449057,0.8803394812773444,-3.551068902015686,-0.5151363611221313,2.414307117462158,6999,9,1.3708396417288367,0.0017627599336418817,66,8588.0,-0.5522240356412748,-0.6003948414211125,1.4705832060232182,1.4388794810382328,1.907945452412621,1.8911424357346545,0.8885204500310024,510563,-0.5486333062194342,1.4731186071017563,1.9073146321449077,0.880339481277333,0,0.0,0.0,-1.9984014443252818e-15,1.1435297153639112e-14
2014,principal,Nordeste,1056845,126,26.313608895950587,25.6035005197669,-0.7101083821234592,1.4447573288116284,1.8609959451426086,0.9207722105559536,-3.3374996185302734,-0.7624019384384155,2.106043720245358,14725,18,1.3932979765244666,0.0017031825859042716,126,8743.0,-0.7089022930585879,-0.7315065994012305,1.440505504609084,1.3663343340717857,1.8552381646912377,1.6926534634319346,0.9354782291809826,1064222,-0.7128997062156867,1.4721608767649006,1.9392685135405616,0.9117727759730022,7377,0.0027913240922274873,-0.027403547953272156,-0.07827256839795305,0.008999434582951382
2014,principal,Centro-Oeste,690816,87,24.86022283363972,24.575788048601783,-0.2844347893319524,1.4997978231203115,1.9314826503330131,0.9269183015289293,-3.2627070546150208,-0.3546871244907379,2.9520511627197266,10390,76,1.5040184361682416,0.011001482304984251,87,8751.0,-0.28731700554938155,-0.17453395185300274,1.496217034492705,1.4742357481165655,1.9273833031969845,1.8838530306767545,0.9305644275261893,690816,-0.28443478933195243,1.4997978231203117,1.9314826503330287,0.9269183015289357,0,5.551115123125783e-17,-2.220446049250313e-16,-1.554312234475219e-14,-6.439293542825908e-15
2014,principal,Sudeste,927349,111,22.719311066767286,22.494129088144547,-0.22518198037232584,1.7549430311504668,2.299174734184028,0.9059479543528118,-3.7471713066101073,-0.31909140944480896,3.6820291996002155,33868,662,3.6521309668743918,0.07138628499087182,111,8752.0,-0.23711926643298425,-0.07787062555063741,1.755366401410012,1.6021559882806964,2.300033230626065,2.0189707913307355,0.9421678989613153,927349,-0.22518198037232584,1.754943031150467,2.299174734183888,0.9059479543528284,0,0.0,-2.220446049250313e-16,1.3988810110276972e-13,-1.6542323066914832e-14
2014,principal,Sul,664469,81,20.079413035582984,19.75424068876528,-0.3251723463587938,1.4805283427263882,1.9429489300767468,0.9457370752434573,-3.2764155864715576,-0.3825191557407379,2.8352220058441158,12438,217,1.871870621503787,0.03265765596288164,81,8678.0,-0.3168330893333438,-0.2945418782954177,1.4883448313675245,1.3736575031229308,1.958124619186932,1.7862954362324033,0.9523455854018734,664469,-0.3251723463587937,1.4805283427263878,1.9429489300768126,0.9457370752434487,0,-5.551115123125783e-17,4.440892098500626e-16,-6.572520305780927e-14,8.548717289613705e-15
2015,principal,Brasil,3792581,479,24.616157594140127,24.21295054847578,-0.40320704967659715,1.5455214171192584,2.0069745188112136,0.9382708792389953,-3.436718463897705,-0.47021445631980896,2.9122073650360107,76490,782,2.016832336606654,0.020619203650495535,479,8540.0,-0.39614528548849604,-0.4010011249456048,1.5441277499684252,1.4540504663890113,2.0093362685658214,1.877089875796691,0.9340009562705631,3809411,-0.4170160508969425,1.5658685893088995,2.0552524462262074,0.9352066933364468,16830,0.01380900122034534,-0.020347172189641105,-0.048277927414993815,0.003064185902548533
2015,principal,Norte,512011,70,27.310871633962023,26.859200859208773,-0.4516707820923011,1.5182298677443598,1.9599922689843763,0.8851756876113726,-3.554275155067444,-0.4408687651157379,2.6636722087860107,8344,38,1.6296524879348295,0.00742171554908,70,8008.0,-0.4196475551641662,-0.3913371468907867,1.5022009764429758,1.4710069091540436,1.943637536165103,1.901669619151074,0.9015112042935189,512011,-0.4516707820923011,1.5182298677443598,1.9599922689843714,0.8851756876113747,0,0.0,0.0,4.884981308350689e-15,-2.1094237467877974e-15
2015,principal,Nordeste,1012041,127,27.01916957352101,26.312742192788313,-0.7064273862628573,1.4648307691956495,1.8809020761986195,0.9286896963106168,-3.348144054412842,-0.7789058685302734,2.199023723602295,14516,32,1.4343292416018718,0.0031619272341733193,127,8536.0,-0.7129807534864571,-0.7610972670487874,1.458431210859458,1.376862933125609,1.8717095269660056,1.7344914790979842,0.9472646895750666,1028871,-0.7525954315115335,1.5414864093708187,2.066865409038891,0.9110409123554877,16830,0.04616804524867624,-0.07665564017516924,-0.18596333284027167,0.017648783955129144
2015,principal,Centro-Oeste,684498,87,25.373089909834615,25.12647563816895,-0.24661427573769168,1.5601138128218832,2.0145968447021017,0.9229688638431396,-3.352148342132568,-0.3000972867012024,3.0790808796882656,13274,186,1.939231378323969,0.02717319846076979,87,8462.0,-0.24332431923779888,-0.2253553491693995,1.5625540461367733,1.5152319439167126,2.0180316145722097,1.9576632290268838,0.92887568738497,684498,-0.24661427573769168,1.5601138128218832,2.0145968447020874,0.9229688638431307,0,0.0,0.0,1.4210854715202004e-14,8.881784197001252e-15
2015,principal,Sudeste,932607,114,23.253400946658957,23.015233620721165,-0.23816732951209574,1.6907181762681762,2.2002317744770523,0.9128002110947672,-3.668299150466919,-0.28051719069480896,3.4425785541534424,27811,424,2.982070690011977,0.0454639521256006,114,8737.0,-0.21692368183254765,-0.12196596484276123,1.7063504103901241,1.5249451626191783,2.2341475330536333,1.9346938780293064,0.9385267197732107,932607,-0.23816732951209574,1.690718176268176,2.2002317744770683,0.912800211094753,0,0.0,2.220446049250313e-16,-1.5987211554602254e-14,1.4210854715202004e-14
2015,principal,Sul,651424,81,19.920487578361413,19.62562891256314,-0.2948586654016789,1.4691285268803336,1.9338279520456427,0.9372735009266551,-3.2207441926002502,-0.3610347807407379,2.893889486789702,12545,102,1.9257810581126886,0.015658004617576264,81,8490.0,-0.295446811013815,-0.34962642510872055,1.4666198926708984,1.3931344503416978,1.9284929125630912,1.8015982723224184,0.9412030862637466,651424,-0.2948586654016789,1.4691285268803334,1.9338279520456267,0.9372735009266586,0,0.0,2.220446049250313e-16,1.5987211554602254e-14,-3.552713678800501e-15
2016,principal,Brasil,3973839,511,24.343160200245347,23.926462639999478,-0.4166975635247843,1.5504227094403573,2.0126312985764185,0.9456862809216696,-3.453075885772705,-0.4863765835762024,2.925781726837158,81180,732,2.042860820481152,0.01842047450840359,511,8420.0,-0.40708506999908267,-0.3953271440399944,1.5500581632744295,1.4757914159873546,2.016430868300364,1.871343291091363,0.9377813356968041,3973839,-0.41669756352478443,1.5504227094403562,2.012631298576486,0.945686280921667,0,1.1102230246251565e-16,1.1102230246251565e-15,-6.750155989720952e-14,2.6645352591003757e-15
2016,principal,Norte,555270,79,27.408312526600998,26.95865322639759,-0.4496593062370677,1.5376667037978684,1.9972223615611342,0.8761030845597298,-3.610546588897705,-0.44394493103027344,2.747146308422085,10606,49,1.9100617717506798,0.008824535811407063,79,7785.0,-0.4406159898257725,-0.39615112804340463,1.5376955928723244,1.5059626042790382,1.999257060991431,1.9334374456941648,0.890777558061425,555270,-0.4496593062370676,1.5376667037978684,1.997222361561169,0.8761030845597257,0,-5.551115123125783e-17,0.0,-3.4861002973229915e-14,4.107825191113079e-15
2016,principal,Nordeste,1057607,133,27.108922307197137,26.382682304520866,-0.7262400078382208,1.47245040045258,1.8936781018886213,0.9248867175384473,-3.38348171710968,-0.7890132665634155,2.1630717515945412,16223,27,1.5339346278910786,0.002552933178392352,133,8261.0,-0.7279565580049806,-0.7803243857771341,1.4704678916375626,1.3595970281757979,1.8901188959294013,1.7358125813890515,0.9391498454717702,1057607,-0.726240007838221,1.4724504004525798,1.893678101888686,0.9248867175384372,0,1.1102230246251565e-16,2.220446049250313e-16,-6.461498003318411e-14,1.0103029524088925e-14
2016,principal,Centro-Oeste,693628,87,24.947624659387305,24.77892137545026,-0.16870328785362207,1.551542247559298,2.0044072682996212,0.9303462294686662,-3.2519673943519596,-0.24399375915527344,3.221262693405153,13149,171,1.8956847186099752,0.02465298402025293,87,8094.0,-0.17103055096550016,-0.13942725865240782,1.554307847306425,1.5333918182335966,2.007608989470266,1.9513194262461704,0.9323374228846281,693628,-0.16870328785362207,1.551542247559298,2.0044072682995893,0.9303462294686647,0,0.0,0.0,3.197442310920451e-14,1.4432899320127035e-15
2016,principal,Sudeste,974903,122,22.90160426035463,22.629073169051342,-0.27253109314235635,1.689825949329204,2.1880090988555168,0.9199851121006857,-3.6487300395965576,-0.3400386869907379,3.4474124908447266,28005,273,2.8725934785306846,0.02800278591818878,122,8768.5,-0.24235419255737436,-0.14960021227103937,1.6965747323465228,1.5439719957380622,2.2121352784451704,1.9334774893807107,0.9415065619153781,974903,-0.2725310931423564,1.6898259493292045,2.1880090988554635,0.9199851121006931,0,5.551115123125783e-17,-4.440892098500626e-16,5.3290705182007514e-14,-7.438494264988549e-15
2016,principal,Sul,692431,90,19.084913876350377,18.716037430841755,-0.3688764450907844,1.4823522551727388,1.9508516809978638,0.9546112552782611,-3.338840961456299,-0.41137656569480896,2.7618104219436646,13197,212,1.90589387245805,0.03061676903547068,90,8498.5,-0.35496351036260654,-0.38557296025225873,1.4758071105176582,1.4023672867066574,1.9411999484423856,1.8073378965013995,0.9620824952322664,692431,-0.3688764450907844,1.4823522551727388,1.950851680997855,0.9546112552782723,0,0.0,0.0,8.659739592076221e-15,-1.1213252548714081e-14
2017,principal,Brasil,4274316,557,24.260454160849584,23.92583448858848,-0.3346196753441562,1.5243719638835929,1.9969976162913365,0.9375007211711627,-3.3612301349639893,-0.4037105441093445,2.9713871479034424,89343,1349,2.090229173509867,0.031560605252395936,557,8372.0,-0.32809609896222613,-0.309475155848819,1.5358006524461814,1.4290541954861853,2.0259979092648237,1.822435986819074,0.9368586400527517,4274316,-0.33461967534415626,1.5243719638835926,1.9969976162913063,0.9375007211711938,0,5.551115123125783e-17,2.220446049250313e-16,3.019806626980426e-14,-3.108624468950438e-14
2017,principal,Norte,643760,91,27.018005616943466,26.777032975242705,-0.24097264795533016,1.524301765557531,1.997711437794802,0.874425740267552,-3.351515817642212,-0.28574180603027344,3.097949504852295,13424,83,2.0852491611780786,0.012893003603827512,91,8085.0,-0.2535436188089583,-0.24267805759965294,1.531013649655784,1.4741864142921666,2.0440043376283277,1.906207135798569,0.88396672374786,643760,-0.24097264795533016,1.524301765557531,1.997711437794901,0.874425740267542,0,0.0,0.0,-9.903189379656396e-14,9.992007221626409e-15
2017,principal,Nordeste,1088076,140,26.657640362183567,25.92388978242735,-0.7337505846550086,1.4364306741073332,1.8519245867786878,0.9295713909174875,-3.3603999614715576,-0.7661129236221313,1.991471529006958,15033,28,1.3816130490884828,0.002573349655722578,140,8216.0,-0.7315064207972163,-0.7377371432710161,1.4311456395822637,1.337065524406329,1.8484526601442326,1.6688170885373483,0.9421340699696643,1088076,-0.7337505846550084,1.4364306741073332,1.8519245867786527,0.9295713909174858,0,-2.220446049250313e-16,0.0,3.5083047578154947e-14,1.7763568394002505e-15
2017,principal,Centro-Oeste,708204,93,25.02123003773481,24.896314374566696,-0.12491566657340475,1.4870056952121218,1.9306835958163837,0.9288188061525932,-3.11059684753418,-0.19887657463550568,3.146513223648071,11858,138,1.6743763096508917,0.019485910839249707,93,8345.0,-0.1049595403534812,-0.15984782164883304,1.4920231069296395,1.4842327117483878,1.9371708550483586,1.928201834751464,0.9319073287141904,708204,-0.12491566657340475,1.487005695212122,1.9306835958163928,0.9288188061525998,0,0.0,-2.220446049250313e-16,-9.103828801926284e-15,-6.661338147750939e-15
2017,principal,Sudeste,1100991,143,22.688505717684368,22.461349110951062,-0.22715660802315782,1.691917814487135,2.220172848804054,0.9110509540774937,-3.6663081645965576,-0.29833945631980896,3.4784916639328003,35256,867,3.2022060125832095,0.07874723771583964,143,8431.0,-0.20783528954577069,-0.1098317647957355,1.7332768638714062,1.503511210347092,2.2929256959879094,1.8943435660593513,0.9452185657628218,1100991,-0.2271566080231578,1.6919178144871356,2.2201728488038603,0.9110509540774789,0,-2.7755575615628914e-17,-6.661338147750939e-16,1.936228954946273e-13,1.4765966227514582e-14
2017,principal,Sul,733285,90,19.907977934958698,19.719508071947672,-0.18846986299672056,1.439450637285265,1.9111432167814313,0.9416644920611442,-3.1180074214935303,-0.24511680006980896,2.930420398712158,13772,233,1.8781237854313126,0.031774821522327606,90,8682.5,-0.19760528045350567,-0.2323689395890608,1.4349065697140253,1.3566299747535253,1.90595224209354,1.7572390219040908,0.9484350298456687,733285,-0.18846986299672053,1.439450637285265,1.9111432167814302,0.9416644920611281,0,-2.7755575615628914e-17,0.0,1.1102230246251565e-15,1.609823385706477e-14
2018,principal,Brasil,4619992,591,24.027581062248395,23.709140560194808,-0.3184405049067647,1.5288393185037148,2.0048327655848515,0.9372453870965993,-3.3513187408447265,-0.38354453444480896,2.9932620525360107,97000,1789,2.09957073518742,0.03872301077577624,590,8643.0,-0.3130593531109333,-0.2994677369666141,1.531050702907297,1.421770804635864,2.0164047528420674,1.8213457611927593,0.9373415714180711,4619992,-0.3184405049067646,1.5288393185037148,2.004832765584784,0.9372453870966071,0,-5.551115123125783e-17,0.0,6.750155989720952e-14,-7.771561172376096e-15
2018,principal,Norte,648099,95,26.7395691037151,26.474917328089386,-0.26465178091906,1.4987947615362052,1.9515789793535627,0.8770146295077947,-3.3849117755889893,-0.26440390944480896,2.940333032608032,11105,50,1.7134727873365025,0.007714870721911313,94,7588.5,-0.2840525999169031,-0.2959759779514799,1.4985361834394988,1.447924898403612,1.9901382905462692,1.8832589485945888,0.8891153066499827,648099,-0.26465178091906,1.4987947615362052,1.951578979353628,0.8770146295078044,0,0.0,0.0,-6.52811138479592e-14,-9.658940314238862e-15
2018,principal,Nordeste,1155498,146,26.52528112978535,25.880644751581286,-0.6446363826410377,1.4572071297525624,1.8901374424078057,0.919597399993682,-3.355468273162842,-0.6878414154052734,2.2303788065910295,18061,186,1.563049005710092,0.016096955598365378,146,8550.5,-0.6407916160638562,-0.6882858324093656,1.4518344408529567,1.36802135188975,1.8853613176587283,1.6910950475315185,0.9392925630106506,1155498,-0.6446363826410377,1.457207129752562,1.8901374424078594,0.9195973999936637,0,0.0,4.440892098500626e-16,-5.3734794391857577e-14,1.8207657603852567e-14
2018,principal,Centro-Oeste,850479,112,24.46162056531364,24.35498565894086,-0.10663491023664683,1.4987113283850169,1.9557861423846397,0.9297092233586564,-3.0774409770965576,-0.1871364563703537,3.1986331939697266,15445,339,1.8160354341494618,0.03985989072040579,112,8486.0,-0.1073839516069536,-0.0879167541581578,1.5034441635709341,1.4650385571153417,1.9654222851887346,1.8976555504202655,0.9345511164223913,850479,-0.10663491023664684,1.4987113283850169,1.9557861423846588,0.9297092233586577,0,1.3877787807814457e-17,0.0,-1.9095836023552692e-14,-1.3322676295501878e-15
2018,principal,Sudeste,1225431,147,22.69317105434231,22.44097229674025,-0.2521987590143101,1.7105495109235556,2.252453345292825,0.9047482286685385,-3.6373287439346313,-0.3590816557407379,3.5652103424072266,41980,1049,3.4257334766298553,0.08560253494484797,147,8723.0,-0.25520812657263653,-0.19703889243922737,1.71265750514348,1.5319572833038884,2.2562263126806674,1.8834601995517668,0.9403053121852896,1225431,-0.25219875901431016,1.7105495109235553,2.252453345292884,0.9047482286685451,0,5.551115123125783e-17,2.220446049250313e-16,-5.906386491005833e-14,-6.5503158452884236e-15
2018,principal,Sul,740485,91,19.466194589255135,19.256800677391706,-0.20939391133322086,1.4008051493640066,1.8383140970740555,0.9527626080443125,-3.0762593746185303,-0.2469051331281662,2.7911624908447266,10409,165,1.4057003180348016,0.0222826930997927,91,8716.0,-0.16380110782178445,-0.18360724250434618,1.4323437970486215,1.3430811541077725,1.8946080603430415,1.748149617580399,0.9536210231525809,740485,-0.20939391133322086,1.4008051493640064,1.8383140970740142,0.9527626080443182,0,0.0,2.220446049250313e-16,4.1300296516055823e-14,-5.773159728050814e-15
2019,principal,Brasil,4613416,587,24.51797080175742,24.26055786690687,-0.2574129382889117,1.5247041926897553,2.003506766681201,0.9386325476925524,-3.2823238372802734,-0.3293941617012024,3.071582317352295,97887,2160,2.121790014167376,0.04681997027798924,587,8631.0,-0.255372364464196,-0.2616702113232938,1.518787668428441,1.4083719209436927,1.9955916208829978,1.8116227510806888,0.9392442589589695,4613416,-0.2574129382889117,1.5247041926897562,2.0035067666811996,0.9386325476925493,0,0.0,-8.881784197001252e-16,1.3322676295501878e-15,3.1086244689504383e-15
2019,principal,Norte,627081,86,26.985119778398886,26.75941021295149,-0.22570957211495002,1.4740696474059853,1.9247156370871092,0.8772905210602421,-3.2832350730895996,-0.24160118401050568,2.945557117462158,10759,39,1.715727314334193,0.0062192922445425715,86,7935.0,-0.22642207814195284,-0.3238464628313475,1.4696515353777284,1.408887430491526,1.92466459681721,1.8341597420734344,0.8985932647224255,627081,-0.22570957211495002,1.4740696474059853,1.9247156370870884,0.8772905210602326,0,0.0,0.0,2.0872192862952943e-14,9.43689570931383e-15
2019,principal,Nordeste,1129754,145,26.88599747749428,26.348287668101648,-0.5377098146419119,1.4157187775761768,1.8256284589245477,0.9263992258057239,-3.230534255504608,-0.5864742398262024,2.336859619617461,13635,28,1.2068999091837693,0.002478415655089515,145,8316.0,-0.5304795652335172,-0.5341920324459727,1.4109105613088486,1.3088565006724502,1.8219965337366872,1.628701008453589,0.9406624072249117,1129754,-0.5377098146419119,1.4157187775761773,1.825628458924573,0.9263992258057272,0,0.0,-4.440892098500626e-16,-2.531308496145357e-14,-3.3306690738754696e-15
2019,principal,Centro-Oeste,844785,114,25.41440555425955,25.402361015088385,-0.012044543848100605,1.496007138700461,1.9658076312398403,0.9290536702101362,-2.953368663787842,-0.08876915276050568,3.291387081146233,16255,615,1.9241582177713858,0.07279958806086756,114,8008.5,0.0008406708406082531,-0.02126460698695859,1.4994853415118252,1.459454613349554,1.9689514117521028,1.8875367911618,0.9365457430418582,844785,-0.012044543848100601,1.496007138700461,1.9658076312398494,0.9290536702101481,0,-3.469446951953614e-18,0.0,-9.103828801926284e-15,-1.1879386363489175e-14
2019,principal,Sudeste,1247667,148,23.292646994864114,23.06649273207006,-0.22615426432187483,1.7243878405662019,2.2592361652537836,0.9142011572478062,-3.6198092699050903,-0.3371089994907379,3.617920398712158,42862,934,3.4353717778862465,0.07485971817800743,148,8753.0,-0.2324218380746628,-0.21471467553788154,1.722270017581927,1.5351796264186368,2.2547113077746372,1.9257784545280683,0.9457699636641232,1247667,-0.2261542643218748,1.7243878405662019,2.2592361652539283,0.9142011572478066,0,-2.7755575615628914e-17,0.0,-1.4477308241112041e-13,-4.440892098500626e-16
2019,principal,Sul,764129,94,20.001863690708,19.810541665743038,-0.19132202482605196,1.4330741312951518,1.9132624214798042,0.9500359088696355,-3.096874713897705,-0.23749962449073792,2.8840214729309075,14376,544,1.8813577288651524,0.07119216781459675,94,8681.0,-0.20435262449142932,-0.1977650401161502,1.433180919156956,1.3614898208041049,1.9113121253315808,1.7768335848059436,0.9534462009922786,764129,-0.19132202482605196,1.4330741312951516,1.9132624214796827,0.9500359088696463,0,0.0,2.220446049250313e-16,1.2145839889399213e-13,-1.0769163338864018e-14
2020,principal,Brasil,3978318,567,24.038767461452363,23.67202596913012,-0.3667414949256282,1.4964232205538255,1.967035675910064,0.9444186600116269,-3.318847179412842,-0.4159877896308899,2.8465824127197266,73719,2881,1.8530192910672298,0.07241753927162183,565,8397.0,-0.3981023172886454,-0.39107633299460937,1.508890663526353,1.390418089891406,1.992476749548042,1.7860647584931215,0.9408437131309514,3978318,-0.3667414949256283,1.496423220553825,1.9670356759101089,0.944418660011609,0,1.1102230246251565e-16,4.440892098500626e-16,-4.4853010194856324e-14,1.787459069646502e-14
2020,principal,Norte,484433,81,27.136521451753023,26.747585171689135,-0.3889362873787454,1.4611407173801034,1.90511904402915,0.8918603412110498,-3.309678506851196,-0.37817344069480896,2.7050969123840316,6584,237,1.35911467633295,0.04892317410250747,81,6711.0,-0.4354807981245189,-0.3752137962382183,1.4519293163471656,1.4002658418833194,1.9020022449256553,1.802168848458166,0.8979334779521152,484433,-0.3889362873787454,1.4611407173801034,1.9051190440291526,0.891860341211054,0,0.0,0.0,-2.4424906541753444e-15,-4.107825191113079e-15
2020,principal,Nordeste,939027,137,26.330952673591284,25.764430077263462,-0.5665226003736988,1.3334433333908207,1.718554537457347,0.9306319410113656,-3.171386241912842,-0.5597164034843445,2.0410014390945412,6897,9,0.7344836729934283,0.0009584388947282666,137,8164.0,-0.5704186404622359,-0.6287737870405128,1.357729365857738,1.2826803835219611,1.7605398078459575,1.6382635175730513,0.9359897736206967,939027,-0.5665226003736988,1.3334433333908207,1.7185545374572928,0.9306319410113633,0,0.0,0.0,5.417888360170764e-14,2.3314683517128287e-15
2020,principal,Centro-Oeste,734613,109,25.268107286562156,25.007065563554185,-0.2610417256397516,1.4890154487161504,1.97386426065872,0.9373245410424166,-3.1057816028594973,-0.3219234347343445,2.944612741470338,12369,1668,1.6837436854507066,0.22705832867101453,107,8137.0,-0.30709120381327,-0.2644065388917829,1.4862568514598633,1.4445251884972616,1.962546610476131,1.838918490943558,0.9424676270274782,734613,-0.2610417256397516,1.4890154487161504,1.9738642606587138,0.9373245410424084,0,0.0,0.0,6.217248937900877e-15,8.215650382226158e-15
2020,principal,Sudeste,1097180,146,22.76640642314184,22.43884703293129,-0.32755939084134367,1.6781086831938172,2.194734650681235,0.9154899876115747,-3.6365254521369934,-0.42893943190574646,3.4171417951583822,33715,661,3.0728777411181394,0.06024535627700103,146,8728.0,-0.3677057763798105,-0.37685584074611256,1.7188082455022304,1.5259554602159042,2.261544778443297,1.903309810174506,0.9423723610805843,1097180,-0.32755939084134356,1.6781086831938175,2.1947346506812604,0.9154899876115773,0,-1.1102230246251565e-16,-2.220446049250313e-16,-2.531308496145357e-14,-2.55351295663786e-15
2020,principal,Sul,723065,94,19.66826412508241,19.409000515012703,-0.25926361060758646,1.4635557922543196,1.937499744477461,0.9532663427943037,-3.2330563068389893,-0.309273898601532,2.8734867572784424,14154,306,1.957500363037901,0.042319846763430674,94,8657.5,-0.26556073103404354,-0.28061222296444066,1.478005746768382,1.3662993083434918,1.9746312265356665,1.76031398570515,0.9589244993658875,723065,-0.25926361060758646,1.4635557922543196,1.9374997444774855,0.9532663427943044,0,0.0,0.0,-2.4424906541753444e-14,-7.771561172376096e-16
2021,principal,Brasil,2933067,492,23.39205380978103,23.02351682597218,-0.3685369866533385,1.5326548452130713,2.014349533285762,0.9452529285452693,-3.4012203216552734,-0.4340328276157379,2.9362290382385234,63602,1200,2.1684468851205922,0.040912805605872626,478,7316.5,-0.41002069968844995,-0.42853121659969684,1.5351823406090637,1.4000291935484444,2.0156969073468716,1.7975364483738039,0.938446815237097,2933067,-0.3685369866533385,1.5326548452130717,2.0143495332857624,0.9452529285452875,0,0.0,-4.440892098500626e-16,-4.440892098500626e-16,-1.8207657603852567e-14
2021,principal,Norte,269898,60,26.93036776135828,26.529543726772626,-0.4008240417588885,1.4848110483358719,1.9328110512212944,0.886758853780559,-3.3426365375518796,-0.4001949429512024,2.727954983711242,3966,105,1.46944401218238,0.03890358579907965,56,4636.0,-0.41493998920976377,-0.5128801742612037,1.4492663133109265,1.4069520349287712,1.9003186175020672,1.850639472172631,0.8941988039980775,269898,-0.4008240417588886,1.4848110483358719,1.9328110512212435,0.886758853780567,0,5.551115123125783e-17,0.0,5.084821452783217e-14,-7.993605777301127e-15
2021,principal,Nordeste,562087,111,26.6703753984472,26.12060793899836,-0.5497674655966035,1.2968132987341046,1.6833571122088598,0.9364476497870322,-3.1450044631958005,-0.5171871185302734,1.932112371921537,4127,21,0.7342279753845935,0.0037360764436822056,108,5474.0,-0.5708949461184155,-0.5521579176827126,1.3950018581796504,1.3004879242595975,1.8205524773903814,1.6130606642201581,0.9338055412910046,562087,-0.5497674655966036,1.2968132987341046,1.6833571122088968,0.936447649787036,0,1.1102230246251565e-16,0.0,-3.708144902248023e-14,-3.774758283725532e-15
2021,principal,Centro-Oeste,487723,89,24.694358680213597,24.44107908040261,-0.25327960272334227,1.4665734925253222,1.8911622686084917,0.9394549294293475,-3.120302438735962,-0.3365718722343445,2.9275833368301374,6579,139,1.3489214164597527,0.028499783688692146,86,6467.0,-0.28677491745166983,-0.2402336515046706,1.4826235228452869,1.4436420363846305,1.9171361476433513,1.8527751945765594,0.9400205084397002,487723,-0.2532796027233423,1.466573492525322,1.891162268608479,0.9394549294293533,0,5.551115123125783e-17,2.220446049250313e-16,1.2656542480726785e-14,-5.773159728050814e-15
2021,principal,Sudeste,1008287,142,22.605701648921322,22.248164864690764,-0.3575367857291601,1.764980792518593,2.3068470995203594,0.9114905961679174,-3.7652193307876587,-0.5041011571884155,3.6150247573852514,37606,815,3.729692042047552,0.08083016046026577,142,8453.0,-0.4103550466072757,-0.4118158803715365,1.7647248684901946,1.5854083512876298,2.3097703262219413,1.9469589434961496,0.9397502552629192,1008287,-0.3575367857291601,1.764980792518593,2.3068470995204384,0.9114905961679144,0,0.0,0.0,-7.904787935331115e-14,2.9976021664879227e-15
2021,principal,Sul,605072,90,19.02896779222175,18.73195365108918,-0.2970141411656381,1.4392024553675185,1.902554722594403,0.9542217760658068,-3.231955111026764,-0.3379390835762024,2.7363655686378467,11324,120,1.8715128116984427,0.01983235053018484,86,8255.0,-0.3274830390170542,-0.35972865198715054,1.440715003395536,1.35697174936589,1.8933333262309557,1.772316300130102,0.958652097028144,605072,-0.29701414116563807,1.4392024553675185,1.9025547225943946,0.9542217760658228,0,-5.551115123125783e-17,0.0,8.43769498715119e-15,-1.5987211554602254e-14
2022,principal,Brasil,3389142,534,23.422512833611407,23.019937233425278,-0.4025756031434366,1.5454782022786004,2.015215181120942,0.9436659156176721,-3.428808665275574,-0.46665553748607635,2.9138673782348627,69914,1099,2.062881991961387,0.03242708626549139,531,7347.0,-0.4111915569982539,-0.40821650122757386,1.5303519989082313,1.4193019019561628,1.998539183617642,1.819352757995152,0.9370645029734813,3389142,-0.40257560314343666,1.5454782022785996,2.0152151811208148,0.9436659156176864,0,5.551115123125783e-17,8.881784197001252e-16,1.270095140171179e-13,-1.432187701766452e-14
2022,principal,Norte,368845,73,27.020822562685815,26.736860742480932,-0.2839618253381261,1.5210735478503206,1.955045665688017,0.8855770244114927,-3.278319835662842,-0.3127925992012024,2.9966800212860107,5799,31,1.5722051268147865,0.008404614404424623,71,5116.0,-0.3792108355180531,-0.420882813632161,1.510443446776288,1.453081644733874,1.9485226121760157,1.868432972611331,0.8958591742932969,368845,-0.28396182533812614,1.5210735478503208,1.9550456656880615,0.885577024411496,0,5.551115123125783e-17,-2.220446049250313e-16,-4.440892098500626e-14,-3.3306690738754696e-15
2022,principal,Nordeste,689242,130,26.340319504628088,25.745951262335662,-0.5943682479974629,1.4324832338602196,1.8538908443683253,0.9259102556532567,-3.2990317583084106,-0.6202144622802734,2.221141636371611,8819,139,1.2795215613674151,0.02016708209888544,130,4935.0,-0.5589320650694822,-0.6146823653667941,1.4344429601457207,1.3351330491092042,1.8634295670815086,1.6475509625975258,0.9356318148292981,689242,-0.5943682479974629,1.4324832338602196,1.8538908443683229,0.9259102556532712,0,0.0,0.0,2.4424906541753444e-15,-1.454392162258955e-14
2022,principal,Centro-Oeste,533131,93,24.69347814652599,24.38807399870147,-0.30540415211512495,1.4990829798350112,1.933392557071979,0.9343436775531699,-3.180614948272705,-0.40039023756980896,2.9378421306610107,8315,167,1.5596541938097765,0.031324383688061654,92,6420.0,-0.30007717133216977,-0.29713844746752527,1.4984422935947825,1.4693764808057945,1.9402801129080443,1.853362374073144,0.9363598015801282,533131,-0.30540415211512495,1.4990829798350112,1.9333925570720079,0.9343436775531674,0,0.0,0.0,-2.886579864025407e-14,2.55351295663786e-15
2022,principal,Sudeste,1154972,145,22.368119052155784,21.904718973199717,-0.46340008073840505,1.7000638931002567,2.2092546849957295,0.9141081984824377,-3.805295050144195,-0.5420894622802734,3.205300843715666,34546,559,2.991068181739471,0.04839944171806763,145,8573.0,-0.44305279343635545,-0.42120388613532245,1.6954051008526805,1.5388111163688147,2.2078950591355424,1.941553059636295,0.9389438732497514,1154972,-0.46340008073840494,1.7000638931002567,2.209254684995523,0.914108198482432,0,-1.1102230246251565e-16,0.0,2.0650148258027912e-13,5.773159728050814e-15
2022,principal,Sul,642952,93,19.07057183140684,18.83424021347492,-0.23633161770048014,1.441388005222088,1.9138067194664379,0.9549544734798008,-3.1185054779052734,-0.31201133131980896,2.908252239227295,12435,203,1.9340479538130375,0.031573118988664786,93,7926.0,-0.28933144273577616,-0.3345492188802556,1.4538431316758258,1.362149567984085,1.9308598647019364,1.7829134076305897,0.9558128797896673,642952,-0.23633161770048008,1.4413880052220882,1.9138067194665365,0.9549544734797959,0,-5.551115123125783e-17,-2.220446049250313e-16,-9.85878045867139e-14,4.884981308350689e-15
2023,principal,Brasil,4185933,551,24.448067226180644,24.108431230059153,-0.339635998941496,1.514675091530494,1.9755871405962042,0.9435825783319405,-3.309569835662842,-0.4110836088657379,2.936768054962158,78749,1550,1.8812771250758193,0.03702878187491295,549,8555.0,-0.35727359127489616,-0.329571786153922,1.5133001209972945,1.4161855743788248,1.9728643479533914,1.811595372368831,0.9434463740870811,4185933,-0.3396359989414962,1.514675091530494,1.9755871405963132,0.9435825783319637,0,2.220446049250313e-16,0.0,-1.0902390101819037e-13,-2.3203661214665772e-14
2023,principal,Norte,492459,78,27.58119782027135,27.42215034104818,-0.15904748453194087,1.4889552012142453,1.9121168718692476,0.8975116812866206,-3.070512580871582,-0.21967735886573792,3.0848527193069457,7089,51,1.439510700383179,0.01035619208908762,76,7324.0,-0.20361566135944742,-0.2589526356006615,1.472301504286621,1.4295729648579782,1.8943625727735922,1.8217908663679072,0.9135961590152994,492459,-0.15904748453194087,1.4889552012142457,1.9121168718692345,0.8975116812866284,0,0.0,-4.440892098500626e-16,1.3100631690576847e-14,-7.771561172376096e-15
2023,principal,Nordeste,972282,137,26.99385836124121,26.459550880537307,-0.5343074857134079,1.377347293938758,1.779923133276068,0.9334949510882043,-3.143310070037842,-0.5741207003593445,2.2647953033447266,9425,273,0.9693689690851008,0.028078273587292576,137,8102.0,-0.558421224070707,-0.5945923053087686,1.3978217129051302,1.3351797124166829,1.8073856045049015,1.649816778648747,0.9467340015126517,972282,-0.534307485713408,1.3773472939387579,1.7799231332760865,0.9334949510882193,0,1.1102230246251565e-16,2.220446049250313e-16,-1.84297022087776e-14,-1.4988010832439613e-14
2023,principal,Centro-Oeste,733722,95,25.533400385367724,25.33108347147381,-0.20231691720425163,1.4743688613901114,1.9124481069172927,0.9360801938496688,-3.106444835662842,-0.2749508023262024,2.99145311117172,11032,337,1.5035667459882627,0.045930202447248415,95,8448.0,-0.22064155946668657,-0.2383412240437597,1.4862833187343782,1.4380324667090798,1.9250294824238663,1.8248264232286635,0.9398144630601362,733722,-0.20231691720425163,1.4743688613901116,1.9124481069171229,0.9360801938496769,0,0.0,-2.220446049250313e-16,1.6986412276764895e-13,-8.104628079763643e-15
2023,principal,Sudeste,1229143,146,23.29169705919847,22.848663114767163,-0.44303394573179605,1.7009872087231461,2.1992098386399483,0.9194007444437203,-3.7527828216552734,-0.5407711267471313,3.2374466657638505,35768,460,2.909995012785331,0.037424449392788314,146,8729.5,-0.44217446490030676,-0.35863904274350944,1.697361747343369,1.5389306838926888,2.1932475747812523,1.9132954436170997,0.9464728784916747,1229143,-0.44303394573179616,1.700987208723146,2.1992098386401326,0.9194007444437381,0,1.1102230246251565e-16,2.220446049250313e-16,-1.8429702208777599e-13,-1.7763568394002505e-14
2023,principal,Sul,758327,95,19.973541361106115,19.80095727353952,-0.1725840879516357,1.4444635209176386,1.931229151070929,0.946169266073289,-3.0914889574050903,-0.24794884026050568,3.008789539337158,15435,429,2.0354016143431526,0.056571901040052636,95,8628.0,-0.1962766697277168,-0.21733864601650332,1.4567741793876938,1.3714958687281267,1.9525851260657532,1.7835968901403656,0.9504086504500974,758327,-0.17258408795163568,1.444463520917639,1.93122915107089,0.946169266073308,0,-2.7755575615628914e-17,-4.440892098500626e-16,3.885780586188048e-14,-1.8984813721090177e-14
2024,principal,Brasil,4025896,541,24.640257569038734,24.261561262002424,-0.3786963104379338,1.5331539598878672,2.0027238150625886,0.9421074903039246,-3.380858898162842,-0.4471675753593445,2.944836139678955,82251,1355,2.0430483052716712,0.03365710390929125,540,8505.0,-0.40119001928765297,-0.392485666868728,1.5294573115966084,1.4512902030409094,1.9960034136085256,1.8472626065920346,0.9379925605798611,4025896,-0.37869631043793367,1.5331539598878674,2.0027238150626006,0.9421074903039369,0,-1.1102230246251565e-16,-2.220446049250313e-16,-1.199040866595169e-14,-1.2323475573339238e-14
2024,principal,Norte,553006,75,27.68860337396413,27.49306442926217,-0.19553894945330635,1.4521478527163165,1.8799377830575719,0.8997660538515891,-3.0650269389152527,-0.24692344665527344,3.039599895477295,7607,39,1.3755727785955307,0.007052364712136939,75,8477.0,-0.19760787317411022,-0.25246907471137175,1.4476605285187247,1.441139339249724,1.8764219090979724,1.838345327673728,0.9108085206114371,553006,-0.19553894945330638,1.4521478527163165,1.8799377830575739,0.8997660538515844,0,2.7755575615628914e-17,0.0,-1.9984014443252818e-15,4.773959005888173e-15
2024,principal,Nordeste,880558,134,27.03814217220303,26.46990155997713,-0.5682406180803588,1.370012665617588,1.7643403206324229,0.9308717500067634,-3.21129548549652,-0.5893062353134155,2.1584486365318294,7837,40,0.8900038384751486,0.00454257414048819,133,7778.0,-0.5853078459629195,-0.552611479156597,1.4060696262114287,1.3347673239380748,1.8116111919746634,1.6331444149919332,0.9375204462500563,880558,-0.5682406180803588,1.3700126656175886,1.7643403206323593,0.9308717500067565,0,0.0,-6.661338147750939e-16,6.350475700855895e-14,6.8833827526759706e-15
2024,principal,Centro-Oeste,695096,94,25.664219039208938,25.39791927047111,-0.26629977253572723,1.525863419352404,1.970766173681837,0.9354512696256582,-3.2092891335487366,-0.36362266540527344,3.092320680618286,12429,162,1.7880983346185275,0.023306133253536202,94,8548.5,-0.32156286272768625,-0.31126700261711426,1.5268867800776607,1.487338997979095,1.9764236568961602,1.8978070642160072,0.9366574112102664,695096,-0.2662997725357273,1.525863419352404,1.970766173681841,0.9354512696256501,0,5.551115123125783e-17,0.0,-3.9968028886505635e-15,8.104628079763643e-15
2024,principal,Sudeste,1169273,146,23.594500683001154,23.10220729793563,-0.4922933874413141,1.769367079268388,2.295035852304892,0.9082908978236982,-3.861591339111328,-0.6113765835762024,3.399703741073608,41015,861,3.5077351482502377,0.07363549829680494,146,8610.5,-0.49712937535633467,-0.48643047983170107,1.753758713122425,1.61426091702246,2.2746709782662466,1.9950792974167695,0.9389895777860857,1169273,-0.4922933874413142,1.769367079268388,2.295035852304794,0.9082908978237052,0,5.551115123125783e-17,0.0,9.814371537686384e-14,-6.994405055138486e-15
2024,principal,Sul,727963,92,20.126008601366838,19.91259163683476,-0.21341696521072392,1.4195798330835927,1.8875053163776843,0.9537035543119282,-3.1151231288909913,-0.26538047194480896,2.854769635200501,13363,253,1.8356702195029144,0.03475451362225827,92,8611.5,-0.230089983867159,-0.23646661805699823,1.4211849879779346,1.3245711311821835,1.888743685694074,1.7381450619585666,0.9582234477561293,727963,-0.21341696521072398,1.419579833083593,1.887505316377586,0.9537035543119226,0,5.551115123125783e-17,-2.220446049250313e-16,9.836575998178887e-14,5.662137425588298e-15
2025,principal,Brasil,3457757,522,23.914198189277226,23.47067240655975,-0.44352578607840243,1.5165537120059518,1.973477121267851,0.9468457864056217,-3.420361042022705,-0.49316367506980896,2.7372562885284424,63565,1104,1.8383304552633397,0.03192821242209906,516,8200.5,-0.4939734528915784,-0.4624624526001977,1.5196350714860338,1.3981164303688494,1.9705412508321198,1.7786731511089018,0.9441497030804926,3457757,-0.4435257860784025,1.5165537120059507,1.9734771212679902,0.9468457864056048,0,5.551115123125783e-17,1.1102230246251565e-15,-1.3922196728799463e-13,1.687538997430238e-14
2025,principal,Norte,455478,70,27.137288294382092,26.804289521463698,-0.332998777874509,1.424696232100776,1.852726682032975,0.8963958514236011,-3.207624137401581,-0.3435787260532379,2.6664458870887673,6140,25,1.3480343726810076,0.0054887393024471,70,8000.5,-0.3211400568619439,-0.33882679185101605,1.4301933353901966,1.3805611899820653,1.8619719917231266,1.7589190085147717,0.9038209840704579,455478,-0.332998777874509,1.424696232100776,1.852726682032978,0.896395851423589,0,0.0,0.0,-2.886579864025407e-15,1.2101430968414206e-14
2025,principal,Nordeste,635181,105,26.83767933379261,26.21176505090195,-0.6259142877414008,1.3767629080065382,1.7691302871438934,0.9361023072892962,-3.236815929412842,-0.6331539154052734,2.066406726837158,5479,91,0.8625887739085394,0.014326625009249331,101,8013.0,-0.7350395551548711,-0.7424278047313854,1.4419938981562934,1.390464545966207,1.8494785022640117,1.7264147876253084,0.9400604587697469,635181,-0.6259142877414007,1.3767629080065384,1.7691302871437855,0.9361023072892907,0,-1.1102230246251565e-16,-2.220446049250313e-16,1.0791367799356522e-13,5.551115123125783e-15
2025,principal,Centro-Oeste,603622,91,24.98796912134884,24.68032465832091,-0.3076444680591809,1.4634538387550906,1.8776572847834945,0.9402166364009809,-3.153759479522705,-0.3821285367012024,2.8236331939697266,7610,92,1.260722770210496,0.015241326525540819,89,8455.0,-0.3963032478171165,-0.34417822529160597,1.4737629082535508,1.4354628924928108,1.8928291606766077,1.826278712815508,0.938316492728752,603622,-0.3076444680591809,1.4634538387550904,1.8776572847834545,0.9402166364009892,0,0.0,2.220446049250313e-16,3.9968028886505635e-14,-8.326672684688674e-15
2025,principal,Sudeste,1135819,146,22.832286567522782,22.340997602038343,-0.4912889682462931,1.7354386162420323,2.2563285793369614,0.9161657465677279,-3.8514156341552734,-0.5908199548721313,3.2244681119918757,37522,844,3.303519310735249,0.0743076141533114,146,8645.0,-0.5143145719874131,-0.40095432273228443,1.7318256889038066,1.539407376707918,2.2452425268861766,1.930361559410986,0.9474000585551371,1135819,-0.4912889682462931,1.7354386162420323,2.2563285793368686,0.9161657465677312,0,0.0,0.0,9.281464485866309e-14,-3.3306690738754696e-15
2025,principal,Sul,627657,110,19.541933890469423,19.15853085806429,-0.383403032578538,1.3796479538519117,1.7870901686977383,0.962241902623202,-3.180134677886963,-0.4024898409843445,2.450732707977295,6814,52,1.0856247918847395,0.008284779744350816,110,7111.0,-0.43464169159264304,-0.39209582173680757,1.4033211843742948,1.2876157966435646,1.8105987705405637,1.6708928170037676,0.9646051763454144,627657,-0.38340303257853803,1.379647953851912,1.7870901686977314,0.9622419026231934,0,5.551115123125783e-17,-2.220446049250313e-16,6.8833827526759706e-15,8.548717289613705e-15
