codigo,anos_validos_extremos,primeiro_ano,ultimo_ano,maior_sequencia_consecutiva,estacao,uf,regiao,rede_extremos_10a,rede_extremos_15a,rede_extremos_consecutiva_10a,rede_extremos_consecutiva_15a
A001,20,2003.0,2025.0,15,BRASILIA,DF,CO,True,True,True,True
A002,18,2006.0,2024.0,15,GOIANIA,GO,CO,True,True,True,True
A003,16,2006.0,2025.0,7,MORRINHOS,GO,CO,True,True,False,False
A005,0,,,0,PORANGATU,GO,CO,False,False,False,False
A009,6,2008.0,2020.0,3,PALMAS,TO,N,False,False,False,False
A010,11,2007.0,2024.0,5,PARANA,TO,N,True,False,False,False
A011,11,2007.0,2025.0,3,SAO SIMAO,GO,CO,True,False,False,False
A012,15,2007.0,2025.0,7,LUZIANIA,GO,CO,True,True,False,False
A013,6,2008.0,2019.0,3,ARAGARCAS,GO,CO,False,False,False,False
A014,12,2008.0,2025.0,4,GOIAS,GO,CO,True,False,False,False
A015,8,2011.0,2021.0,3,ITAPACI,GO,CO,False,False,False,False
A016,14,2008.0,2025.0,9,JATAI,GO,CO,True,False,False,False
A017,9,2008.0,2025.0,3,POSSE,GO,CO,False,False,False,False
A018,6,2007.0,2022.0,2,PEIXE,TO,N,False,False,False,False
A019,11,2008.0,2024.0,5,GURUPI,TO,N,True,False,False,False
A020,9,2008.0,2024.0,2,PEDRO AFONSO,TO,N,False,False,False,False
A021,9,2009.0,2025.0,4,ARAGUAINA,TO,N,False,False,False,False
A022,9,2009.0,2025.0,2,GOIANESIA,GO,CO,False,False,False,False
A023,11,2008.0,2025.0,4,CAIAPONIA,GO,CO,True,False,False,False
A024,11,2008.0,2021.0,5,ALTO PARAISO DE GOIAS,GO,CO,True,False,False,False
A025,8,2008.0,2025.0,2,RIO VERDE,GO,CO,False,False,False,False
A026,7,2011.0,2023.0,2,MINEIROS,GO,CO,False,False,False,False
A027,10,2009.0,2025.0,4,PARAUNA,GO,CO,True,False,False,False
A028,7,2014.0,2025.0,2,IPORA,GO,CO,False,False,False,False
A029,4,2018.0,2024.0,3,EDEIA,GO,CO,False,False,False,False
A031,3,2018.0,2025.0,1,SAO MIGUEL DO ARAGUAIA,GO,CO,False,False,False,False
A032,9,2008.0,2022.0,3,MONTE ALEGRE DE GOIAS,GO,CO,False,False,False,False
A033,13,2008.0,2025.0,4,PIRES DO RIO,GO,CO,True,False,False,False
A034,14,2009.0,2025.0,7,CATALAO,GO,CO,True,False,False,False
A035,11,2009.0,2025.0,3,ITUMBIARA,GO,CO,True,False,False,False
A036,18,2008.0,2025.0,18,CRISTALINA,GO,CO,True,True,True,True
A037,11,2011.0,2025.0,5,SILVANIA,GO,CO,True,False,False,False
A038,9,2009.0,2023.0,4,DIANOPOLIS,TO,N,False,False,False,False
A039,0,,,0,FORMOSO DO ARAGUAIA,TO,N,False,False,False,False
A040,7,2014.0,2025.0,3,MATEIROS,TO,N,False,False,False,False
A041,4,2013.0,2025.0,2,MARIANOPOLIS DO TO,TO,N,False,False,False,False
A042,7,2018.0,2025.0,6,BRAZLANDIA,DF,CO,False,False,False,False
A043,4,2014.0,2019.0,2,CAMPOS LINDOS,TO,N,False,False,False,False
A044,7,2011.0,2025.0,5,ARAGUATINS,TO,N,False,False,False,False
A045,17,2009.0,2025.0,17,AGUAS EMENDADAS,DF,CO,True,True,True,True
A046,11,2015.0,2025.0,11,GAMA (PONTE ALTA),DF,CO,True,False,True,False
A047,7,2018.0,2025.0,4,PARANOA (COOPA-DF),DF,CO,False,False,False,False
A048,4,2018.0,2025.0,3,SANTA FE DO ARAGUAIA,TO,N,False,False,False,False
A049,2,2017.0,2020.0,1,COLINAS DO TOCANTINS,TO,N,False,False,False,False
A050,0,,,0,RIO SONO,TO,N,False,False,False,False
A051,4,2018.0,2023.0,2,PIUM,TO,N,False,False,False,False
A052,0,,,0,SANTA ROSA DO TOCANTINS,TO,N,False,False,False,False
A053,4,2018.0,2025.0,2,ALMAS,TO,N,False,False,False,False
A054,3,2016.0,2025.0,1,ARAGUACU,TO,N,False,False,False,False
A055,5,2017.0,2025.0,3,LAGOA DA CONFUSAO,TO,N,False,False,False,False
A056,5,2019.0,2025.0,2,CRISTALINA (FAZENDA SANTA MONICA),GO,CO,False,False,False,False
A101,16,2007.0,2025.0,15,MANAUS,AM,N,True,True,True,True
A102,5,2015.0,2022.0,3,PARQUE ESTADUAL CHANDLESS,AC,N,False,False,False,False
A104,0,,,0,RIO BRANCO,AC,N,False,False,False,False
A108,0,,,0,CRUZEIRO DO SUL,AC,N,False,False,False,False
A109,1,2015.0,2015.0,1,EIRUNEPE,AM,N,False,False,False,False
A110,8,2012.0,2025.0,3,BOCA DO ACRE,AM,N,False,False,False,False
A111,0,,,0,LABREA,AM,N,False,False,False,False
A112,0,,,0,HUMAITA,AM,N,False,False,False,False
A113,5,2011.0,2015.0,5,APUI,AM,N,False,False,False,False
A117,5,2011.0,2019.0,2,COARI,AM,N,False,False,False,False
A119,12,2009.0,2025.0,5,MANACAPURU,AM,N,True,False,False,False
A120,0,,,0,AUTAZES,AM,N,False,False,False,False
A121,10,2009.0,2025.0,3,ITACOATIARA,AM,N,True,False,False,False
A122,6,2009.0,2014.0,6,MAUES,AM,N,False,False,False,False
A123,4,2009.0,2024.0,2,PARINTINS,AM,N,False,False,False,False
A124,0,,,0,URUCARA,AM,N,False,False,False,False
A125,0,,,0,RIO URUBU,AM,N,False,False,False,False
A126,8,2009.0,2018.0,4,PRESIDENTE FIGUEIREDO,AM,N,False,False,False,False
A128,9,2009.0,2025.0,4,BARCELOS,AM,N,False,False,False,False
A133,7,2012.0,2024.0,4,MANICORE,AM,N,False,False,False,False
A134,9,2012.0,2024.0,4,S. G. DA CACHOEIRA,AM,N,False,False,False,False
A135,5,2011.0,2019.0,3,BOA VISTA,RR,N,False,False,False,False
A136,2,2015.0,2018.0,1,PORTO WALTER,AC,N,False,False,False,False
A137,1,2015.0,2015.0,1,MARECHAL THAUMATURGO,AC,N,False,False,False,False
A138,0,,,0,FEIJO,AC,N,False,False,False,False
A140,9,2010.0,2025.0,4,EPITACIOLANDIA,AC,N,False,False,False,False
A144,1,2025.0,2025.0,1,NOVO ARIPUANA,AM,N,False,False,False,False
A201,10,2010.0,2024.0,4,BELEM,PA,N,True,False,False,False
A202,11,2004.0,2025.0,5,CASTANHAL,PA,N,True,False,False,False
A203,10,2012.0,2025.0,6,SAO LUIS,MA,NE,True,False,False,False
A204,4,2008.0,2019.0,2,BALSAS,MA,NE,False,False,False,False
A205,9,2012.0,2025.0,6,CAROLINA,MA,NE,False,False,False,False
A206,10,2009.0,2025.0,5,CHAPADINHA,MA,NE,True,False,False,False
A207,7,2009.0,2024.0,2,GRAJAU,MA,NE,False,False,False,False
A209,8,2009.0,2023.0,6,MEDICILANDIA,PA,N,False,False,False,False
A210,1,2025.0,2025.0,1,PACAJA,PA,N,False,False,False,False
A211,6,2009.0,2023.0,2,PLACAS,PA,N,False,False,False,False
A212,0,,,0,PARAGOMINAS,PA,N,False,False,False,False
A213,7,2008.0,2025.0,2,TOME ACU,PA,N,False,False,False,False
A214,8,2009.0,2024.0,4,RONDON DO PARA,PA,N,False,False,False,False
A215,4,2009.0,2016.0,2,SALINOPOLIS,PA,N,False,False,False,False
A216,2,2017.0,2021.0,1,SAO FELIX DO XINGU,PA,N,False,False,False,False
A217,5,2009.0,2018.0,2,FAROL de SANTANA,MA,NE,False,False,False,False
A218,7,2009.0,2024.0,2,PREGUICAS,MA,NE,False,False,False,False
A219,9,2009.0,2025.0,3,TURIACU,MA,NE,False,False,False,False
A220,7,2009.0,2025.0,3,BACABAL,MA,NE,False,False,False,False
A221,7,2009.0,2018.0,3,BARRA DO CORDA,MA,NE,False,False,False,False
A222,6,2009.0,2023.0,2,COLINAS,MA,NE,False,False,False,False
A223,8,2009.0,2024.0,4,ALTO PARNAIBA,MA,NE,False,False,False,False
A224,9,2009.0,2025.0,3,ESTREITO,MA,NE,False,False,False,False
A225,12,2009.0,2023.0,5,IMPERATRIZ,MA,NE,True,False,False,False
A226,10,2009.0,2024.0,3,BRAGANCA,PA,N,True,False,False,False
A227,0,,,0,SOURE,PA,N,False,False,False,False
A228,2,2018.0,2019.0,2,BREVES,PA,N,False,False,False,False
A229,10,2009.0,2024.0,3,TUCURUI,PA,N,True,False,False,False
A230,6,2009.0,2018.0,4,SERRA DOS CARAJAS,PA,N,False,False,False,False
A231,8,2009.0,2025.0,3,ITAITUBA,PA,N,False,False,False,False
A232,0,,,0,OBIDOS,PA,N,False,False,False,False
A233,7,2009.0,2024.0,2,SANTANA DO ARAGUAIA,PA,N,False,False,False,False
A234,5,2017.0,2025.0,3,TUCUMA,PA,N,False,False,False,False
A235,8,2009.0,2020.0,4,NOVO REPARTIMENTO,PA,N,False,False,False,False
A236,2,2013.0,2019.0,1,CAMETA,PA,N,False,False,False,False
A237,7,2009.0,2024.0,2,CAXIAS,MA,NE,False,False,False,False
A238,10,2009.0,2025.0,9,BURITICUPU,MA,NE,True,False,False,False
A239,2,2013.0,2016.0,1,MONTE ALEGRE,PA,N,False,False,False,False
A240,0,,,0,MARABA,PA,N,False,False,False,False
A241,0,,,0,CONCEICAO DO ARAGUAIA,PA,N,False,False,False,False
A242,6,2009.0,2025.0,2,OIAPOQUE,AP,N,False,False,False,False
A244,2,2023.0,2024.0,2,PORTO GRANDE,AP,N,False,False,False,False
A245,2,2023.0,2024.0,2,PORTO DE MOZ,PA,N,False,False,False,False
A246,4,2012.0,2016.0,3,MINA DO PALITO,PA,N,False,False,False,False
A247,4,2017.0,2024.0,1,XINGUARA,PA,N,False,False,False,False
A248,4,2012.0,2019.0,2,CAPITAO POCO,PA,N,False,False,False,False
A249,5,2014.0,2025.0,3,MACAPA,AP,N,False,False,False,False
A250,4,2016.0,2024.0,2,SANTAREM,PA,N,False,False,False,False
A251,0,,,0,ITAUBAL,AP,N,False,False,False,False
A252,5,2019.0,2025.0,3,DOM ELISEU,PA,N,False,False,False,False
A253,3,2019.0,2024.0,2,ALTAMIRA,PA,N,False,False,False,False
A254,4,2020.0,2025.0,2,REDENCAO,PA,N,False,False,False,False
A255,4,2020.0,2025.0,3,ZE DOCA,MA,NE,False,False,False,False
A256,1,2024.0,2024.0,1,SANTA MARIA DAS BARREIRAS,PA,N,False,False,False,False
A301,9,2005.0,2020.0,6,RECIFE,PE,NE,False,False,False,False
A303,15,2004.0,2025.0,7,MACEIO,AL,NE,True,True,False,False
A304,0,,,0,NATAL,RN,NE,False,False,False,False
A305,8,2013.0,2023.0,3,FORTALEZA,CE,NE,False,False,False,False
A306,5,2013.0,2020.0,4,SOBRAL,CE,NE,False,False,False,False
A307,14,2004.0,2021.0,7,PETROLINA,PE,NE,True,False,False,False
A308,6,2010.0,2023.0,3,PARNAIBA,PI,NE,False,False,False,False
A309,10,2005.0,2025.0,5,ARCO VERDE,PE,NE,True,False,False,False
A310,15,2005.0,2024.0,6,AREIA,PB,NE,True,True,False,False
A311,9,2007.0,2019.0,5,FLORIANO,PI,NE,False,False,False,False
A312,5,2015.0,2023.0,4,TERESINA,PI,NE,False,False,False,False
A313,11,2008.0,2022.0,3,CAMPINA GRANDE,PB,NE,True,False,False,False
A314,0,,,0,GUARAMIRANGA,CE,NE,False,False,False,False
A315,6,2008.0,2020.0,2,BARBALHA,CE,NE,False,False,False,False
A316,9,2007.0,2025.0,3,CAICO,RN,NE,False,False,False,False
A317,5,2007.0,2023.0,3,MACAU,RN,NE,False,False,False,False
A318,7,2008.0,2025.0,3,MOSSORO,RN,NE,False,False,False,False
A319,2,2008.0,2014.0,1,IGUATU,CE,NE,False,False,False,False
A320,6,2008.0,2024.0,3,JOAO PESSOA,PB,NE,False,False,False,False
A321,7,2008.0,2020.0,2,PATOS,PB,NE,False,False,False,False
A322,12,2008.0,2025.0,6,GARANHUNS,PE,NE,True,False,False,False
A323,6,2008.0,2024.0,2,PAO DE ACUCAR,AL,NE,False,False,False,False
A324,7,2008.0,2017.0,4,TAUA,CE,NE,False,False,False,False
A325,5,2008.0,2017.0,2,QUIXERAMOBIM,CE,NE,False,False,False,False
A326,9,2008.0,2023.0,4,BOM JESUS DO PIAUI,PI,NE,False,False,False,False
A327,9,2008.0,2020.0,3,PALMEIRA DOS INDIOS,AL,NE,False,False,False,False
A328,7,2009.0,2019.0,4,SURUBIM,PE,NE,False,False,False,False
A329,12,2008.0,2025.0,5,CABROBO,PE,NE,True,False,False,False
A330,0,,,0,PAULISTANA,PI,NE,False,False,False,False
A331,6,2008.0,2016.0,3,SAO JOAO DO PIAUI,PI,NE,False,False,False,False
A332,0,,,0,MORADA NOVA,CE,NE,False,False,False,False
A333,0,,,0,SAO GONCALO,PB,NE,False,False,False,False
A334,9,2008.0,2023.0,3,MONTEIRO,PB,NE,False,False,False,False
A335,8,2009.0,2024.0,2,PIRIPIRI,PI,NE,False,False,False,False
A336,0,,,0,ALVORADA DO GURGUEIA,PI,NE,False,False,False,False
A337,3,2010.0,2018.0,1,CARACOL,PI,NE,False,False,False,False
A338,4,2008.0,2015.0,3,ESPERANTINA,PI,NE,False,False,False,False
A339,0,,,0,JAGUARUANA,CE,NE,False,False,False,False
A340,7,2008.0,2023.0,2,APODI,RN,NE,False,False,False,False
A341,0,,,0,CARUARU,PE,NE,False,False,False,False
A342,11,2011.0,2024.0,5,CRATEUS,CE,NE,True,False,False,False
A343,5,2010.0,2019.0,2,PICOS,PI,NE,False,False,False,False
A344,2,2011.0,2015.0,1,CALCANHAR,RN,NE,False,False,False,False
A345,7,2009.0,2018.0,3,SAO RAIMUNDO NONATO,PI,NE,False,False,False,False
A346,11,2009.0,2024.0,4,URUCUI,PI,NE,True,False,False,False
A347,6,2009.0,2018.0,3,CAMPOS SALES,CE,NE,False,False,False,False
A348,11,2009.0,2023.0,4,CABACEIRAS,PB,NE,True,False,False,False
A349,13,2009.0,2025.0,8,IBIMIRIM,PE,NE,True,False,False,False
A350,8,2009.0,2020.0,4,SERRA TALHADA,PE,NE,False,False,False,False
A351,9,2009.0,2024.0,3,FLORESTA,PE,NE,False,False,False,False
A352,6,2009.0,2023.0,3,CAMARATUBA,PB,NE,False,False,False,False
A353,8,2009.0,2017.0,7,ARAPIRACA,AL,NE,False,False,False,False
A354,8,2009.0,2024.0,2,OEIRAS,PI,NE,False,False,False,False
A355,9,2009.0,2025.0,4,CORURIPE,AL,NE,False,False,False,False
A356,7,2009.0,2019.0,2,SAO LUIS DO QUITUNDE,AL,NE,False,False,False,False
A357,10,2009.0,2025.0,6,PALMARES,PE,NE,True,False,False,False
A358,10,2009.0,2023.0,4,JAGUARIBE,CE,NE,True,False,False,False
A359,6,2009.0,2023.0,2,ITAPIPOCA,CE,NE,False,False,False,False
A360,7,2010.0,2018.0,4,ACARAU,CE,NE,False,False,False,False
A361,7,2010.0,2024.0,3,CASTELO DO PIAUI,PI,NE,False,False,False,False
A362,5,2011.0,2018.0,2,SAO PEDRO DO PIAUI,PI,NE,False,False,False,False
A363,10,2010.0,2025.0,6,VALENCA DO PIAUI,PI,NE,True,False,False,False
A364,7,2010.0,2024.0,3,GILBUES,PI,NE,False,False,False,False
A365,0,,,0,CANTO DO BURITI,PI,NE,False,False,False,False
A366,4,2011.0,2025.0,2,OURICURI,PE,NE,False,False,False,False
A367,4,2012.0,2017.0,2,SANTA CRUZ,RN,NE,False,False,False,False
A368,3,2019.0,2023.0,2,TIANGUA,CE,NE,False,False,False,False
A369,1,2023.0,2023.0,1,QUIXADA,CE,NE,False,False,False,False
A370,4,2018.0,2025.0,3,SALGUEIRO,PE,NE,False,False,False,False
A371,4,2018.0,2025.0,2,PIRANHAS,AL,NE,False,False,False,False
A372,1,2018.0,2018.0,1,IPANGUACU,RN,NE,False,False,False,False
A373,1,2018.0,2018.0,1,ITAPORANGA,PB,NE,False,False,False,False
A374,5,2019.0,2025.0,4,CORRENTE,PI,NE,False,False,False,False
A375,3,2020.0,2025.0,2,BAIXA GRANDE DO RIBEIRO,PI,NE,False,False,False,False
A376,0,,,0,CAMPO MAIOR,PI,NE,False,False,False,False
A377,1,2020.0,2020.0,1,ANGICAL DO PIAUI,PI,NE,False,False,False,False
A401,15,2004.0,2025.0,9,SALVADOR,BA,NE,True,True,False,False
A402,12,2007.0,2024.0,4,BARREIRAS,BA,NE,True,False,False,False
A404,11,2007.0,2024.0,4,LUIZ EDUARDO MAGALHAES,BA,NE,True,False,False,False
A405,8,2004.0,2025.0,2,CARAVELAS,BA,NE,False,False,False,False
A406,0,,,0,CRUZ DAS ALMAS,BA,NE,False,False,False,False
A407,12,2004.0,2022.0,5,ITIRUCU,BA,NE,True,False,False,False
A408,16,2004.0,2025.0,12,ITABERABA,BA,NE,True,True,True,False
A409,11,2004.0,2020.0,10,ARACAJU,SE,NE,True,False,True,False
A410,7,2004.0,2024.0,3,ILHEUS,BA,NE,False,False,False,False
A412,0,,,0,MACAJUBA,BA,NE,False,False,False,False
A413,8,2008.0,2022.0,4,FEIRA DE SANTANA,BA,NE,False,False,False,False
A414,13,2008.0,2025.0,6,VITORIA DA CONQUISTA,BA,NE,True,False,False,False
A415,6,2008.0,2018.0,2,SANTA RITA DE CASSIA,BA,NE,False,False,False,False
A416,10,2010.0,2025.0,3,CORRENTINA,BA,NE,True,False,False,False
A417,10,2008.0,2025.0,3,ITABAIANINHA,SE,NE,True,False,False,False
A418,0,,,0,BOM JESUS DA LAPA,BA,NE,False,False,False,False
A419,7,2009.0,2021.0,2,POCO VERDE,SE,NE,False,False,False,False
A420,7,2009.0,2020.0,3,CARIRA,SE,NE,False,False,False,False
A421,8,2009.0,2025.0,3,BREJO GRANDE,SE,NE,False,False,False,False
A422,2,2015.0,2019.0,1,ABROLHOS,BA,NE,False,False,False,False
A423,9,2009.0,2023.0,2,REMANSO,BA,NE,False,False,False,False
A424,11,2009.0,2025.0,5,IRECE,BA,NE,True,False,False,False
A425,10,2009.0,2023.0,3,LENCOIS,BA,NE,True,False,False,False
A426,10,2009.0,2025.0,4,GUANAMBI,BA,NE,True,False,False,False
A427,6,2009.0,2018.0,3,PORTO SEGURO,BA,NE,False,False,False,False
A428,9,2009.0,2023.0,3,SENHOR DO BONFIM,BA,NE,False,False,False,False
A429,8,2009.0,2025.0,3,BARRA,BA,NE,False,False,False,False
A430,14,2009.0,2023.0,12,PIATA,BA,NE,True,False,True,False
A431,0,,,0,CONDE,BA,NE,False,False,False,False
A432,4,2012.0,2015.0,4,BURITIRAMA,BA,NE,False,False,False,False
A433,14,2009.0,2024.0,7,BRUMADO,BA,NE,True,False,False,False
A434,13,2009.0,2025.0,5,AMARGOSA,BA,NE,True,False,False,False
A435,7,2009.0,2018.0,2,UAUA,BA,NE,False,False,False,False
A436,9,2009.0,2023.0,3,QUEIMADAS,BA,NE,False,False,False,False
A437,10,2009.0,2024.0,4,UNA,BA,NE,True,False,False,False
A438,7,2009.0,2020.0,3,MARAU,BA,NE,False,False,False,False
A439,9,2009.0,2025.0,2,IBOTIRAMA,BA,NE,False,False,False,False
A440,8,2009.0,2019.0,4,JACOBINA,BA,NE,False,False,False,False
A441,10,2009.0,2019.0,8,SERRINHA,BA,NE,True,False,False,False
A442,10,2009.0,2025.0,4,EUCLIDES DA CUNHA,BA,NE,True,False,False,False
A443,9,2009.0,2025.0,4,DELFINO,BA,NE,False,False,False,False
A444,4,2014.0,2023.0,1,VALENCA,BA,NE,False,False,False,False
A445,8,2010.0,2019.0,5,IPIAU,BA,NE,False,False,False,False
A446,7,2010.0,2020.0,3,ITAPETINGA,BA,NE,False,False,False,False
A447,9,2010.0,2025.0,3,BELMONTE,BA,NE,False,False,False,False
A448,4,2016.0,2020.0,3,CURACA,BA,NE,False,False,False,False
A449,0,,,0,PILAO ARCADO,BA,NE,False,False,False,False
A450,6,2016.0,2024.0,4,JEREMOABO,BA,NE,False,False,False,False
A451,2,2018.0,2019.0,2,ITABAIANA,SE,NE,False,False,False,False
A452,2,2018.0,2019.0,2,FORMOSO DO RIO PRETO,BA,NE,False,False,False,False
A453,3,2018.0,2024.0,1,NOSSA SENHORA DA GLORIA,SE,NE,False,False,False,False
A454,1,2018.0,2018.0,1,MACAUBAS,BA,NE,False,False,False,False
A455,0,,,0,ITAMARAJU,BA,NE,False,False,False,False
A456,4,2019.0,2025.0,2,SALVADOR (RADIO FAROL),BA,NE,False,False,False,False
A458,6,2019.0,2025.0,5,RIBEIRA DO AMPARO,BA,NE,False,False,False,False
A502,15,2009.0,2025.0,10,BARBACENA,MG,SE,True,True,True,False
A505,17,2003.0,2024.0,8,ARAXA,MG,SE,True,True,False,False
A506,16,2004.0,2025.0,10,MONTES CLAROS,MG,SE,True,True,True,False
A507,18,2007.0,2025.0,17,UBERLANDIA,MG,SE,True,True,True,True
A508,13,2004.0,2025.0,5,ALMENARA,MG,SE,True,False,False,False
A509,18,2007.0,2025.0,10,MONTE VERDE,MG,SE,True,True,True,False
A510,16,2008.0,2025.0,11,VICOSA,MG,SE,True,True,True,False
A511,11,2007.0,2025.0,5,TIMOTEO,MG,SE,True,False,False,False
A512,12,2008.0,2025.0,4,ITUIUTABA,MG,SE,True,False,False,False
A513,15,2007.0,2025.0,12,OURO BRANCO,MG,SE,True,True,True,False
A514,0,,,0,SAO JOAO DEL REI,MG,SE,False,False,False,False
A515,14,2007.0,2024.0,9,VARGINHA,MG,SE,True,False,False,False
A516,14,2007.0,2025.0,5,PASSOS,MG,SE,True,False,False,False
A517,11,2007.0,2023.0,4,MURIAE,MG,SE,True,False,False,False
A518,13,2008.0,2024.0,7,JUIZ DE FORA,MG,SE,True,False,False,False
A519,12,2007.0,2025.0,3,CAMPINA VERDE,MG,SE,True,False,False,False
A520,14,2008.0,2025.0,6,CONCEICAO DAS ALAGOAS,MG,SE,True,False,False,False
A521,18,2007.0,2025.0,17,PAMPULHA,MG,SE,True,True,True,True
A522,12,2007.0,2025.0,4,SERRA DOS AIMORES,MG,SE,True,False,False,False
A523,12,2008.0,2023.0,8,PATROCINIO,MG,SE,True,False,False,False
A524,13,2007.0,2025.0,8,FORMIGA,MG,SE,True,False,False,False
A525,15,2007.0,2025.0,7,SACRAMENTO,MG,SE,True,True,False,False
A526,0,,,0,MONTALVANIA,MG,SE,False,False,False,False
A527,10,2007.0,2023.0,4,TEOFILO OTONI,MG,SE,True,False,False,False
A528,15,2007.0,2025.0,6,TRES MARIAS,MG,SE,True,True,False,False
A529,11,2009.0,2023.0,7,PASSA QUATRO,MG,SE,True,False,False,False
A530,15,2007.0,2024.0,7,CALDAS,MG,SE,True,True,False,False
A531,18,2008.0,2025.0,18,MARIA DA FE,MG,SE,True,True,True,True
A532,11,2008.0,2025.0,5,GOVERNADOR VALADARES,MG,SE,True,False,False,False
A533,16,2008.0,2024.0,11,GUANHAES,MG,SE,True,True,True,False
A534,10,2008.0,2024.0,5,AIMORES,MG,SE,True,False,False,False
A535,14,2009.0,2025.0,9,FLORESTAL,MG,SE,True,False,False,False
A536,12,2008.0,2025.0,3,DORES DO INDAIA,MG,SE,True,False,False,False
A537,14,2008.0,2025.0,6,DIAMANTINA,MG,SE,True,False,False,False
A538,15,2007.0,2025.0,5,CURVELO,MG,SE,True,True,False,False
A539,15,2008.0,2025.0,10,MOCAMBINHO,MG,SE,True,True,True,False
A540,14,2008.0,2025.0,6,MANTENA,MG,SE,True,False,False,False
A541,13,2008.0,2025.0,8,CAPELINHA,MG,SE,True,False,False,False
A542,12,2008.0,2025.0,4,UNAI,MG,SE,True,False,False,False
A543,8,2008.0,2023.0,5,ESPINOSA,MG,SE,False,False,False,False
A544,9,2008.0,2025.0,3,BURITIS,MG,SE,False,False,False,False
A545,9,2008.0,2025.0,2,PIRAPORA,MG,SE,False,False,False,False
A546,11,2008.0,2024.0,7,GUARDA-MOR,MG,SE,True,False,False,False
A547,10,2008.0,2023.0,3,SAO ROMAO,MG,SE,True,False,False,False
A548,10,2008.0,2023.0,2,CHAPADA GAUCHA,MG,SE,True,False,False,False
A549,8,2008.0,2025.0,3,AGUAS VERMELHAS,MG,SE,False,False,False,False
A550,15,2008.0,2024.0,9,ITAOBIM,MG,SE,True,True,False,False
A551,13,2008.0,2025.0,4,RIO PARDO DE MINAS,MG,SE,True,False,False,False
A552,12,2008.0,2025.0,5,SALINAS,MG,SE,True,False,False,False
A553,9,2008.0,2023.0,4,JOAO PINHEIRO,MG,SE,False,False,False,False
A554,15,2008.0,2025.0,5,CARATINGA,MG,SE,True,True,False,False
A555,15,2009.0,2024.0,14,IBIRITE (ROLA MOCA),MG,SE,True,True,True,False
A556,7,2012.0,2023.0,3,MANHUACU,MG,SE,False,False,False,False
A557,10,2013.0,2025.0,4,CORONEL PACHECO,MG,SE,True,False,False,False
A559,5,2018.0,2025.0,2,JANUARIA,MG,SE,False,False,False,False
A560,3,2022.0,2025.0,2,POMPEU,MG,SE,False,False,False,False
A561,6,2016.0,2024.0,3,SAO SEBASTIAO DO PARAISO,MG,SE,False,False,False,False
A562,4,2018.0,2025.0,2,PATOS DE MINAS,MG,SE,False,False,False,False
A563,6,2017.0,2025.0,4,JANAUBA,MG,SE,False,False,False,False
A564,7,2018.0,2024.0,7,DIVINOPOLIS,MG,SE,False,False,False,False
A565,6,2017.0,2025.0,2,BAMBUI,MG,SE,False,False,False,False
A566,0,,,0,ARACUAI,MG,SE,False,False,False,False
A567,4,2019.0,2023.0,3,MACHADO,MG,SE,False,False,False,False
A568,6,2018.0,2025.0,3,UBERABA,MG,SE,False,False,False,False
A569,4,2018.0,2025.0,2,SETE LAGOAS,MG,SE,False,False,False,False
A570,6,2018.0,2025.0,2,OLIVEIRA,MG,SE,False,False,False,False
A571,4,2019.0,2024.0,2,PARACATU,MG,SE,False,False,False,False
A572,0,,,0,BELO HORIZONTE - SANTO AGOSTINHO,MG,SE,False,False,False,False
A601,19,2003.0,2025.0,8,ECOLOGIA AGRICOLA,RJ,SE,True,True,False,False
A602,13,2004.0,2024.0,5,MARAMBAIA,RJ,SE,True,False,False,False
A603,13,2010.0,2025.0,9,XEREM,RJ,SE,True,False,False,False
A604,12,2007.0,2025.0,4,CAMBUCI,RJ,SE,True,False,False,False
A606,13,2007.0,2025.0,4,ARRAIAL DO CABO,RJ,SE,True,False,False,False
A607,15,2007.0,2025.0,8,CAMPOS,RJ,SE,True,True,False,False
A608,10,2007.0,2023.0,3,MACAE,RJ,SE,True,False,False,False
A609,12,2007.0,2025.0,5,RESENDE,RJ,SE,True,False,False,False
A610,11,2007.0,2025.0,4,PICO DO COUTO,RJ,SE,True,False,False,False
A611,14,2007.0,2024.0,4,VALENCA,RJ,SE,True,False,False,False
A612,14,2007.0,2025.0,8,VITORIA,ES,SE,True,False,False,False
A613,10,2008.0,2025.0,2,SANTA TERESA,ES,SE,True,False,False,False
A614,13,2007.0,2025.0,6,LINHARES,ES,SE,True,False,False,False
A615,14,2007.0,2024.0,7,ALFREDO CHAVES,ES,SE,True,False,False,False
A616,16,2007.0,2025.0,8,SAO MATEUS,ES,SE,True,True,False,False
A617,15,2007.0,2025.0,5,ALEGRE,ES,SE,True,True,False,False
A618,14,2007.0,2023.0,5,TERESOPOLIS,RJ,SE,True,False,False,False
A619,11,2009.0,2024.0,4,PARATI,RJ,SE,True,False,False,False
A620,10,2009.0,2023.0,5,SAO TOME,RJ,SE,True,False,False,False
A621,12,2008.0,2025.0,7,VILA MILITAR,RJ,SE,True,False,False,False
A622,9,2009.0,2025.0,2,PRES. KENNEDY,ES,SE,False,False,False,False
A623,9,2009.0,2022.0,5,NOVA VENECIA,ES,SE,False,False,False,False
A624,13,2011.0,2025.0,7,NOVA FRIBURGO,RJ,SE,True,False,False,False
A625,6,2017.0,2025.0,4,TRES RIOS,RJ,SE,False,False,False,False
A626,6,2018.0,2025.0,2,RIO CLARO,RJ,SE,False,False,False,False
A627,5,2019.0,2025.0,2,NITEROI,RJ,SE,False,False,False,False
A628,3,2018.0,2023.0,2,ANGRA DOS REIS,RJ,SE,False,False,False,False
A629,5,2019.0,2023.0,5,CARMO,RJ,SE,False,False,False,False
A630,5,2019.0,2025.0,2,SANTA MARIA MADALENA,RJ,SE,False,False,False,False
A631,4,2018.0,2023.0,2,ECOPORANGA,ES,SE,False,False,False,False
A632,6,2018.0,2025.0,3,MARILANDIA,ES,SE,False,False,False,False
A633,0,,,0,VENDA NOVA DO IMIGRANTE,ES,SE,False,False,False,False
A634,4,2018.0,2025.0,2,VILA VELHA,ES,SE,False,False,False,False
A635,3,2019.0,2021.0,3,ITATIAIA,RJ,SE,False,False,False,False
A636,6,2018.0,2024.0,4,RIO DE JANEIRO - JACAREPAGUA,RJ,SE,False,False,False,False
A637,3,2023.0,2025.0,3,Paty do Alferes - Avelar,RJ,SE,False,False,False,False
A652,14,2008.0,2023.0,9,FORTE DE COPACABANA,RJ,SE,True,False,False,False
A657,8,2012.0,2025.0,4,AFONSO CLAUDIO,ES,SE,False,False,False,False
A659,8,2016.0,2025.0,7,SILVA JARDIM,RJ,SE,False,False,False,False
A667,5,2018.0,2023.0,3,SAQUAREMA,RJ,SE,False,False,False,False
A701,18,2007.0,2025.0,11,SAO PAULO - MIRANTE,SP,SE,True,True,True,False
A702,0,,,0,CAMPO GRANDE,MS,CO,False,False,False,False
A703,18,2002.0,2025.0,10,PONTA PORA,MS,CO,True,True,True,False
A704,11,2007.0,2025.0,5,TRES LAGOAS,MS,CO,True,False,False,False
A705,13,2007.0,2025.0,3,BAURU,SP,SE,True,False,False,False
A706,12,2007.0,2025.0,6,CAMPOS DO JORDAO,SP,SE,True,False,False,False
A707,16,2007.0,2025.0,5,PRESIDENTE PRUDENTE,SP,SE,True,True,False,False
A708,15,2004.0,2023.0,9,FRANCA,SP,SE,True,True,False,False
A709,7,2008.0,2025.0,2,IVINHEMA,MS,CO,False,False,False,False
A710,7,2009.0,2025.0,3,PARANAIBA,MS,CO,False,False,False,False
A711,12,2008.0,2023.0,4,SAO CARLOS,SP,SE,True,False,False,False
A712,0,,,0,IGUAPE,SP,SE,False,False,False,False
A713,0,,,0,SOROCABA,SP,SE,False,False,False,False
A714,9,2007.0,2024.0,4,ITAPEVA,SP,SE,False,False,False,False
A715,0,,,0,SAO MIGUEL ARCANJO,SP,SE,False,False,False,False
A716,0,,,0,OURINHOS,SP,SE,False,False,False,False
A717,6,2008.0,2025.0,2,NHUMIRIM,MS,CO,False,False,False,False
A718,10,2007.0,2025.0,4,RANCHARIA,SP,SE,True,False,False,False
A719,10,2007.0,2025.0,5,AQUIDAUANA,MS,CO,True,False,False,False
A720,11,2007.0,2023.0,8,COXIM,MS,CO,True,False,False,False
A721,12,2007.0,2024.0,4,DOURADOS,MS,CO,True,False,False,False
A722,11,2007.0,2025.0,4,MIRANDA,MS,CO,True,False,False,False
A723,7,2007.0,2025.0,3,PORTO MURTINHO,MS,CO,False,False,False,False
A724,7,2007.0,2023.0,2,CORUMBA,MS,CO,False,False,False,False
A725,8,2007.0,2023.0,3,AVARE,SP,SE,False,False,False,False
A726,8,2007.0,2023.0,4,PIRACICABA,SP,SE,False,False,False,False
A727,10,2007.0,2023.0,3,LINS,SP,SE,True,False,False,False
A728,8,2007.0,2025.0,3,TAUBATE,SP,SE,False,False,False,False
A729,11,2007.0,2021.0,4,VOTUPORANGA,SP,SE,True,False,False,False
A730,7,2007.0,2023.0,4,CHAPADAO DO SUL,MS,CO,False,False,False,False
A731,9,2008.0,2025.0,4,MARACAJU,MS,CO,False,False,False,False
A732,8,2009.0,2024.0,3,SAO GABRIEL DO OESTE,MS,CO,False,False,False,False
A733,9,2008.0,2025.0,4,JALES,SP,SE,False,False,False,False
A734,8,2008.0,2025.0,3,VALPARAISO,SP,SE,False,False,False,False
A735,8,2008.0,2022.0,4,JOSE BONIFACIO,SP,SE,False,False,False,False
A736,7,2008.0,2024.0,2,ARIRANHA,SP,SE,False,False,False,False
A737,0,,,0,IBITINGA,SP,SE,False,False,False,False
A738,8,2008.0,2023.0,3,CASA BRANCA,SP,SE,False,False,False,False
A739,7,2010.0,2018.0,3,ITAPIRA,SP,SE,False,False,False,False
A740,10,2008.0,2019.0,4,SAO LUIS DO PARAITINGA,SP,SE,True,False,False,False
A741,0,,,0,BARRA BONITA,SP,SE,False,False,False,False
A742,8,2012.0,2025.0,4,CASSILANDIA,MS,CO,False,False,False,False
A743,14,2009.0,2025.0,7,RIO BRILHANTE,MS,CO,True,False,False,False
A744,0,,,0,BRAGANCA PAULISTA,SP,SE,False,False,False,False
A746,10,2010.0,2024.0,5,BARRA DO TURVO,SP,SE,True,False,False,False
A747,16,2009.0,2025.0,9,PRADOPOLIS,SP,SE,True,True,False,False
A748,10,2011.0,2023.0,7,BARRETOS,SP,SE,True,False,False,False
A749,11,2009.0,2024.0,6,JUTI,MS,CO,True,False,False,False
A750,7,2012.0,2025.0,3,AMAMBAI,MS,CO,False,False,False,False
A751,8,2009.0,2025.0,3,SETE QUEDAS,MS,CO,False,False,False,False
A752,7,2011.0,2024.0,2,ITAQUIRAI,MS,CO,False,False,False,False
A753,10,2010.0,2025.0,4,ITUVERAVA,SP,SE,True,False,False,False
A754,12,2009.0,2024.0,8,SIDROLANDIA,MS,CO,True,False,False,False
A755,11,2012.0,2025.0,4,BARUERI,SP,SE,True,False,False,False
A756,11,2012.0,2025.0,5,AGUA CLARA,MS,CO,True,False,False,False
A757,7,2012.0,2019.0,6,BELA VISTA,MS,CO,False,False,False,False
A758,4,2013.0,2017.0,3,JARDIM,MS,CO,False,False,False,False
A759,6,2014.0,2025.0,3,BATAGUASSU,MS,CO,False,False,False,False
A760,0,,,0,COSTA RICA,MS,CO,False,False,False,False
A761,0,,,0,SONORA,MS,CO,False,False,False,False
A762,5,2017.0,2023.0,3,DRACENA,SP,SE,False,False,False,False
A763,7,2018.0,2025.0,6,MARILIA,SP,SE,False,False,False,False
A764,4,2017.0,2025.0,2,BEBDOURO,SP,SE,False,False,False,False
A765,4,2018.0,2025.0,3,BERTIOGA,SP,SE,False,False,False,False
A766,2,2018.0,2023.0,1,REGISTRO,SP,SE,False,False,False,False
A767,2,2018.0,2019.0,2,SAO SEBASTIAO,SP,SE,False,False,False,False
A768,5,2018.0,2025.0,3,TUPA,SP,SE,False,False,False,False
A769,4,2018.0,2024.0,2,CACHOEIRA PAULISTA,SP,SE,False,False,False,False
A770,6,2020.0,2025.0,6,SAO SIMAO,SP,SE,False,False,False,False
A771,6,2019.0,2025.0,5,SAO PAULO - INTERLAGOS,SP,SE,False,False,False,False
A801,19,2007.0,2025.0,19,PORTO ALEGRE,RS,S,True,True,True,True
A802,0,,,0,RIO GRANDE,RS,S,False,False,False,False
A803,15,2003.0,2024.0,5,SANTA MARIA,RS,S,True,True,False,False
A804,0,,,0,SANTANA DO LIVRAMENTO,RS,S,False,False,False,False
A805,11,2008.0,2024.0,7,SANTO AUGUSTO,RS,S,True,False,False,False
A806,15,2008.0,2023.0,8,FLORIANOPOLIS,SC,S,True,True,False,False
A807,12,2011.0,2024.0,6,CURITIBA,PR,S,True,False,False,False
A808,10,2007.0,2023.0,5,TORRES,RS,S,True,False,False,False
A809,15,2007.0,2024.0,5,URUGUAIANA,RS,S,True,True,False,False
A810,5,2007.0,2018.0,2,SANTA ROSA,RS,S,False,False,False,False
A811,13,2009.0,2024.0,11,CANGUCU,RS,S,True,False,True,False
A812,12,2007.0,2024.0,4,CACAPAVA DO SUL,RS,S,True,False,False,False
A813,11,2007.0,2022.0,6,RIO PARDO,RS,S,True,False,False,False
A814,9,2009.0,2023.0,5,URUSSANGA,SC,S,False,False,False,False
A815,12,2010.0,2024.0,7,SAO JOAQUIM,SC,S,True,False,False,False
A816,9,2009.0,2023.0,5,NOVO HORIZONTE,SC,S,False,False,False,False
A817,11,2007.0,2023.0,7,INDAIAL,SC,S,True,False,False,False
A818,12,2007.0,2025.0,7,IVAI,PR,S,True,False,False,False
A819,11,2007.0,2020.0,5,CASTRO,PR,S,True,False,False,False
A820,11,2007.0,2025.0,3,MAL. CANDIDO RONDON,PR,S,True,False,False,False
A821,11,2008.0,2025.0,7,JOAQUIM TAVORA,PR,S,True,False,False,False
A822,6,2007.0,2025.0,3,NOVA TEBAS,PR,S,False,False,False,False
A823,10,2007.0,2023.0,4,INACIO MARTINS,PR,S,True,False,False,False
A824,6,2007.0,2018.0,2,ICARAIMA,PR,S,False,False,False,False
A825,1,2023.0,2023.0,1,GOIOERE,PR,S,False,False,False,False
A826,10,2007.0,2024.0,3,ALEGRETE,RS,S,True,False,False,False
A827,14,2007.0,2024.0,7,BAGE,RS,S,True,False,False,False
A828,10,2007.0,2024.0,5,ERECHIM,RS,S,True,False,False,False
A829,12,2007.0,2022.0,8,SAO JOSE DOS AUSENTES,RS,S,True,False,False,False
A830,7,2008.0,2024.0,1,SAO BORJA,RS,S,False,False,False,False
A831,13,2008.0,2024.0,6,QUARAI,RS,S,True,False,False,False
A832,13,2008.0,2024.0,5,SAO GABRIEL,RS,S,True,False,False,False
A833,8,2010.0,2024.0,3,SANTIAGO,RS,S,False,False,False,False
A834,10,2009.0,2023.0,6,TRAMANDAI,RS,S,True,False,False,False
A835,13,2007.0,2024.0,5,MARINGA,PR,S,True,False,False,False
A836,10,2008.0,2024.0,4,JAGUARAO,RS,S,True,False,False,False
A837,11,2009.0,2024.0,3,SOLEDADE,RS,S,True,False,False,False
A838,10,2007.0,2022.0,4,CAMAQUA,RS,S,True,False,False,False
A839,16,2007.0,2024.0,10,PASSO FUNDO,RS,S,True,True,True,False
A840,13,2008.0,2024.0,5,BENTO GONCALVES,RS,S,True,False,False,False
A841,11,2008.0,2020.0,8,JOACABA,SC,S,True,False,False,False
A842,4,2008.0,2014.0,2,NOVA FATIMA,PR,S,False,False,False,False
A843,8,2008.0,2024.0,3,DOIS VIZINHOS,PR,S,False,False,False,False
A844,15,2008.0,2024.0,7,LAGOA VERMELHA,RS,S,True,True,False,False
A845,13,2009.0,2023.0,5,BOM JARDIM DA SERRA - MORRO DA IGREJA,SC,S,True,False,False,False
A846,4,2011.0,2024.0,2,FOZ DO IGUACU,PR,S,False,False,False,False
A847,4,2008.0,2015.0,2,ILHA DO MEL,PR,S,False,False,False,False
A848,9,2009.0,2024.0,2,DIONISIO CERQUEIRA,SC,S,False,False,False,False
A849,8,2009.0,2023.0,2,DIAMANTE DO NORTE,PR,S,False,False,False,False
A850,0,,,0,PARANAPOEMA,PR,S,False,False,False,False
A851,8,2008.0,2023.0,3,ITAPOA,SC,S,False,False,False,False
A852,9,2008.0,2023.0,3,SAO LUIZ GONZAGA,RS,S,False,False,False,False
A853,15,2008.0,2024.0,6,CRUZ ALTA,RS,S,True,True,False,False
A854,11,2008.0,2024.0,4,FREDERICO WESTPHALEN,RS,S,True,False,False,False
A855,7,2009.0,2025.0,3,PLANALTO,PR,S,False,False,False,False
A856,10,2010.0,2024.0,3,PALMEIRA DAS MISSOES,RS,S,True,False,False,False
A857,8,2009.0,2019.0,4,SAO MIGUEL DO OESTE,SC,S,False,False,False,False
A858,9,2009.0,2023.0,4,XANXERE,SC,S,False,False,False,False
A859,12,2009.0,2023.0,6,CACADOR,SC,S,True,False,False,False
A860,13,2009.0,2025.0,5,CURITIBANOS,SC,S,True,False,False,False
A861,9,2010.0,2025.0,6,RIO DO CAMPO,SC,S,False,False,False,False
A862,9,2009.0,2025.0,4,RIO NEGRINHO,SC,S,False,False,False,False
A863,11,2009.0,2025.0,4,ITUPORANGA,SC,S,True,False,False,False
A864,12,2011.0,2025.0,8,MAJOR VIEIRA,SC,S,True,False,False,False
A865,6,2015.0,2025.0,2,LAGES,SC,S,False,False,False,False
A866,8,2009.0,2023.0,2,Laguna  - Farol de Santa Marta,SC,S,False,False,False,False
A867,12,2009.0,2025.0,4,ARARANGUA,SC,S,True,False,False,False
A868,10,2011.0,2025.0,5,ITAJAI,SC,S,True,False,False,False
A869,6,2009.0,2023.0,2,CIDADE GAUCHA,PR,S,False,False,False,False
A870,6,2017.0,2025.0,3,RANCHO QUEIMADO,SC,S,False,False,False,False
A871,11,2009.0,2025.0,3,JAPIRA,PR,S,True,False,False,False
A872,0,,,0,VENTANIA,PR,S,False,False,False,False
A873,10,2011.0,2024.0,7,MORRETES,PR,S,True,False,False,False
A874,10,2012.0,2025.0,3,SAO MATEUS DO SUL,PR,S,True,False,False,False
A875,9,2009.0,2021.0,6,GENERAL CARNEIRO,PR,S,False,False,False,False
A876,12,2009.0,2025.0,4,CLEVELANDIA,PR,S,True,False,False,False
A878,7,2009.0,2023.0,2,MOSTARDAS,RS,S,False,False,False,False
A879,13,2009.0,2024.0,8,CANELA,RS,S,True,False,False,False
A880,11,2009.0,2024.0,3,VACARIA,RS,S,True,False,False,False
A881,6,2011.0,2024.0,2,DOM PEDRITO,RS,S,False,False,False,False
A882,8,2013.0,2023.0,3,TEUTONIA,RS,S,False,False,False,False
A883,7,2016.0,2023.0,5,IBIRUBA,RS,S,False,False,False,False
A884,11,2014.0,2024.0,11,CAMPO BOM,RS,S,True,False,True,False
A886,0,,,0,TUPANCIRETA,RS,S,False,False,False,False
A887,4,2020.0,2024.0,2,CAPAO DO LEAO (PELOTAS),RS,S,False,False,False,False
A889,4,2017.0,2022.0,2,SAO VICENTE DO SUL,RS,S,False,False,False,False
A893,3,2020.0,2023.0,2,ENCRUZILHADA DO SUL,RS,S,False,False,False,False
A894,7,2017.0,2024.0,4,SERAFINA CORREA,RS,S,False,False,False,False
A895,0,,,0,CHAPECO,SC,S,False,False,False,False
A897,5,2017.0,2024.0,2,CAMBARA DO SUL,RS,S,False,False,False,False
A898,6,2020.0,2025.0,6,CAMPOS NOVOS,SC,S,False,False,False,False
A899,10,2009.0,2024.0,3,Santa Vitoria do Palmar - Barra do Chui,RS,S,True,False,False,False
A901,0,,,0,CUIABA,MT,CO,False,False,False,False
A902,7,2005.0,2024.0,2,TANGARA DA SERRA,MT,CO,False,False,False,False
A903,8,2004.0,2025.0,3,S.J. DO RIO CLARO,MT,CO,False,False,False,False
A904,10,2003.0,2024.0,5,SORRISO,MT,CO,True,False,False,False
A905,4,2003.0,2018.0,1,CAMPO NOVO DOS PARECIS,MT,CO,False,False,False,False
A906,11,2004.0,2024.0,3,GUARANTA DO NORTE,MT,CO,True,False,False,False
A907,13,2004.0,2025.0,5,RONDONOPOLIS,MT,CO,True,False,False,False
A908,9,2007.0,2025.0,4,AGUA BOA,MT,CO,False,False,False,False
A909,6,2012.0,2024.0,2,ALTO ARAGUAIA,MT,CO,False,False,False,False
A910,4,2007.0,2023.0,2,APIACAS,MT,CO,False,False,False,False
A911,0,,,0,SAPEZAL,MT,CO,False,False,False,False
A912,0,,,0,CAMPO VERDE,MT,CO,False,False,False,False
A913,8,2007.0,2023.0,5,COMODORO,MT,CO,False,False,False,False
A914,6,2009.0,2018.0,3,JUARA,MT,CO,False,False,False,False
A915,3,2007.0,2024.0,1,PARANATINGA,MT,CO,False,False,False,False
A916,7,2008.0,2024.0,2,QUERENCIA,MT,CO,False,False,False,False
A917,4,2007.0,2024.0,2,SINOP,MT,CO,False,False,False,False
A919,7,2008.0,2025.0,3,COTRIGUACU,MT,CO,False,False,False,False
A920,7,2009.0,2023.0,2,JUINA,MT,CO,False,False,False,False
A921,4,2009.0,2016.0,1,SAO FELIX  DO ARAGUAIA,MT,CO,False,False,False,False
A922,3,2007.0,2020.0,2,VILA BELA DA SANTISSIMA TRINDADE,MT,CO,False,False,False,False
A923,3,2018.0,2023.0,1,PRIMAVERA DO LESTE,MT,CO,False,False,False,False
A924,0,,,0,ALTA FLORESTA,MT,CO,False,False,False,False
A925,0,,,0,PORTO VELHO,RO,N,False,False,False,False
A926,0,,,0,CARLINDA,MT,CO,False,False,False,False
A927,0,,,0,BRASNORTE (MUNDO NOVO),MT,CO,False,False,False,False
A928,0,,,0,NOVA MARINGA,MT,CO,False,False,False,False
A929,0,,,0,NOVA UBIRATA,MT,CO,False,False,False,False
A930,7,2009.0,2023.0,2,GAUCHA DO NORTE,MT,CO,False,False,False,False
A931,10,2009.0,2024.0,4,SANTO ANTONIO DO LESTE,MT,CO,True,False,False,False
A932,9,2009.0,2023.0,3,GUIRATINGA,MT,CO,False,False,False,False
A933,0,,,0,ITIQUIRA,MT,CO,False,False,False,False
A934,12,2009.0,2024.0,3,ALTO TAQUARI,MT,CO,True,False,False,False
A935,0,,,0,PORTO ESTRELA,MT,CO,False,False,False,False
A936,10,2009.0,2024.0,3,SALTO DO CEU,MT,CO,True,False,False,False
A937,11,2009.0,2023.0,7,PONTES E LACERDA,MT,CO,True,False,False,False
A938,9,2011.0,2024.0,4,VILHENA,RO,N,False,False,False,False
A939,10,2010.0,2025.0,3,CACOAL,RO,N,True,False,False,False
A940,5,2011.0,2019.0,3,ARIQUEMES,RO,N,False,False,False,False
A941,6,2013.0,2020.0,3,CACERES,MT,CO,False,False,False,False
A942,1,2020.0,2020.0,1,SAO JOSE DO XINGU,MT,CO,False,False,False,False
A943,1,2020.0,2020.0,1,SERRA NOVA DOURADA,MT,CO,False,False,False,False
A944,3,2023.0,2025.0,3,ROSARIO OESTE,MT,CO,False,False,False,False
A945,0,,,0,BARRA DO GARCAS,MT,CO,False,False,False,False
A947,0,,,0,NOVO SANTO ANTONIO,MT,CO,False,False,False,False
A949,0,,,0,DIAMANTINO,MT,CO,False,False,False,False
A950,0,,,0,ITANHANGA,MT,CO,False,False,False,False
A954,0,,,0,COCALINHO,MT,CO,False,False,False,False
A955,0,,,0,LUCAS DO RIO VERDE,MT,CO,False,False,False,False
B803,3,2017.0,2025.0,2,CAMPINA DA LAGOA,PR,S,False,False,False,False
B804,4,2017.0,2024.0,2,LARANJEIRAS DO SUL,PR,S,False,False,False,False
B806,7,2017.0,2025.0,4,COLOMBO,PR,S,False,False,False,False
B807,2,2023.0,2024.0,2,PORTO ALEGRE- BELEM NOVO,RS,S,False,False,False,False
B808,0,,,0,CACHOEIRINHA,RS,S,False,False,False,False
B809,0,,,0,SAPUCAIA DO SUL,RS,S,False,False,False,False
B810,0,,,0,PARQUE ELDORADO,RS,S,False,False,False,False
B811,0,,,0,SERTAO SANTANA,RS,S,False,False,False,False
B812,0,,,0,CHARQUEADAS,RS,S,False,False,False,False
B813,0,,,0,MINAS DO LEAO,RS,S,False,False,False,False
B814,0,,,0,MONTENEGRO,RS,S,False,False,False,False
B816,0,,,0,SANTA MARIA DO HERVAL,RS,S,False,False,False,False
B817,0,,,0,CAXIAS DO SUL - CRIUVA,RS,S,False,False,False,False
B818,0,,,0,CAXIAS DO SUL - AEROPORTO,RS,S,False,False,False,False
B819,0,,,0,ROLANTE,RS,S,False,False,False,False
B820,0,,,0,SAO FRANCISCO DE PAULA,RS,S,False,False,False,False
B821,0,,,0,SANTANA DA BOA VISTA,RS,S,False,False,False,False
B822,0,,,0,CACHOEIRA DO SUL,RS,S,False,False,False,False
B823,0,,,0,PINHEIRO MACHADO,RS,S,False,False,False,False
B825,0,,,0,PORTO ALEGRE - BELEM NOVO,RS,S,False,False,False,False
B826,0,,,0,HERVAL,RS,S,False,False,False,False
B827,0,,,0,BAGE - CENTRO,RS,S,False,False,False,False
B828,0,,,0,ACEGUA,RS,S,False,False,False,False
B829,0,,,0,SANTA VITORIA DO PALMAR (RESERVA DO TAIM),RS,S,False,False,False,False
B830,0,,,0,SANTA VITORIA DO PALMAR (CENTRO),RS,S,False,False,False,False
B832,0,,,0,CAPAO DA CANOA,RS,S,False,False,False,False
B836,0,,,0,PALMARES DO SUL,RS,S,False,False,False,False
B839,0,,,0,SANTO ANTONIO DA PATRULHA,RS,S,False,False,False,False
B841,0,,,0,TORRES,RS,S,False,False,False,False
F501,11,2015.0,2025.0,11,BELO HORIZONTE - CERCADINHO,MG,SE,True,False,True,False
S101,0,,,0,FORTE PRINCIPE,RO,N,False,False,False,False
S102,0,,,0,PEF IPIRANGA,AM,N,False,False,False,False
S103,0,,,0,CRMN MANAUS,AM,N,False,False,False,False
S104,0,,,0,DTCEA VILHENA,RO,N,False,False,False,False
S105,0,,,0,DTCEA TABATINGA,AM,N,False,False,False,False
S107,0,,,0,DOM ELISEU,PA,N,False,False,False,False
S108,0,,,0,SAO BENTO,MA,NE,False,False,False,False
S110,0,,,0,DTCEA GUAJARA-MIRIM,RO,N,False,False,False,False
S113,0,,,0,BALIZA,RR,N,False,False,False,False
S114,0,,,0,PACARAIMA,RR,N,False,False,False,False
S115,0,,,0,PEF YAUARETE,AM,N,False,False,False,False
S116,0,,,0,PEF ESTIRAO DO EQUADOR,AM,N,False,False,False,False
S117,1,2018.0,2018.0,1,DTCEA TEFE,AM,N,False,False,False,False
S120,1,2018.0,2018.0,1,DTCEA JACAREACANGA,PA,N,False,False,False,False
S121,0,,,0,SANTA ISABEL DO RIO NEGRO,AM,N,False,False,False,False
S122,0,,,0,EB_PEF_BONFIM,MG,SE,False,False,False,False
S701,1,2020.0,2020.0,1,ANGELICA,MS,CO,False,False,False,False
S702,1,2020.0,2020.0,1,ARAL MOREIRA,MS,CO,False,False,False,False
S703,0,,,0,BANDEIRANTES,MS,CO,False,False,False,False
S704,1,2020.0,2020.0,1,BONITO,MS,CO,False,False,False,False
S705,0,,,0,BRASILANDIA,MS,CO,False,False,False,False
S706,0,,,0,CAARAPO,MS,CO,False,False,False,False
S707,0,,,0,CAMAPUA,MS,CO,False,False,False,False
S708,0,,,0,FATIMA DO SUL,MS,CO,False,False,False,False
S709,1,2020.0,2020.0,1,IGUATEMI,MS,CO,False,False,False,False
S710,1,2020.0,2020.0,1,ITAPORA,MS,CO,False,False,False,False
S711,0,,,0,LAGUNA CARAPA,MS,CO,False,False,False,False
S712,0,,,0,NOVA ALVORADA DO SUL,MS,CO,False,False,False,False
S713,0,,,0,NOVA ANDRADINA,MS,CO,False,False,False,False
S714,0,,,0,PEDRO GOMES,MS,CO,False,False,False,False
S715,1,2020.0,2020.0,1,RIBAS DO RIO PARDO,MS,CO,False,False,False,False
S716,1,2020.0,2020.0,1,SANTA RITA DO PARDO,MS,CO,False,False,False,False
S717,1,2019.0,2019.0,1,SELVIRIA,MS,CO,False,False,False,False
