codigo,anos_validos_tendencia,primeiro_ano_valido,ultimo_ano_valido,amplitude_anos,maior_sequencia_consecutiva,cobertura_calendario_mediana,cobertura_calendario_min,estacao,uf,regiao,coordenada_estavel_5km,rede_tendencia_10a,rede_tendencia_15a,rede_consecutiva_10a,rede_consecutiva_15a
A001,25,2001.0,2025.0,25,25,0.9976027397260274,0.8756830601092896,BRASILIA,DF,CO,True,True,True,True,True
A002,23,2002.0,2024.0,23,23,0.9930555555555556,0.8397260273972603,GOIANIA,GO,CO,True,True,True,True,True
A003,18,2002.0,2025.0,24,10,0.9989155251141553,0.8920091324200913,MORRINHOS,GO,CO,True,True,True,True,False
A005,0,,,0,0,,,PORANGATU,GO,CO,False,False,False,False,False
A009,19,2005.0,2023.0,19,19,0.9465753424657535,0.8133561643835616,PALMAS,TO,N,True,True,True,True,True
A010,17,2007.0,2025.0,19,11,0.9707422586520947,0.8149543378995434,PARANA,TO,N,True,True,True,True,False
A011,16,2007.0,2025.0,19,13,0.9823630136986301,0.8007741347905283,SAO SIMAO,GO,CO,True,True,True,True,False
A012,17,2007.0,2025.0,19,7,0.9978310502283105,0.916324200913242,LUZIANIA,GO,CO,True,True,True,False,False
A013,11,2008.0,2020.0,13,7,0.9918032786885246,0.9059360730593607,ARAGARCAS,GO,CO,True,True,False,False,False
A014,18,2008.0,2025.0,18,18,0.9934360730593608,0.8062386156648452,GOIAS,GO,CO,True,True,True,True,True
A015,16,2007.0,2025.0,19,11,0.9787671232876712,0.829337899543379,ITAPACI,GO,CO,True,True,True,True,False
A016,16,2008.0,2025.0,18,11,0.9980022831050228,0.9227168949771689,JATAI,GO,CO,True,True,True,True,False
A017,16,2008.0,2025.0,18,14,0.9845994897322654,0.8103369763205829,POSSE,GO,CO,True,True,True,True,False
A018,15,2007.0,2024.0,18,7,0.9355646630236795,0.8004566210045662,PEIXE,TO,N,True,True,True,False,False
A019,16,2007.0,2024.0,18,13,0.9978881278538814,0.9339041095890411,GURUPI,TO,N,True,True,True,True,False
A020,15,2008.0,2024.0,17,13,0.9918032786885246,0.8278538812785388,PEDRO AFONSO,TO,N,True,True,True,True,False
A021,14,2007.0,2025.0,19,6,0.9622716894977169,0.8200136612021858,ARAGUAINA,TO,N,True,True,False,False,False
A022,15,2008.0,2025.0,18,12,0.9601598173515982,0.806392694063927,GOIANESIA,GO,CO,True,True,True,True,False
A023,15,2008.0,2025.0,18,7,0.9985159817351598,0.8158014571948998,CAIAPONIA,GO,CO,True,True,True,False,False
A024,16,2008.0,2024.0,17,14,0.9963470319634704,0.8606164383561644,ALTO PARAISO DE GOIAS,GO,CO,True,True,True,True,False
A025,15,2008.0,2025.0,18,12,0.9915755919854281,0.8656392694063927,RIO VERDE,GO,CO,True,True,True,True,False
A026,11,2009.0,2023.0,15,7,0.9662100456621004,0.8444899817850637,MINEIROS,GO,CO,True,True,False,False,False
A027,14,2009.0,2025.0,17,8,0.9979489482745714,0.8763698630136987,PARAUNA,GO,CO,True,True,False,False,False
A028,9,2014.0,2025.0,12,6,0.9639269406392694,0.9335616438356165,IPORA,GO,CO,True,False,False,False,False
A029,5,2018.0,2024.0,7,3,0.9494292237442923,0.9354508196721312,EDEIA,GO,CO,True,False,False,False,False
A031,4,2018.0,2025.0,8,2,0.9668949771689497,0.9353881278538813,SAO MIGUEL DO ARAGUAIA,GO,CO,True,False,False,False,False
A032,16,2008.0,2023.0,16,16,0.9621575342465754,0.8409817351598173,MONTE ALEGRE DE GOIAS,GO,CO,True,True,True,True,True
A033,18,2008.0,2025.0,18,18,0.9982305936073059,0.8144977168949772,PIRES DO RIO,GO,CO,True,True,True,True,True
A034,18,2008.0,2025.0,18,18,0.9987461636350026,0.8018264840182648,CATALAO,GO,CO,True,True,True,True,True
A035,16,2008.0,2025.0,18,13,0.9849684669511192,0.8845890410958904,ITUMBIARA,GO,CO,True,True,True,True,False
A036,18,2008.0,2025.0,18,18,0.99903046011428,0.9759132420091324,CRISTALINA,GO,CO,True,True,True,True,True
A037,15,2011.0,2025.0,15,15,0.9984018264840183,0.9455479452054795,SILVANIA,GO,CO,True,True,True,True,True
A038,15,2009.0,2024.0,16,13,0.9929417122040073,0.8050228310502283,DIANOPOLIS,TO,N,True,True,True,True,False
A039,0,,,0,0,,,FORMOSO DO ARAGUAIA,TO,N,False,False,False,False,False
A040,10,2013.0,2025.0,13,7,0.9912671232876713,0.8862704918032787,MATEIROS,TO,N,True,True,False,False,False
A041,10,2013.0,2025.0,13,5,0.9462090163934427,0.8002283105022832,MARIANOPOLIS DO TO,TO,N,True,True,False,False,False
A042,8,2018.0,2025.0,8,8,0.9775976557626569,0.9646118721461188,BRAZLANDIA,DF,CO,True,False,False,False,False
A043,6,2013.0,2019.0,7,4,0.9896118721461187,0.8440346083788707,CAMPOS LINDOS,TO,N,True,False,False,False,False
A044,10,2011.0,2025.0,15,8,0.9986301369863013,0.8279680365296803,ARAGUATINS,TO,N,True,True,False,False,False
A045,17,2009.0,2025.0,17,17,0.9906392694063927,0.9468036529680365,AGUAS EMENDADAS,DF,CO,True,True,True,True,True
A046,11,2015.0,2025.0,11,11,0.9927140255009107,0.9622146118721461,GAMA (PONTE ALTA),DF,CO,True,True,False,True,False
A047,9,2017.0,2025.0,9,9,0.9765981735159818,0.8736301369863013,PARANOA (COOPA-DF),DF,CO,True,False,False,False,False
A048,7,2017.0,2025.0,9,4,0.9757990867579909,0.8015981735159817,SANTA FE DO ARAGUAIA,TO,N,True,False,False,False,False
A049,4,2017.0,2023.0,7,2,0.9694063926940639,0.8292237442922374,COLINAS DO TOCANTINS,TO,N,True,False,False,False,False
A050,0,,,0,0,,,RIO SONO,TO,N,False,False,False,False,False
A051,5,2017.0,2023.0,7,3,1.0,0.939041095890411,PIUM,TO,N,True,False,False,False,False
A052,0,,,0,0,,,SANTA ROSA DO TOCANTINS,TO,N,False,False,False,False,False
A053,5,2017.0,2025.0,9,3,0.972716894977169,0.8493150684931506,ALMAS,TO,N,True,False,False,False,False
A054,6,2016.0,2025.0,10,3,0.9248287671232878,0.8896118721461187,ARAGUACU,TO,N,True,False,False,False,False
A055,6,2017.0,2025.0,9,3,0.9690068493150685,0.9438356164383561,LAGOA DA CONFUSAO,TO,N,True,False,False,False,False
A056,8,2018.0,2025.0,8,8,0.9582762557077626,0.9133561643835616,CRISTALINA (FAZENDA SANTA MONICA),GO,CO,True,False,False,False,False
A101,18,2006.0,2025.0,20,16,0.9905952915637398,0.9054794520547945,MANAUS,AM,N,True,True,True,True,True
A102,7,2009.0,2022.0,14,3,0.978310502283105,0.9621004566210045,PARQUE ESTADUAL CHANDLESS,AC,N,True,False,False,False,False
A104,0,,,0,0,,,RIO BRANCO,AC,N,False,False,False,False,False
A108,0,,,0,0,,,CRUZEIRO DO SUL,AC,N,False,False,False,False,False
A109,4,2013.0,2019.0,7,3,0.8985730593607306,0.8703196347031964,EIRUNEPE,AM,N,True,False,False,False,False
A110,11,2009.0,2025.0,17,4,0.9937214611872146,0.8447488584474886,BOCA DO ACRE,AM,N,True,True,False,False,False
A111,0,,,0,0,,,LABREA,AM,N,False,False,False,False,False
A112,0,,,0,0,,,HUMAITA,AM,N,False,False,False,False,False
A113,7,2010.0,2016.0,7,7,0.9961187214611872,0.8489726027397261,APUI,AM,N,True,False,False,False,False
A117,8,2011.0,2019.0,9,7,0.9943493150684932,0.8471461187214612,COARI,AM,N,True,False,False,False,False
A119,15,2009.0,2025.0,17,11,0.9933789954337899,0.9003424657534247,MANACAPURU,AM,N,True,True,True,True,False
A120,0,,,0,0,,,AUTAZES,AM,N,False,False,False,False,False
A121,14,2009.0,2025.0,17,11,0.9917237442922374,0.8394977168949772,ITACOATIARA,AM,N,True,True,False,True,False
A122,7,2009.0,2017.0,9,6,0.9941780821917808,0.8608447488584475,MAUES,AM,N,True,False,False,False,False
A123,11,2009.0,2024.0,16,4,0.9691780821917808,0.8052511415525114,PARINTINS,AM,N,True,True,False,False,False
A124,0,,,0,0,,,URUCARA,AM,N,False,False,False,False,False
A125,0,,,0,0,,,RIO URUBU,AM,N,False,False,False,False,False
A126,9,2009.0,2019.0,11,4,0.9982876712328768,0.9810502283105023,PRESIDENTE FIGUEIREDO,AM,N,True,False,False,False,False
A128,10,2009.0,2025.0,17,4,0.9978906230506275,0.8208105646630237,BARCELOS,AM,N,True,True,False,False,False
A133,9,2012.0,2024.0,13,5,0.9996584699453552,0.8404109589041096,MANICORE,AM,N,True,False,False,False,False
A134,10,2012.0,2024.0,13,5,0.9983447488584476,0.8654371584699454,S. G. DA CACHOEIRA,AM,N,True,True,False,False,False
A135,9,2011.0,2019.0,9,9,0.9984018264840183,0.8441780821917808,BOA VISTA,RR,N,True,False,False,False,False
A136,6,2010.0,2018.0,9,2,0.8881278538812786,0.808287795992714,PORTO WALTER,AC,N,True,False,False,False,False
A137,3,2012.0,2015.0,4,2,0.8724954462659381,0.8585616438356164,MARECHAL THAUMATURGO,AC,N,True,False,False,False,False
A138,0,,,0,0,,,FEIJO,AC,N,False,False,False,False,False
A140,12,2010.0,2025.0,16,10,0.9756278538812786,0.8748858447488584,EPITACIOLANDIA,AC,N,True,True,False,True,False
A144,3,2023.0,2025.0,3,3,0.8985159817351598,0.8570127504553734,NOVO ARIPUANA,AM,N,True,False,False,False,False
A201,18,2008.0,2025.0,18,18,0.9799086757990868,0.8073770491803278,BELEM,PA,N,True,True,True,True,True
A202,15,2003.0,2025.0,23,5,0.9904371584699454,0.8844748858447489,CASTANHAL,PA,N,True,True,True,False,False
A203,19,2004.0,2025.0,22,14,0.9941780821917808,0.8075342465753425,SAO LUIS,MA,NE,True,True,True,True,False
A204,11,2008.0,2023.0,16,4,0.9098360655737705,0.8592465753424657,BALSAS,MA,NE,True,True,False,False,False
A205,13,2008.0,2025.0,18,9,0.9981785063752276,0.8247716894977168,CAROLINA,MA,NE,True,True,False,False,False
A206,12,2009.0,2025.0,17,6,0.9976598173515983,0.8300228310502283,CHAPADINHA,MA,NE,True,True,False,False,False
A207,12,2009.0,2024.0,16,9,0.9857876712328767,0.8047945205479452,GRAJAU,MA,NE,True,True,False,False,False
A209,10,2009.0,2023.0,15,6,0.9985752426578836,0.858675799086758,MEDICILANDIA,PA,N,True,True,False,False,False
A210,6,2009.0,2025.0,17,4,0.9430365296803653,0.8378995433789954,PACAJA,PA,N,True,False,False,False,False
A211,12,2008.0,2024.0,17,7,0.983190795219203,0.8552511415525114,PLACAS,PA,N,True,True,False,False,False
A212,0,,,0,0,,,PARAGOMINAS,PA,N,False,False,False,False,False
A213,13,2008.0,2025.0,18,6,0.969634703196347,0.817964480874317,TOME ACU,PA,N,True,True,False,False,False
A214,12,2009.0,2024.0,16,10,0.997716894977169,0.8345890410958904,RONDON DO PARA,PA,N,True,True,False,True,False
A215,11,2009.0,2024.0,16,6,0.9618721461187215,0.8167808219178082,SALINOPOLIS,PA,N,True,True,False,False,False
A216,3,2017.0,2025.0,9,1,0.9979452054794521,0.9759132420091324,SAO FELIX DO XINGU,PA,N,True,False,False,False,False
A217,7,2009.0,2018.0,10,3,0.9981735159817352,0.8155251141552512,FAROL de SANTANA,MA,NE,True,False,False,False,False
A218,11,2009.0,2024.0,16,7,0.9969178082191781,0.808675799086758,PREGUICAS,MA,NE,True,True,False,False,False
A219,13,2009.0,2025.0,17,11,0.9984018264840183,0.8084474885844749,TURIACU,MA,NE,True,True,False,True,False
A220,12,2009.0,2025.0,17,4,0.9969178082191781,0.9110883424408015,BACABAL,MA,NE,True,True,False,False,False
A221,12,2008.0,2020.0,13,9,0.9685502283105023,0.8081739526411658,BARRA DO CORDA,MA,NE,True,True,False,False,False
A222,13,2009.0,2024.0,16,6,0.95525956284153,0.8146630236794171,COLINAS,MA,NE,True,True,False,False,False
A223,13,2009.0,2024.0,16,10,0.9996584699453552,0.8234018264840183,ALTO PARNAIBA,MA,NE,True,True,False,True,False
A224,14,2008.0,2025.0,18,7,0.997716894977169,0.8318533697632058,ESTREITO,MA,NE,True,True,False,False,False
A225,15,2008.0,2023.0,16,8,0.9982876712328768,0.8224043715846995,IMPERATRIZ,MA,NE,True,True,True,False,False
A226,14,2009.0,2025.0,17,8,0.9978329216258702,0.8329918032786885,BRAGANCA,PA,N,True,True,False,False,False
A227,0,,,0,0,,,SOURE,PA,N,False,False,False,False,False
A228,2,2018.0,2019.0,2,2,1.0,1.0,BREVES,PA,N,True,False,False,False,False
A229,14,2008.0,2024.0,17,11,0.9983447488584475,0.8099954462659381,TUCURUI,PA,N,True,True,False,True,False
A230,7,2009.0,2018.0,10,5,0.9833788706739527,0.8068493150684931,SERRA DOS CARAJAS,PA,N,True,False,False,False,False
A231,10,2009.0,2025.0,17,4,0.9921903460837886,0.8334471766848816,ITAITUBA,PA,N,True,True,False,False,False
A232,0,,,0,0,,,OBIDOS,PA,N,False,False,False,False,False
A233,9,2009.0,2024.0,16,6,0.9986301369863013,0.8754566210045662,SANTANA DO ARAGUAIA,PA,N,True,False,False,False,False
A234,6,2017.0,2025.0,9,3,0.9998287671232877,0.8305936073059361,TUCUMA,PA,N,True,False,False,False,False
A235,11,2009.0,2021.0,13,6,0.9995433789954338,0.8631278538812786,NOVO REPARTIMENTO,PA,N,True,True,False,False,False
A236,9,2009.0,2019.0,11,4,0.8952054794520548,0.8014840182648402,CAMETA,PA,N,True,False,False,False,False
A237,10,2009.0,2024.0,16,3,0.9888824949472266,0.8765981735159817,CAXIAS,MA,NE,True,True,False,False,False
A238,12,2009.0,2025.0,17,9,0.9986872146118722,0.8810502283105023,BURITICUPU,MA,NE,True,True,False,False,False
A239,5,2013.0,2025.0,13,2,0.8961187214611872,0.8323059360730594,MONTE ALEGRE,PA,N,True,False,False,False,False
A240,0,,,0,0,,,MARABA,PA,N,False,False,False,False,False
A241,0,,,0,0,,,CONCEICAO DO ARAGUAIA,PA,N,False,False,False,False,False
A242,8,2009.0,2025.0,17,3,0.9894406392694064,0.8611872146118722,OIAPOQUE,AP,N,True,False,False,False,False
A244,4,2020.0,2025.0,6,3,0.9868150684931507,0.9536657559198543,PORTO GRANDE,AP,N,True,False,False,False,False
A245,3,2023.0,2025.0,3,3,0.9914383561643836,0.9138127853881278,PORTO DE MOZ,PA,N,True,False,False,False,False
A246,5,2012.0,2016.0,5,5,0.9982876712328768,0.83162100456621,MINA DO PALITO,PA,N,True,False,False,False,False
A247,5,2017.0,2024.0,8,3,0.9997716894977169,0.9074200913242009,XINGUARA,PA,N,True,False,False,False,False
A248,7,2012.0,2020.0,9,5,0.9972602739726028,0.8724885844748859,CAPITAO POCO,PA,N,True,False,False,False,False
A249,7,2014.0,2025.0,12,3,0.9905510018214936,0.8441780821917808,MACAPA,AP,N,True,False,False,False,False
A250,6,2016.0,2024.0,9,4,0.9614156810639518,0.8946347031963471,SANTAREM,PA,N,True,False,False,False,False
A251,0,,,0,0,,,ITAUBAL,AP,N,True,False,False,False,False
A252,7,2018.0,2025.0,8,4,0.9996575342465753,0.8148401826484019,DOM ELISEU,PA,N,True,False,False,False,False
A253,4,2019.0,2025.0,7,3,0.9929325111660054,0.9257990867579908,ALTAMIRA,PA,N,True,False,False,False,False
A254,5,2020.0,2025.0,6,3,0.983675799086758,0.8358447488584475,REDENCAO,PA,N,True,False,False,False,False
A255,4,2020.0,2025.0,6,3,0.9884132420091325,0.9865664845173042,ZE DOCA,MA,NE,True,False,False,False,False
A256,3,2021.0,2025.0,5,2,0.9127853881278539,0.9075342465753424,SANTA MARIA DAS BARREIRAS,PA,N,True,False,False,False,False
A301,15,2005.0,2021.0,17,12,0.9861872146118722,0.861986301369863,RECIFE,PE,NE,True,True,True,True,False
A303,19,2003.0,2025.0,23,11,0.9988584474885844,0.8473744292237443,MACEIO,AL,NE,True,True,True,True,False
A304,0,,,0,0,,,NATAL,RN,NE,False,False,False,False,False
A305,15,2004.0,2023.0,20,5,0.9842465753424657,0.8132420091324201,FORTALEZA,CE,NE,True,True,True,False,False
A306,12,2006.0,2023.0,18,5,0.9446287771040747,0.8178506375227687,SOBRAL,CE,NE,True,True,False,False,False
A307,17,2003.0,2021.0,19,7,0.9979452054794521,0.8579908675799087,PETROLINA,PE,NE,True,True,True,False,False
A308,15,2004.0,2023.0,20,10,0.9487442922374429,0.8193306010928961,PARNAIBA,PI,NE,True,True,True,True,False
A309,19,2005.0,2025.0,21,16,0.9832191780821918,0.8318533697632058,ARCO VERDE,PE,NE,True,True,True,True,True
A310,19,2005.0,2024.0,20,10,0.9988584474885844,0.8264840182648402,AREIA,PB,NE,True,True,True,True,False
A311,13,2006.0,2023.0,18,9,0.997716894977169,0.8111872146118722,FLORIANO,PI,NE,True,True,False,False,False
A312,14,2008.0,2023.0,16,8,0.9480693415175787,0.8609589041095891,TERESINA,PI,NE,True,True,False,False,False
A313,15,2008.0,2025.0,18,7,0.9988615664845173,0.8146118721461187,CAMPINA GRANDE,PB,NE,True,True,True,False,False
A314,0,,,0,0,,,GUARAMIRANGA,CE,NE,False,False,False,False,False
A315,12,2008.0,2020.0,13,9,0.9737021857923498,0.8216894977168949,BARBALHA,CE,NE,True,True,False,False,False
A316,11,2007.0,2025.0,19,7,0.9984018264840183,0.8396118721461188,CAICO,RN,NE,True,True,False,False,False
A317,13,2007.0,2024.0,18,4,0.9502504553734062,0.8124429223744293,MACAU,RN,NE,True,True,False,False,False
A318,13,2008.0,2025.0,18,11,0.9908675799086758,0.8358378870673953,MOSSORO,RN,NE,True,True,False,True,False
A319,12,2008.0,2023.0,16,5,0.9024543378995433,0.8050228310502283,IGUATU,CE,NE,True,True,False,False,False
A320,13,2008.0,2024.0,17,5,0.9496575342465754,0.819634703196347,JOAO PESSOA,PB,NE,True,True,False,False,False
A321,13,2008.0,2025.0,18,8,0.983675799086758,0.8455479452054795,PATOS,PB,NE,True,True,False,False,False
A322,16,2008.0,2025.0,18,13,0.9981179978541308,0.8181506849315069,GARANHUNS,PE,NE,True,True,True,True,False
A323,14,2008.0,2024.0,17,12,0.9548668812535868,0.8032786885245902,PAO DE ACUCAR,AL,NE,True,True,False,True,False
A324,12,2008.0,2019.0,12,12,0.9963470319634703,0.9095890410958904,TAUA,CE,NE,True,True,False,True,False
A325,11,2008.0,2019.0,12,10,0.9779143897996357,0.8549086757990868,QUIXERAMOBIM,CE,NE,True,True,False,True,False
A326,15,2008.0,2024.0,17,7,0.9912100456621005,0.8378995433789954,BOM JESUS DO PIAUI,PI,NE,True,True,True,False,False
A327,14,2008.0,2024.0,17,11,0.9972074069915413,0.804337899543379,PALMEIRA DOS INDIOS,AL,NE,True,True,False,True,False
A328,13,2008.0,2023.0,16,12,0.9960045662100456,0.8129553734061931,SURUBIM,PE,NE,True,True,False,True,False
A329,17,2008.0,2025.0,18,14,0.9988584474885844,0.8523972602739726,CABROBO,PE,NE,True,True,True,True,False
A330,0,,,0,0,,,PAULISTANA,PI,NE,False,False,False,False,False
A331,14,2008.0,2024.0,17,12,0.9456115727225092,0.8039954337899543,SAO JOAO DO PIAUI,PI,NE,True,True,False,True,False
A332,0,,,0,0,,,MORADA NOVA,CE,NE,False,False,False,False,False
A333,0,,,0,0,,,SAO GONCALO,PB,NE,False,False,False,False,False
A334,14,2008.0,2023.0,16,10,0.9982305936073059,0.8486301369863014,MONTEIRO,PB,NE,True,True,False,True,False
A335,14,2008.0,2024.0,17,8,0.9900340282456271,0.8584474885844748,PIRIPIRI,PI,NE,True,True,False,False,False
A336,0,,,0,0,,,ALVORADA DO GURGUEIA,PI,NE,False,False,False,False,False
A337,14,2008.0,2021.0,14,14,0.9063441936771715,0.8114155251141553,CARACOL,PI,NE,True,True,False,True,False
A338,9,2008.0,2017.0,10,8,0.9714253187613844,0.8507990867579909,ESPERANTINA,PI,NE,True,False,False,False,False
A339,0,,,0,0,,,JAGUARUANA,CE,NE,False,False,False,False,False
A340,13,2008.0,2023.0,16,7,0.9779680365296803,0.8164383561643835,APODI,RN,NE,True,True,False,False,False
A341,0,,,0,0,,,CARUARU,PE,NE,False,False,False,False,False
A342,14,2009.0,2024.0,16,10,0.9993726139681114,0.9050546448087432,CRATEUS,CE,NE,True,True,False,True,False
A343,10,2010.0,2019.0,10,10,0.9686643835616439,0.8221461187214611,PICOS,PI,NE,True,True,False,True,False
A344,6,2009.0,2016.0,8,4,0.9343607305936072,0.8440346083788707,CALCANHAR,RN,NE,True,False,False,False,False
A345,12,2008.0,2023.0,16,8,0.9880857474361853,0.8354963570127505,SAO RAIMUNDO NONATO,PI,NE,True,True,False,False,False
A346,15,2008.0,2024.0,17,13,0.9986301369863013,0.8172814207650273,URUCUI,PI,NE,True,True,True,True,False
A347,13,2008.0,2023.0,16,12,0.94341985428051,0.8150045537340619,CAMPOS SALES,CE,NE,True,True,False,True,False
A348,15,2008.0,2023.0,16,13,0.9986301369863013,0.8365209471766849,CABACEIRAS,PB,NE,True,True,True,True,False
A349,16,2009.0,2025.0,17,15,0.9985730593607306,0.8552511415525114,IBIMIRIM,PE,NE,True,True,True,True,True
A350,13,2009.0,2023.0,15,12,0.9984018264840183,0.8355022831050228,SERRA TALHADA,PE,NE,True,True,False,True,False
A351,13,2009.0,2024.0,16,10,0.9931506849315068,0.8002283105022832,FLORESTA,PE,NE,True,True,False,True,False
A352,14,2009.0,2025.0,17,8,0.9361301369863013,0.8045309653916212,CAMARATUBA,PB,NE,True,True,False,False,False
A353,11,2009.0,2024.0,16,10,0.9980593607305936,0.822632058287796,ARAPIRACA,AL,NE,True,True,False,True,False
A354,14,2009.0,2025.0,17,11,0.9976027397260274,0.8070776255707762,OEIRAS,PI,NE,True,True,False,True,False
A355,13,2009.0,2025.0,17,5,0.9984018264840183,0.8067351598173516,CORURIPE,AL,NE,True,True,False,False,False
A356,11,2009.0,2023.0,15,8,0.9948630136986302,0.8214611872146119,SAO LUIS DO QUITUNDE,AL,NE,True,True,False,False,False
A357,13,2009.0,2025.0,17,8,0.9988584474885844,0.8220319634703196,PALMARES,PE,NE,True,True,False,False,False
A358,12,2009.0,2023.0,15,11,0.9986301369863013,0.8835616438356164,JAGUARIBE,CE,NE,True,True,False,True,False
A359,11,2009.0,2023.0,15,10,0.9897260273972602,0.8091324200913242,ITAPIPOCA,CE,NE,True,True,False,True,False
A360,9,2010.0,2023.0,14,6,0.9989754098360656,0.8356164383561644,ACARAU,CE,NE,True,False,False,False,False
A361,10,2010.0,2024.0,15,7,0.998972602739726,0.8921232876712328,CASTELO DO PIAUI,PI,NE,True,True,False,False,False
A362,8,2011.0,2018.0,8,8,0.9897831050228311,0.8600456621004566,SAO PEDRO DO PIAUI,PI,NE,True,False,False,False,False
A363,13,2010.0,2025.0,16,9,0.9990867579908675,0.8044520547945205,VALENCA DO PIAUI,PI,NE,True,True,False,False,False
A364,10,2010.0,2024.0,15,7,0.9988013698630136,0.8672374429223745,GILBUES,PI,NE,True,True,False,False,False
A365,0,,,0,0,,,CANTO DO BURITI,PI,NE,False,False,False,False,False
A366,10,2011.0,2025.0,15,4,0.904069977792749,0.8092465753424658,OURICURI,PE,NE,True,True,False,False,False
A367,10,2011.0,2023.0,13,9,0.9353310502283105,0.8271689497716895,SANTA CRUZ,RN,NE,True,True,False,False,False
A368,3,2019.0,2023.0,5,2,1.0,1.0,TIANGUA,CE,NE,True,False,False,False,False
A369,3,2019.0,2024.0,6,2,0.9554872495446266,0.9011415525114155,QUIXADA,CE,NE,True,False,False,False,False
A370,5,2018.0,2025.0,8,3,0.9646118721461188,0.8496575342465753,SALGUEIRO,PE,NE,True,False,False,False,False
A371,5,2018.0,2025.0,8,2,0.9744292237442922,0.8825342465753425,PIRANHAS,AL,NE,True,False,False,False,False
A372,3,2018.0,2025.0,8,2,0.9021689497716895,0.8134703196347032,IPANGUACU,RN,NE,True,False,False,False,False
A373,2,2018.0,2019.0,2,2,0.9763698630136987,0.9527397260273973,ITAPORANGA,PB,NE,True,False,False,False,False
A374,5,2019.0,2025.0,7,4,0.964041095890411,0.95525956284153,CORRENTE,PI,NE,True,False,False,False,False
A375,3,2020.0,2025.0,6,2,0.9810502283105023,0.975,BAIXA GRANDE DO RIBEIRO,PI,NE,True,False,False,False,False
A376,1,2023.0,2023.0,1,1,0.9271689497716895,0.9271689497716895,CAMPO MAIOR,PI,NE,True,False,False,False,False
A377,1,2020.0,2020.0,1,1,0.9883879781420765,0.9883879781420765,ANGICAL DO PIAUI,PI,NE,True,False,False,False,False
A401,22,2001.0,2025.0,25,17,0.9978881278538814,0.876027397260274,SALVADOR,BA,NE,True,True,True,True,True
A402,18,2007.0,2025.0,19,14,0.9832191780821917,0.8319672131147541,BARREIRAS,BA,NE,True,True,True,True,False
A404,18,2003.0,2025.0,23,8,0.9672700364298725,0.8202054794520548,LUIZ EDUARDO MAGALHAES,BA,NE,True,True,True,False,False
A405,14,2004.0,2025.0,22,9,0.9949843426404172,0.8089041095890411,CARAVELAS,BA,NE,True,True,False,False,False
A406,0,,,0,0,,,CRUZ DAS ALMAS,BA,NE,False,False,False,False,False
A407,17,2003.0,2022.0,20,13,0.9954462659380692,0.8539954337899544,ITIRUCU,BA,NE,True,True,True,True,False
A408,22,2003.0,2025.0,23,16,0.9993156922923372,0.8393670309653917,ITABERABA,BA,NE,True,True,True,True,True
A409,16,2003.0,2023.0,21,12,0.9981735159817351,0.8589041095890411,ARACAJU,SE,NE,True,True,True,True,False
A410,16,2003.0,2024.0,22,8,0.9420200489058562,0.8235159817351598,ILHEUS,BA,NE,True,True,True,False,False
A412,0,,,0,0,,,MACAJUBA,BA,NE,False,False,False,False,False
A413,12,2008.0,2022.0,15,7,0.9885971068193726,0.8010018214936248,FEIRA DE SANTANA,BA,NE,True,True,False,False,False
A414,16,2008.0,2025.0,18,7,0.9973204705941063,0.8288812785388128,VITORIA DA CONQUISTA,BA,NE,True,True,True,False,False
A415,10,2008.0,2019.0,12,7,0.9922586520947176,0.9091324200913242,SANTA RITA DE CASSIA,BA,NE,True,True,False,False,False
A416,13,2008.0,2025.0,18,4,0.9995433789954338,0.8514344262295082,CORRENTINA,BA,NE,True,True,False,False,False
A417,14,2008.0,2025.0,18,12,0.9970319634703196,0.8568493150684932,ITABAIANINHA,SE,NE,True,True,False,True,False
A418,0,,,0,0,,,BOM JESUS DA LAPA,BA,NE,False,False,False,False,False
A419,12,2009.0,2023.0,15,6,0.9960616438356165,0.8285388127853881,POCO VERDE,SE,NE,True,True,False,False,False
A420,10,2009.0,2020.0,12,7,0.9972602739726028,0.8424657534246576,CARIRA,SE,NE,True,True,False,False,False
A421,11,2009.0,2025.0,17,4,0.9996575342465753,0.8501141552511415,BREJO GRANDE,SE,NE,True,True,False,False,False
A422,6,2015.0,2020.0,6,6,0.8469073595828032,0.8172374429223744,ABROLHOS,BA,NE,True,False,False,False,False
A423,13,2009.0,2023.0,15,12,0.9974885844748859,0.85132058287796,REMANSO,BA,NE,True,True,False,True,False
A424,16,2009.0,2025.0,17,14,0.9980615440277466,0.8372040072859745,IRECE,BA,NE,True,True,True,True,False
A425,14,2009.0,2024.0,16,10,0.9994870811188462,0.9070776255707762,LENCOIS,BA,NE,True,True,False,True,False
A426,13,2009.0,2025.0,17,7,0.9921232876712329,0.8068493150684931,GUANAMBI,BA,NE,True,True,False,False,False
A427,12,2009.0,2023.0,15,11,0.96175799086758,0.8531420765027322,PORTO SEGURO,BA,NE,True,True,False,True,False
A428,15,2009.0,2025.0,17,7,0.9949771689497717,0.8319672131147541,SENHOR DO BONFIM,BA,NE,True,True,True,False,False
A429,14,2009.0,2025.0,17,12,0.9969178082191781,0.8106164383561644,BARRA,BA,NE,True,True,False,True,False
A430,16,2009.0,2024.0,16,16,0.9980593607305936,0.8800091074681239,PIATA,BA,NE,True,True,True,True,True
A431,0,,,0,0,,,CONDE,BA,NE,False,False,False,False,False
A432,10,2009.0,2019.0,11,9,0.9382420091324201,0.8365296803652968,BURITIRAMA,BA,NE,True,True,False,False,False
A433,17,2009.0,2025.0,17,17,0.9985159817351598,0.8378995433789954,BRUMADO,BA,NE,True,True,True,True,True
A434,15,2009.0,2025.0,17,13,0.9993169398907104,0.8017123287671233,AMARGOSA,BA,NE,True,True,True,True,False
A435,12,2009.0,2020.0,12,12,0.9840549130423935,0.8662100456621005,UAUA,BA,NE,True,True,False,True,False
A436,13,2009.0,2023.0,15,11,0.9886986301369863,0.8398401826484019,QUEIMADAS,BA,NE,True,True,False,True,False
A437,13,2009.0,2024.0,16,8,0.9972602739726028,0.8331050228310503,UNA,BA,NE,True,True,False,False,False
A438,12,2009.0,2022.0,14,10,0.9978881278538814,0.8327625570776256,MARAU,BA,NE,True,True,False,True,False
A439,15,2009.0,2025.0,17,9,0.9667808219178082,0.83675799086758,IBOTIRAMA,BA,NE,True,True,True,False,False
A440,10,2009.0,2019.0,11,8,0.9988013698630136,0.917351598173516,JACOBINA,BA,NE,True,True,False,False,False
A441,12,2009.0,2023.0,15,11,0.9986872146118722,0.9577625570776256,SERRINHA,BA,NE,True,True,False,True,False
A442,14,2009.0,2025.0,17,9,0.9970319634703196,0.8350456621004566,EUCLIDES DA CUNHA,BA,NE,True,True,False,False,False
A443,13,2009.0,2025.0,17,11,0.9988584474885844,0.8751141552511416,DELFINO,BA,NE,True,True,False,True,False
A444,12,2010.0,2023.0,14,11,0.9603828255607956,0.8079908675799087,VALENCA,BA,NE,True,True,False,True,False
A445,11,2010.0,2020.0,11,11,0.9984018264840183,0.8832191780821917,IPIAU,BA,NE,True,True,False,True,False
A446,13,2010.0,2024.0,15,8,0.9929417122040073,0.8387978142076503,ITAPETINGA,BA,NE,True,True,False,False,False
A447,13,2010.0,2025.0,16,9,0.9986301369863013,0.813752276867031,BELMONTE,BA,NE,True,True,False,False,False
A448,7,2016.0,2025.0,10,4,0.9806466302367942,0.8214611872146119,CURACA,BA,NE,True,False,False,False,False
A449,2,2019.0,2020.0,2,2,0.8588144384559723,0.8571265938069217,PILAO ARCADO,BA,NE,True,False,False,False,False
A450,7,2016.0,2024.0,9,6,0.9988584474885844,0.9602739726027397,JEREMOABO,BA,NE,True,False,False,False,False
A451,2,2018.0,2019.0,2,2,0.986472602739726,0.9817351598173516,ITABAIANA,SE,NE,True,False,False,False,False
A452,3,2018.0,2022.0,5,2,0.9998858447488584,0.9473744292237443,FORMOSO DO RIO PRETO,BA,NE,True,False,False,False,False
A453,6,2018.0,2024.0,7,4,0.9726598173515981,0.8363013698630137,NOSSA SENHORA DA GLORIA,SE,NE,True,False,False,False,False
A454,2,2017.0,2018.0,2,2,0.9410388127853881,0.8820776255707763,MACAUBAS,BA,NE,True,False,False,False,False
A455,0,,,0,0,,,ITAMARAJU,BA,NE,False,False,False,False,False
A456,6,2019.0,2025.0,7,4,0.903824200913242,0.8547945205479452,SALVADOR (RADIO FAROL),BA,NE,True,False,False,False,False
A458,6,2019.0,2025.0,7,5,0.9674086757990867,0.9496575342465754,RIBEIRA DO AMPARO,BA,NE,True,False,False,False,False
A502,20,2005.0,2025.0,21,13,0.9978906230506275,0.9356164383561644,BARBACENA,MG,SE,True,True,True,True,False
A505,21,2003.0,2024.0,22,16,0.9946347031963471,0.8626712328767123,ARAXA,MG,SE,True,True,True,True,True
A506,21,2003.0,2025.0,23,15,0.9988584474885844,0.9194063926940639,MONTES CLAROS,MG,SE,True,True,True,True,True
A507,20,2006.0,2025.0,20,20,0.9980593607305936,0.8007741347905283,UBERLANDIA,MG,SE,True,True,True,True,True
A508,20,2003.0,2025.0,23,8,0.9849495970257255,0.8135844748858447,ALMENARA,MG,SE,True,True,True,False,False
A509,21,2005.0,2025.0,21,21,0.9971461187214612,0.8197488584474886,MONTE VERDE,MG,SE,True,True,True,True,True
A510,20,2006.0,2025.0,20,20,0.999088317488834,0.877283105022831,VICOSA,MG,SE,True,True,True,True,True
A511,19,2006.0,2025.0,20,18,0.998972602739726,0.8022831050228311,TIMOTEO,MG,SE,True,True,True,True,True
A512,17,2007.0,2025.0,19,13,0.9972602739726028,0.8611111111111112,ITUIUTABA,MG,SE,True,True,True,True,False
A513,16,2007.0,2025.0,19,15,0.9989754098360656,0.9622146118721461,OURO BRANCO,MG,SE,True,True,True,True,True
A514,0,,,0,0,,,SAO JOAO DEL REI,MG,SE,False,False,False,False,False
A515,17,2007.0,2024.0,18,9,0.9992030965391621,0.9006849315068494,VARGINHA,MG,SE,True,True,True,False,False
A516,19,2007.0,2025.0,19,19,0.9896118721461187,0.8055555555555556,PASSOS,MG,SE,True,True,True,True,True
A517,18,2007.0,2025.0,19,10,0.9956090775257629,0.8651826484018265,MURIAE,MG,SE,True,True,True,True,False
A518,18,2008.0,2025.0,18,18,0.9990880055892407,0.9037671232876713,JUIZ DE FORA,MG,SE,True,True,True,True,True
A519,18,2007.0,2025.0,19,14,0.9954426790927464,0.8684931506849315,CAMPINA VERDE,MG,SE,True,True,True,True,False
A520,18,2007.0,2025.0,19,12,0.9972602739726028,0.9181506849315069,CONCEICAO DAS ALAGOAS,MG,SE,True,True,True,True,False
A521,19,2007.0,2025.0,19,19,0.9985159817351598,0.9618721461187215,PAMPULHA,MG,SE,True,True,True,True,True
A522,19,2007.0,2025.0,19,19,0.9918032786885246,0.8288934426229508,SERRA DOS AIMORES,MG,SE,True,True,True,True,True
A523,15,2008.0,2023.0,16,9,0.9994307832422586,0.9038812785388128,PATROCINIO,MG,SE,True,True,True,False,False
A524,19,2007.0,2025.0,19,19,0.996689497716895,0.8736301369863013,FORMIGA,MG,SE,True,True,True,True,True
A525,18,2007.0,2025.0,19,14,0.9986892419592285,0.8909817351598174,SACRAMENTO,MG,SE,True,True,True,True,False
A526,0,,,0,0,,,MONTALVANIA,MG,SE,False,False,False,False,False
A527,14,2007.0,2024.0,18,8,0.9943647540983607,0.8422131147540983,TEOFILO OTONI,MG,SE,True,True,False,False,False
A528,17,2007.0,2025.0,19,9,0.998972602739726,0.9624429223744292,TRES MARIAS,MG,SE,True,True,True,False,False
A529,15,2009.0,2024.0,16,8,0.9972602739726028,0.8732923497267759,PASSA QUATRO,MG,SE,True,True,True,False,False
A530,18,2007.0,2024.0,18,18,0.9978333894752601,0.9505707762557077,CALDAS,MG,SE,True,True,True,True,True
A531,18,2008.0,2025.0,18,18,0.9996010804201911,0.9828767123287672,MARIA DA FE,MG,SE,True,True,True,True,True
A532,17,2008.0,2025.0,18,10,0.9929417122040073,0.8335616438356165,GOVERNADOR VALADARES,MG,SE,True,True,True,True,False
A533,17,2008.0,2024.0,17,17,0.9951047358834244,0.9059360730593607,GUANHAES,MG,SE,True,True,True,True,True
A534,13,2008.0,2024.0,17,5,0.9949771689497717,0.8526255707762557,AIMORES,MG,SE,True,True,False,False,False
A535,16,2009.0,2025.0,17,15,0.9995440027946203,0.841324200913242,FLORESTAL,MG,SE,True,True,True,True,True
A536,18,2008.0,2025.0,18,18,0.9914383561643836,0.8639269406392694,DORES DO INDAIA,MG,SE,True,True,True,True,True
A537,18,2008.0,2025.0,18,18,0.9987456957856127,0.8954337899543379,DIAMANTINA,MG,SE,True,True,True,True,True
A538,17,2007.0,2025.0,19,14,0.9990867579908675,0.9084474885844749,CURVELO,MG,SE,True,True,True,True,False
A539,17,2008.0,2025.0,18,12,0.9986301369863013,0.8787671232876713,MOCAMBINHO,MG,SE,True,True,True,True,False
A540,18,2008.0,2025.0,18,18,0.9987458517354093,0.9034246575342466,MANTENA,MG,SE,True,True,True,True,True
A541,15,2008.0,2025.0,18,8,0.9994307832422586,0.8687386156648452,CAPELINHA,MG,SE,True,True,True,False,False
A542,17,2008.0,2025.0,18,15,0.977054794520548,0.8593607305936073,UNAI,MG,SE,True,True,True,True,True
A543,14,2008.0,2025.0,18,11,0.9960045662100456,0.8386986301369863,ESPINOSA,MG,SE,True,True,False,True,False
A544,15,2008.0,2025.0,18,9,0.9987442922374429,0.8715753424657534,BURITIS,MG,SE,True,True,True,False,False
A545,18,2008.0,2025.0,18,18,0.9654114267534994,0.8259335154826958,PIRAPORA,MG,SE,True,True,True,True,True
A546,14,2008.0,2025.0,18,7,0.9988584474885844,0.8633561643835617,GUARDA-MOR,MG,SE,True,True,False,False,False
A547,15,2008.0,2024.0,17,12,0.997716894977169,0.8950913242009132,SAO ROMAO,MG,SE,True,True,True,True,False
A548,14,2008.0,2023.0,16,8,0.9847602739726027,0.8627853881278539,CHAPADA GAUCHA,MG,SE,True,True,False,False,False
A549,17,2008.0,2025.0,18,12,0.9647260273972603,0.8581050228310503,AGUAS VERMELHAS,MG,SE,True,True,True,True,False
A550,16,2008.0,2024.0,17,9,0.997662936347531,0.9509132420091324,ITAOBIM,MG,SE,True,True,True,False,False
A551,18,2008.0,2025.0,18,18,0.9981164383561644,0.8431506849315068,RIO PARDO DE MINAS,MG,SE,True,True,True,True,True
A552,16,2008.0,2025.0,18,12,0.9971461187214612,0.8512557077625571,SALINAS,MG,SE,True,True,True,True,False
A553,17,2008.0,2025.0,18,14,0.988615664845173,0.8018264840182648,JOAO PINHEIRO,MG,SE,True,True,True,True,False
A554,17,2008.0,2025.0,18,12,0.9988615664845173,0.8585616438356164,CARATINGA,MG,SE,True,True,True,True,False
A555,17,2009.0,2025.0,17,17,0.9965846994535519,0.807648401826484,IBIRITE (ROLA MOCA),MG,SE,True,True,True,True,True
A556,13,2012.0,2025.0,14,8,0.9740437158469946,0.8419854280510018,MANHUACU,MG,SE,True,True,False,False,False
A557,12,2013.0,2025.0,13,8,0.9918949771689498,0.9095890410958904,CORONEL PACHECO,MG,SE,True,True,False,False,False
A559,8,2017.0,2025.0,9,4,0.9614800883299648,0.8728310502283105,JANUARIA,MG,SE,True,False,False,False,False
A560,4,2022.0,2025.0,4,4,0.9976027397260274,0.8848173515981735,POMPEU,MG,SE,True,False,False,False,False
A561,7,2016.0,2024.0,9,5,0.9998861566484517,0.9017123287671233,SAO SEBASTIAO DO PARAISO,MG,SE,True,False,False,False,False
A562,7,2018.0,2025.0,8,5,0.9821917808219178,0.8158675799086758,PATOS DE MINAS,MG,SE,True,False,False,False,False
A563,7,2017.0,2025.0,9,4,0.9711187214611872,0.9413706739526412,JANAUBA,MG,SE,True,False,False,False,False
A564,7,2018.0,2024.0,7,7,0.9996575342465753,0.984703196347032,DIVINOPOLIS,MG,SE,True,False,False,False,False
A565,7,2017.0,2025.0,9,4,0.9808219178082191,0.9666666666666667,BAMBUI,MG,SE,True,False,False,False,False
A566,0,,,0,0,,,ARACUAI,MG,SE,False,False,False,False,False
A567,8,2018.0,2025.0,8,8,0.9542808219178083,0.8294626593806922,MACHADO,MG,SE,True,False,False,False,False
A568,8,2018.0,2025.0,8,8,0.9761415525114155,0.8779680365296804,UBERABA,MG,SE,True,False,False,False,False
A569,8,2017.0,2025.0,9,5,0.9828767123287672,0.8608447488584475,SETE LAGOAS,MG,SE,True,False,False,False,False
A570,8,2018.0,2025.0,8,8,0.9985730593607306,0.9064207650273224,OLIVEIRA,MG,SE,True,False,False,False,False
A571,7,2019.0,2025.0,7,7,0.9933970856102003,0.8853597449908925,PARACATU,MG,SE,True,False,False,False,False
A572,0,,,0,0,,,BELO HORIZONTE - SANTO AGOSTINHO,MG,SE,True,False,False,False,False
A601,22,2002.0,2025.0,24,15,0.9986872146118722,0.853310502283105,ECOLOGIA AGRICOLA,RJ,SE,True,True,True,True,True
A602,20,2004.0,2024.0,21,18,0.9962328767123287,0.8484018264840183,MARAMBAIA,RJ,SE,True,True,True,True,True
A603,18,2005.0,2025.0,21,14,0.9970319634703196,0.8602739726027397,XEREM,RJ,SE,True,True,True,True,False
A604,17,2003.0,2025.0,23,10,0.9938356164383562,0.8287671232876712,CAMBUCI,RJ,SE,True,True,True,True,False
A606,19,2007.0,2025.0,19,19,0.9908925318761385,0.8061247723132969,ARRAIAL DO CABO,RJ,SE,True,True,True,True,True
A607,19,2007.0,2025.0,19,19,0.9989754098360656,0.8361872146118722,CAMPOS,RJ,SE,True,True,True,True,True
A608,19,2007.0,2025.0,19,19,0.9964611872146119,0.8018264840182648,MACAE,RJ,SE,True,True,True,True,True
A609,17,2007.0,2025.0,19,11,0.9942922374429224,0.8922374429223744,RESENDE,RJ,SE,True,True,True,True,False
A610,12,2007.0,2025.0,19,4,0.9988013698630137,0.8409817351598173,PICO DO COUTO,RJ,SE,True,True,False,False,False
A611,16,2007.0,2024.0,18,8,0.9970890410958904,0.8463114754098361,VALENCA,RJ,SE,True,True,True,False,False
A612,17,2007.0,2025.0,19,13,0.9971461187214612,0.8763698630136987,VITORIA,ES,SE,True,True,True,True,False
A613,18,2008.0,2025.0,18,18,0.9520579135164808,0.8464611872146118,SANTA TERESA,ES,SE,True,True,True,True,True
A614,19,2007.0,2025.0,19,19,0.9981735159817352,0.8551369863013699,LINHARES,ES,SE,True,True,True,True,True
A615,15,2007.0,2024.0,18,10,0.9993150684931507,0.9272831050228311,ALFREDO CHAVES,ES,SE,True,True,True,True,False
A616,19,2007.0,2025.0,19,19,0.9978310502283105,0.8584474885844748,SAO MATEUS,ES,SE,True,True,True,True,True
A617,18,2007.0,2025.0,19,13,0.9988024615115902,0.8663479052823315,ALEGRE,ES,SE,True,True,True,True,False
A618,19,2007.0,2025.0,19,19,0.9982876712328768,0.9167805100182149,TERESOPOLIS,RJ,SE,True,True,True,True,True
A619,18,2007.0,2025.0,19,14,0.9968607305936072,0.8463470319634703,PARATI,RJ,SE,True,True,True,True,False
A620,15,2009.0,2025.0,17,7,0.9974885844748859,0.8093123861566485,SAO TOME,RJ,SE,True,True,True,False,False
A621,18,2008.0,2025.0,18,18,0.9926493063353046,0.8902550091074681,VILA MILITAR,RJ,SE,True,True,True,True,True
A622,12,2009.0,2025.0,17,5,0.9993163160915238,0.9026255707762557,PRES. KENNEDY,ES,SE,True,True,False,False,False
A623,12,2009.0,2022.0,14,9,0.9984029181325947,0.8177367941712204,NOVA VENECIA,ES,SE,True,True,False,False,False
A624,15,2011.0,2025.0,15,15,0.9993150684931507,0.845662100456621,NOVA FRIBURGO,RJ,SE,True,True,True,True,True
A625,9,2017.0,2025.0,9,9,0.9994307832422586,0.8648401826484018,TRES RIOS,RJ,SE,True,False,False,False,False
A626,9,2017.0,2025.0,9,9,0.9897260273972602,0.8877504553734062,RIO CLARO,RJ,SE,True,False,False,False,False
A627,7,2019.0,2025.0,7,7,0.9988584474885844,0.8667808219178083,NITEROI,RJ,SE,True,False,False,False,False
A628,5,2018.0,2025.0,8,2,0.9881278538812786,0.9613013698630137,ANGRA DOS REIS,RJ,SE,True,False,False,False,False
A629,5,2019.0,2023.0,5,5,0.9997716894977169,0.9907534246575342,CARMO,RJ,SE,True,False,False,False,False
A630,6,2019.0,2025.0,7,4,0.9952054794520548,0.9167805100182149,SANTA MARIA MADALENA,RJ,SE,True,False,False,False,False
A631,4,2018.0,2023.0,6,2,0.9905251141552511,0.9858447488584475,ECOPORANGA,ES,SE,True,False,False,False,False
A632,6,2018.0,2025.0,8,3,0.9920662100456621,0.9867579908675799,MARILANDIA,ES,SE,True,False,False,False,False
A633,0,,,0,0,,,VENDA NOVA DO IMIGRANTE,ES,SE,False,False,False,False,False
A634,8,2017.0,2025.0,9,4,0.9645253200089827,0.8655251141552511,VILA VELHA,ES,SE,True,False,False,False,False
A635,4,2018.0,2021.0,4,4,0.9922945205479452,0.8302511415525115,ITATIAIA,RJ,SE,True,False,False,False,False
A636,8,2018.0,2025.0,8,8,0.9961187214611872,0.9084474885844749,RIO DE JANEIRO - JACAREPAGUA,RJ,SE,True,False,False,False,False
A637,3,2023.0,2025.0,3,3,0.9970400728597449,0.9881278538812786,Paty do Alferes - Avelar,RJ,SE,True,False,False,False,False
A652,17,2008.0,2025.0,18,16,0.996689497716895,0.9461520947176685,FORTE DE COPACABANA,RJ,SE,True,True,True,True,True
A657,13,2012.0,2025.0,14,8,0.988013698630137,0.8027397260273973,AFONSO CLAUDIO,ES,SE,True,True,False,False,False
A659,10,2016.0,2025.0,10,10,0.9982305936073059,0.9557077625570777,SILVA JARDIM,RJ,SE,True,True,False,True,False
A667,9,2016.0,2025.0,10,5,0.9788812785388128,0.8770547945205479,SAQUAREMA,RJ,SE,True,False,False,False,False
A701,19,2007.0,2025.0,19,19,0.9971461187214612,0.9753424657534246,SAO PAULO - MIRANTE,SP,SE,True,True,True,True,True
A702,0,,,0,0,,,CAMPO GRANDE,MS,CO,False,False,False,False,False
A703,21,2002.0,2025.0,24,20,0.9963470319634703,0.8982876712328767,PONTA PORA,MS,CO,True,True,True,True,True
A704,17,2002.0,2025.0,24,5,0.9976027397260274,0.8002049180327869,TRES LAGOAS,MS,CO,True,True,True,False,False
A705,20,2003.0,2025.0,23,12,0.9989155251141553,0.832648401826484,BAURU,SP,SE,True,True,True,True,False
A706,17,2007.0,2025.0,19,16,0.9984061930783242,0.8320776255707762,CAMPOS DO JORDAO,SP,SE,True,True,True,True,True
A707,21,2005.0,2025.0,21,21,0.9961187214611872,0.8347031963470319,PRESIDENTE PRUDENTE,SP,SE,True,True,True,True,True
A708,18,2004.0,2023.0,20,9,0.9981763230780747,0.961986301369863,FRANCA,SP,SE,True,True,True,False,False
A709,15,2006.0,2025.0,20,10,0.955365296803653,0.8070776255707762,IVINHEMA,MS,CO,True,True,True,True,False
A710,12,2007.0,2025.0,19,7,0.9827625570776256,0.8859289617486339,PARANAIBA,MS,CO,True,True,False,False,False
A711,18,2008.0,2025.0,18,18,0.9985750867080869,0.8082191780821918,SAO CARLOS,SP,SE,True,True,True,True,True
A712,0,,,0,0,,,IGUAPE,SP,SE,False,False,False,False,False
A713,0,,,0,0,,,SOROCABA,SP,SE,False,False,False,False,False
A714,18,2007.0,2025.0,19,13,0.9777397260273972,0.8276255707762558,ITAPEVA,SP,SE,True,True,True,True,False
A715,0,,,0,0,,,SAO MIGUEL ARCANJO,SP,SE,False,False,False,False,False
A716,0,,,0,0,,,OURINHOS,SP,SE,False,False,False,False,False
A717,11,2008.0,2025.0,18,3,0.9954337899543378,0.8574200913242009,NHUMIRIM,MS,CO,True,True,False,False,False
A718,13,2007.0,2025.0,19,4,0.9918949771689498,0.8861872146118721,RANCHARIA,SP,SE,True,True,False,False,False
A719,13,2007.0,2025.0,19,7,0.9921232876712329,0.8133561643835616,AQUIDAUANA,MS,CO,True,True,False,False,False
A720,16,2007.0,2025.0,19,9,0.989453427152731,0.8594748858447488,COXIM,MS,CO,True,True,True,False,False
A721,15,2007.0,2025.0,19,9,0.995662100456621,0.8450913242009133,DOURADOS,MS,CO,True,True,True,False,False
A722,12,2007.0,2025.0,19,4,0.9877426578835742,0.9260273972602739,MIRANDA,MS,CO,True,True,False,False,False
A723,14,2007.0,2025.0,19,12,0.9568274820969633,0.8428082191780822,PORTO MURTINHO,MS,CO,True,True,False,True,False
A724,12,2007.0,2025.0,19,4,0.9854603326097262,0.8633561643835617,CORUMBA,MS,CO,True,True,False,False,False
A725,12,2007.0,2024.0,18,4,0.9825913242009132,0.8309360730593607,AVARE,SP,SE,True,True,False,False,False
A726,15,2007.0,2024.0,18,9,0.9839041095890411,0.8089041095890411,PIRACICABA,SP,SE,True,True,True,False,False
A727,16,2007.0,2024.0,18,14,0.9904898695012101,0.8202413479052824,LINS,SP,SE,True,True,True,True,False
A728,16,2007.0,2025.0,19,12,0.9580479452054795,0.8087899543378996,TAUBATE,SP,SE,True,True,True,True,False
A729,13,2007.0,2021.0,15,7,0.9986338797814208,0.8004566210045662,VOTUPORANGA,SP,SE,True,True,False,False,False
A730,13,2007.0,2023.0,17,10,0.9941780821917808,0.8344717668488161,CHAPADAO DO SUL,MS,CO,True,True,False,True,False
A731,14,2007.0,2025.0,19,9,0.9656392694063927,0.8448630136986301,MARACAJU,MS,CO,True,True,False,False,False
A732,14,2007.0,2024.0,18,5,0.9587325648127354,0.8210045662100457,SAO GABRIEL DO OESTE,MS,CO,True,True,False,False,False
A733,12,2008.0,2025.0,18,7,0.997716894977169,0.9042577413479053,JALES,SP,SE,True,True,False,False,False
A734,16,2008.0,2025.0,18,12,0.9883561643835617,0.8054417122040073,VALPARAISO,SP,SE,True,True,True,True,False
A735,13,2008.0,2022.0,15,12,0.9972602739726028,0.8246575342465754,JOSE BONIFACIO,SP,SE,True,True,False,True,False
A736,15,2008.0,2025.0,18,12,0.9685792349726776,0.8450913242009133,ARIRANHA,SP,SE,True,True,True,True,False
A737,0,,,0,0,,,IBITINGA,SP,SE,False,False,False,False,False
A738,15,2008.0,2025.0,18,7,0.9786529680365297,0.8713470319634703,CASA BRANCA,SP,SE,True,True,True,False,False
A739,15,2008.0,2025.0,18,12,0.9606164383561644,0.853310502283105,ITAPIRA,SP,SE,True,True,True,True,False
A740,15,2008.0,2023.0,16,13,0.9961187214611872,0.8323059360730594,SAO LUIS DO PARAITINGA,SP,SE,True,True,True,True,False
A741,0,,,0,0,,,BARRA BONITA,SP,SE,False,False,False,False,False
A742,13,2011.0,2025.0,15,11,0.9861872146118722,0.8539954337899544,CASSILANDIA,MS,CO,True,True,False,True,False
A743,17,2009.0,2025.0,17,17,0.9986301369863013,0.9186073059360731,RIO BRILHANTE,MS,CO,True,True,True,True,True
A744,0,,,0,0,,,BRAGANCA PAULISTA,SP,SE,False,False,False,False,False
A746,13,2010.0,2025.0,16,10,0.9988615664845173,0.8245433789954338,BARRA DO TURVO,SP,SE,True,True,False,True,False
A747,17,2009.0,2025.0,17,17,0.9974885844748859,0.83162100456621,PRADOPOLIS,SP,SE,True,True,True,True,True
A748,11,2011.0,2023.0,13,10,0.9998858447488584,0.9339041095890411,BARRETOS,SP,SE,True,True,False,True,False
A749,13,2009.0,2024.0,16,11,0.9996584699453552,0.8533697632058288,JUTI,MS,CO,True,True,False,True,False
A750,15,2009.0,2025.0,17,12,0.9676940639269407,0.8315068493150685,AMAMBAI,MS,CO,True,True,True,True,False
A751,14,2009.0,2025.0,17,11,0.979851598173516,0.8426940639269407,SETE QUEDAS,MS,CO,True,True,False,True,False
A752,13,2011.0,2025.0,15,10,0.9601598173515982,0.807035519125683,ITAQUIRAI,MS,CO,True,True,False,True,False
A753,15,2010.0,2025.0,16,11,0.9982923497267759,0.8480593607305936,ITUVERAVA,SP,SE,True,True,True,True,False
A754,15,2009.0,2025.0,17,8,0.9984018264840183,0.8507990867579909,SIDROLANDIA,MS,CO,True,True,True,False,False
A755,14,2012.0,2025.0,14,14,0.993607305936073,0.8046803652968036,BARUERI,SP,SE,True,True,False,True,False
A756,14,2011.0,2025.0,15,8,0.999486769219253,0.8470319634703196,AGUA CLARA,MS,CO,True,True,False,False,False
A757,8,2012.0,2019.0,8,8,0.9976598173515983,0.8412100456621004,BELA VISTA,MS,CO,True,False,False,False,False
A758,9,2012.0,2024.0,13,4,0.9784246575342466,0.8756849315068493,JARDIM,MS,CO,True,False,False,False,False
A759,9,2014.0,2025.0,12,6,1.0,0.9180365296803653,BATAGUASSU,MS,CO,True,False,False,False,False
A760,0,,,0,0,,,COSTA RICA,MS,CO,False,False,False,False,False
A761,0,,,0,0,,,SONORA,MS,CO,False,False,False,False,False
A762,6,2017.0,2023.0,7,3,0.9986872146118722,0.8351598173515982,DRACENA,SP,SE,True,False,False,False,False
A763,8,2018.0,2025.0,8,8,0.9992009132420092,0.8599315068493151,MARILIA,SP,SE,True,False,False,False,False
A764,6,2017.0,2025.0,9,3,0.9695334917783267,0.8136986301369863,BEBDOURO,SP,SE,True,False,False,False,False
A765,7,2017.0,2025.0,9,4,0.9974885844748859,0.8376712328767123,BERTIOGA,SP,SE,True,False,False,False,False
A766,6,2017.0,2024.0,8,3,0.9177511415525115,0.8021402550091075,REGISTRO,SP,SE,True,False,False,False,False
A767,2,2018.0,2019.0,2,2,1.0,1.0,SAO SEBASTIAO,SP,SE,True,False,False,False,False
A768,8,2018.0,2025.0,8,8,0.9578211942011627,0.8998858447488585,TUPA,SP,SE,True,False,False,False,False
A769,6,2018.0,2024.0,7,3,0.9720829590538214,0.82433970856102,CACHOEIRA PAULISTA,SP,SE,True,False,False,False,False
A770,6,2020.0,2025.0,6,6,0.9817922374429224,0.9633424408014571,SAO SIMAO,SP,SE,True,False,False,False,False
A771,7,2019.0,2025.0,7,7,0.9995433789954338,0.8882058287795993,SAO PAULO - INTERLAGOS,SP,SE,True,False,False,False,False
A801,25,2001.0,2025.0,25,25,0.9899543378995433,0.8388127853881279,PORTO ALEGRE,RS,S,True,True,True,True,True
A802,0,,,0,0,,,RIO GRANDE,RS,S,False,False,False,False,False
A803,24,2002.0,2025.0,24,24,0.9834145831773835,0.8151183970856102,SANTA MARIA,RS,S,True,True,True,True,True
A804,0,,,0,0,,,SANTANA DO LIVRAMENTO,RS,S,False,False,False,False,False
A805,20,2002.0,2025.0,24,10,0.9813639993013449,0.8110730593607306,SANTO AUGUSTO,RS,S,True,True,True,True,False
A806,18,2006.0,2023.0,18,18,0.9982876712328768,0.8789954337899544,FLORIANOPOLIS,SC,S,True,True,True,True,True
A807,16,2007.0,2025.0,19,11,0.9756044614117823,0.8908242258652095,CURITIBA,PR,S,True,True,True,True,False
A808,16,2007.0,2023.0,17,10,0.9847278364149012,0.8385701275045537,TORRES,RS,S,True,True,True,True,False
A809,17,2007.0,2024.0,18,9,0.9912100456621005,0.9008424408014571,URUGUAIANA,RS,S,True,True,True,False,False
A810,15,2007.0,2023.0,17,8,0.9569634703196347,0.8351548269581056,SANTA ROSA,RS,S,True,True,True,False,False
A811,18,2007.0,2025.0,19,13,0.998458904109589,0.8208105646630237,CANGUCU,RS,S,True,True,True,True,False
A812,19,2007.0,2025.0,19,19,0.9844748858447488,0.8276255707762558,CACAPAVA DO SUL,RS,S,True,True,True,True,True
A813,18,2007.0,2025.0,19,10,0.9856164383561644,0.8235159817351598,RIO PARDO,RS,S,True,True,True,True,False
A814,14,2009.0,2024.0,16,8,0.9796368553035406,0.8976548269581056,URUSSANGA,SC,S,True,True,False,False,False
A815,16,2009.0,2024.0,16,16,0.998458904109589,0.8730593607305936,SAO JOAQUIM,SC,S,True,True,True,True,True
A816,13,2009.0,2024.0,16,11,0.9957762557077625,0.8278538812785388,NOVO HORIZONTE,SC,S,True,True,False,True,False
A817,16,2007.0,2024.0,18,14,0.9874603887516531,0.8027397260273973,INDAIAL,SC,S,True,True,True,True,False
A818,16,2007.0,2025.0,19,15,0.9824200913242009,0.804337899543379,IVAI,PR,S,True,True,True,True,True
A819,14,2007.0,2020.0,14,14,0.9948630136986302,0.8575819672131147,CASTRO,PR,S,True,True,False,True,False
A820,17,2007.0,2025.0,19,8,0.995662100456621,0.9069634703196348,MAL. CANDIDO RONDON,PR,S,True,True,True,False,False
A821,15,2007.0,2025.0,19,14,0.9949771689497717,0.8007990867579908,JOAQUIM TAVORA,PR,S,True,True,True,True,False
A822,14,2007.0,2025.0,19,9,0.9296803652968038,0.8176940639269407,NOVA TEBAS,PR,S,True,True,False,False,False
A823,17,2007.0,2024.0,18,10,0.9776255707762557,0.8067351598173516,INACIO MARTINS,PR,S,True,True,True,True,False
A824,10,2007.0,2018.0,12,8,0.971047920253512,0.8648401826484018,ICARAIMA,PR,S,True,True,False,False,False
A825,3,2022.0,2024.0,3,3,0.9792805100182149,0.8636986301369863,GOIOERE,PR,S,True,False,False,False,False
A826,18,2007.0,2025.0,19,10,0.981386612021858,0.8126712328767123,ALEGRETE,RS,S,True,True,True,True,False
A827,18,2007.0,2025.0,19,9,0.98483887267011,0.886986301369863,BAGE,RS,S,True,True,True,False,False
A828,17,2007.0,2025.0,19,15,0.9628995433789954,0.8642987249544627,ERECHIM,RS,S,True,True,True,True,True
A829,16,2007.0,2023.0,17,9,0.9834474885844748,0.8595890410958904,SAO JOSE DOS AUSENTES,RS,S,True,True,True,False,False
A830,14,2008.0,2025.0,18,8,0.967579908675799,0.8886612021857924,SAO BORJA,RS,S,True,True,False,False,False
A831,17,2008.0,2025.0,18,10,0.9933789954337899,0.8712328767123287,QUARAI,RS,S,True,True,True,True,False
A832,16,2008.0,2025.0,18,8,0.9975456621004566,0.8318493150684931,SAO GABRIEL,RS,S,True,True,True,False,False
A833,15,2009.0,2025.0,17,11,0.9845890410958904,0.8575342465753425,SANTIAGO,RS,S,True,True,True,True,False
A834,15,2008.0,2023.0,16,14,0.9878187613843351,0.8117030965391621,TRAMANDAI,RS,S,True,True,True,True,False
A835,16,2007.0,2024.0,18,14,0.9963470319634704,0.8409817351598173,MARINGA,PR,S,True,True,True,True,False
A836,18,2007.0,2025.0,19,10,0.9791884996381964,0.8058219178082192,JAGUARAO,RS,S,True,True,True,True,False
A837,16,2008.0,2025.0,18,9,0.9981164383561644,0.8318533697632058,SOLEDADE,RS,S,True,True,True,False,False
A838,18,2007.0,2025.0,19,13,0.9577054794520548,0.8102739726027397,CAMAQUA,RS,S,True,True,True,True,False
A839,18,2007.0,2024.0,18,18,0.9974315068493151,0.91837899543379,PASSO FUNDO,RS,S,True,True,True,True,True
A840,17,2007.0,2024.0,18,9,0.9942922374429224,0.8550774134790529,BENTO GONCALVES,RS,S,True,True,True,False,False
A841,15,2008.0,2023.0,16,8,0.9969178082191781,0.8974885844748859,JOACABA,SC,S,True,True,True,False,False
A842,11,2007.0,2019.0,13,5,0.9131278538812785,0.8515981735159818,NOVA FATIMA,PR,S,True,True,False,False,False
A843,13,2008.0,2025.0,18,4,0.9865296803652968,0.8726027397260274,DOIS VIZINHOS,PR,S,True,True,False,False,False
A844,18,2007.0,2025.0,19,10,0.9900836202809591,0.8223744292237443,LAGOA VERMELHA,RS,S,True,True,True,True,False
A845,15,2008.0,2024.0,17,6,0.9952054794520548,0.9462659380692168,BOM JARDIM DA SERRA - MORRO DA IGREJA,SC,S,True,True,True,False,False
A846,12,2009.0,2024.0,16,6,0.9634132420091324,0.8828551912568307,FOZ DO IGUACU,PR,S,True,True,False,False,False
A847,7,2008.0,2017.0,10,2,0.9682377049180327,0.8988584474885845,ILHA DO MEL,PR,S,True,False,False,False,False
A848,13,2009.0,2024.0,16,9,0.9942922374429224,0.830365296803653,DIONISIO CERQUEIRA,SC,S,True,True,False,False,False
A849,13,2008.0,2025.0,18,7,0.9953196347031964,0.8021402550091075,DIAMANTE DO NORTE,PR,S,True,True,False,False,False
A850,0,,,0,0,,,PARANAPOEMA,PR,S,False,False,False,False,False
A851,14,2008.0,2024.0,17,7,0.9738097911520323,0.8070776255707762,ITAPOA,SC,S,True,True,False,False,False
A852,15,2008.0,2025.0,18,6,0.9858447488584475,0.8132420091324201,SAO LUIZ GONZAGA,RS,S,True,True,True,False,False
A853,17,2008.0,2024.0,17,17,0.9974954462659381,0.8122146118721462,CRUZ ALTA,RS,S,True,True,True,True,True
A854,18,2008.0,2025.0,18,18,0.9921915936821618,0.8728310502283105,FREDERICO WESTPHALEN,RS,S,True,True,True,True,True
A855,15,2009.0,2025.0,17,12,0.9621004566210045,0.8157534246575342,PLANALTO,PR,S,True,True,True,True,False
A856,15,2008.0,2024.0,17,10,0.9968036529680365,0.8176229508196722,PALMEIRA DAS MISSOES,RS,S,True,True,True,True,False
A857,12,2009.0,2022.0,14,6,0.9972602739726028,0.8743150684931507,SAO MIGUEL DO OESTE,SC,S,True,True,False,False,False
A858,15,2009.0,2025.0,17,9,0.9888127853881279,0.834931506849315,XANXERE,SC,S,True,True,True,False,False
A859,15,2009.0,2023.0,15,15,0.9934931506849315,0.8595890410958904,CACADOR,SC,S,True,True,True,True,True
A860,17,2008.0,2025.0,18,14,0.9996575342465753,0.8311643835616438,CURITIBANOS,SC,S,True,True,True,True,False
A861,10,2009.0,2025.0,17,6,0.9972602739726028,0.9412100456621004,RIO DO CAMPO,SC,S,True,True,False,False,False
A862,16,2009.0,2025.0,17,13,0.9754399343763256,0.8114155251141553,RIO NEGRINHO,SC,S,True,True,True,True,False
A863,16,2009.0,2025.0,17,12,0.9973744292237443,0.8275114155251142,ITUPORANGA,SC,S,True,True,True,True,False
A864,15,2009.0,2025.0,17,12,0.9982876712328768,0.8635844748858448,MAJOR VIEIRA,SC,S,True,True,True,True,False
A865,8,2015.0,2025.0,11,5,0.9991444594156249,0.8861872146118721,LAGES,SC,S,True,False,False,False,False
A866,12,2009.0,2024.0,16,6,0.9902512663123488,0.8261612021857924,Laguna  - Farol de Santa Marta,SC,S,True,True,False,False,False
A867,16,2009.0,2025.0,17,8,0.9982330888040523,0.9127853881278539,ARARANGUA,SC,S,True,True,True,False,False
A868,14,2011.0,2025.0,15,10,0.9980022831050228,0.8278688524590164,ITAJAI,SC,S,True,True,False,True,False
A869,14,2008.0,2025.0,18,9,0.8967465753424657,0.8051001821493625,CIDADE GAUCHA,PR,S,True,True,False,False,False
A870,7,2017.0,2025.0,9,3,1.0,0.8876712328767123,RANCHO QUEIMADO,SC,S,True,False,False,False,False
A871,15,2009.0,2025.0,17,12,0.9986301369863013,0.8845890410958904,JAPIRA,PR,S,True,True,True,True,False
A872,0,,,0,0,,,VENTANIA,PR,S,False,False,False,False,False
A873,16,2009.0,2025.0,17,13,0.9958333333333333,0.8216894977168949,MORRETES,PR,S,True,True,True,True,False
A874,11,2012.0,2025.0,14,6,0.9945205479452055,0.9690639269406393,SAO MATEUS DO SUL,PR,S,True,True,False,False,False
A875,15,2009.0,2025.0,17,10,0.9587899543378996,0.8264840182648402,GENERAL CARNEIRO,PR,S,True,True,True,True,False
A876,16,2009.0,2025.0,17,13,0.9976027397260274,0.8263698630136986,CLEVELANDIA,PR,S,True,True,True,True,False
A878,11,2009.0,2023.0,15,10,0.9919171220400729,0.827054794520548,MOSTARDAS,RS,S,True,True,False,True,False
A879,15,2009.0,2024.0,16,13,0.9985200364298725,0.8488584474885845,CANELA,RS,S,True,True,True,True,False
A880,17,2009.0,2025.0,17,17,0.9988584474885844,0.866324200913242,VACARIA,RS,S,True,True,True,True,True
A881,11,2011.0,2025.0,15,5,0.9802511415525114,0.8950364298724954,DOM PEDRITO,RS,S,True,True,False,False,False
A882,12,2013.0,2024.0,12,12,0.996404109589041,0.8756830601092896,TEUTONIA,RS,S,True,True,False,True,False
A883,12,2013.0,2024.0,12,12,0.9832191780821917,0.8803652968036529,IBIRUBA,RS,S,True,True,False,True,False
A884,11,2014.0,2024.0,11,11,0.9980593607305936,0.9865296803652968,CAMPO BOM,RS,S,True,True,False,True,False
A886,0,,,0,0,,,TUPANCIRETA,RS,S,False,False,False,False,False
A887,6,2020.0,2025.0,6,6,0.9914480250517753,0.8321917808219178,CAPAO DO LEAO (PELOTAS),RS,S,True,False,False,False,False
A889,7,2017.0,2024.0,8,4,0.9829908675799087,0.838013698630137,SAO VICENTE DO SUL,RS,S,True,False,False,False,False
A893,6,2019.0,2025.0,7,4,0.9684931506849315,0.8397085610200364,ENCRUZILHADA DO SUL,RS,S,True,False,False,False,False
A894,8,2017.0,2025.0,9,4,0.9920832085734961,0.9127853881278539,SERAFINA CORREA,RS,S,True,False,False,False,False
A895,0,,,0,0,,,CHAPECO,SC,S,False,False,False,False,False
A897,9,2017.0,2025.0,9,9,0.9895264116575592,0.9351598173515981,CAMBARA DO SUL,RS,S,True,False,False,False,False
A898,7,2019.0,2025.0,7,7,0.9743852459016393,0.872716894977169,CAMPOS NOVOS,SC,S,True,False,False,False,False
A899,14,2009.0,2025.0,17,8,0.9927511415525114,0.8368721461187215,Santa Vitoria do Palmar - Barra do Chui,RS,S,True,True,False,False,False
A901,0,,,0,0,,,CUIABA,MT,CO,False,False,False,False,False
A902,16,2004.0,2025.0,22,5,0.9285958904109589,0.8215753424657535,TANGARA DA SERRA,MT,CO,True,True,True,False,False
A903,14,2003.0,2025.0,23,4,0.9749065860718118,0.8208904109589041,S.J. DO RIO CLARO,MT,CO,True,True,False,False,False
A904,16,2003.0,2025.0,23,6,0.9906392694063927,0.8144353369763205,SORRISO,MT,CO,True,True,True,False,False
A905,13,2003.0,2020.0,18,6,0.9302511415525114,0.8273972602739726,CAMPO NOVO DOS PARECIS,MT,CO,True,True,False,False,False
A906,14,2003.0,2024.0,22,4,0.9973209384434962,0.8687386156648452,GUARANTA DO NORTE,MT,CO,True,True,False,False,False
A907,17,2004.0,2025.0,22,10,0.997716894977169,0.8012557077625571,RONDONOPOLIS,MT,CO,True,True,True,True,False
A908,12,2007.0,2025.0,19,7,0.9962328767123287,0.8002283105022832,AGUA BOA,MT,CO,True,True,False,False,False
A909,12,2012.0,2025.0,14,7,0.9388698630136987,0.8019406392694064,ALTO ARAGUAIA,MT,CO,True,True,False,False,False
A910,9,2007.0,2023.0,17,4,0.9685792349726776,0.8490867579908675,APIACAS,MT,CO,True,False,False,False,False
A911,0,,,0,0,,,SAPEZAL,MT,CO,False,False,False,False,False
A912,0,,,0,0,,,CAMPO VERDE,MT,CO,False,False,False,False,False
A913,12,2007.0,2023.0,17,8,0.9840753424657535,0.8772768670309654,COMODORO,MT,CO,True,True,False,False,False
A914,9,2007.0,2023.0,17,3,0.9973744292237443,0.8325342465753425,JUARA,MT,CO,True,False,False,False,False
A915,9,2007.0,2024.0,18,3,0.9178082191780822,0.8217213114754098,PARANATINGA,MT,CO,True,False,False,False,False
A916,10,2008.0,2024.0,17,3,0.9953767123287671,0.8325364298724954,QUERENCIA,MT,CO,True,True,False,False,False
A917,10,2007.0,2024.0,18,2,0.9460491678518852,0.8200913242009132,SINOP,MT,CO,True,True,False,False,False
A919,13,2008.0,2025.0,18,8,0.9916894353369763,0.8178082191780822,COTRIGUACU,MT,CO,True,True,False,False,False
A920,13,2009.0,2024.0,16,9,0.9970319634703196,0.8164383561643835,JUINA,MT,CO,True,True,False,False,False
A921,6,2009.0,2020.0,12,3,0.9972602739726028,0.8815068493150685,SAO FELIX  DO ARAGUAIA,MT,CO,True,False,False,False,False
A922,12,2007.0,2023.0,17,5,0.9096461187214612,0.830365296803653,VILA BELA DA SANTISSIMA TRINDADE,MT,CO,True,True,False,False,False
A923,3,2018.0,2023.0,6,1,0.9900684931506849,0.9574200913242009,PRIMAVERA DO LESTE,MT,CO,True,False,False,False,False
A924,0,,,0,0,,,ALTA FLORESTA,MT,CO,False,False,False,False,False
A925,0,,,0,0,,,PORTO VELHO,RO,N,False,False,False,False,False
A926,0,,,0,0,,,CARLINDA,MT,CO,False,False,False,False,False
A927,0,,,0,0,,,BRASNORTE (MUNDO NOVO),MT,CO,False,False,False,False,False
A928,0,,,0,0,,,NOVA MARINGA,MT,CO,False,False,False,False,False
A929,0,,,0,0,,,NOVA UBIRATA,MT,CO,False,False,False,False,False
A930,10,2009.0,2023.0,15,6,0.9977739726027397,0.8566712204007286,GAUCHA DO NORTE,MT,CO,True,True,False,False,False
A931,14,2009.0,2025.0,17,8,0.9989155251141553,0.8036529680365296,SANTO ANTONIO DO LESTE,MT,CO,True,True,False,False,False
A932,14,2008.0,2023.0,16,7,0.9976598173515983,0.8078767123287671,GUIRATINGA,MT,CO,True,True,False,False,False
A933,0,,,0,0,,,ITIQUIRA,MT,CO,False,False,False,False,False
A934,14,2008.0,2024.0,17,8,0.9950913242009132,0.911316029143898,ALTO TAQUARI,MT,CO,True,True,False,False,False
A935,0,,,0,0,,,PORTO ESTRELA,MT,CO,False,False,False,False,False
A936,13,2008.0,2025.0,18,7,0.9990867579908675,0.844603825136612,SALTO DO CEU,MT,CO,True,True,False,False,False
A937,13,2008.0,2023.0,16,9,0.9947488584474886,0.8595890410958904,PONTES E LACERDA,MT,CO,True,True,False,False,False
A938,12,2009.0,2024.0,16,7,0.998458904109589,0.8635844748858448,VILHENA,RO,N,True,True,False,False,False
A939,14,2009.0,2025.0,17,12,0.9980602964293734,0.8289954337899543,CACOAL,RO,N,True,True,False,True,False
A940,8,2009.0,2019.0,11,4,0.9985159817351599,0.8243150684931507,ARIQUEMES,RO,N,True,False,False,False,False
A941,6,2013.0,2020.0,8,3,0.9998861566484517,0.9984018264840183,CACERES,MT,CO,True,False,False,False,False
A942,2,2019.0,2020.0,2,2,0.9284865696035132,0.8605022831050229,SAO JOSE DO XINGU,MT,CO,True,False,False,False,False
A943,2,2020.0,2023.0,4,1,0.9522338248870923,0.9101598173515981,SERRA NOVA DOURADA,MT,CO,True,False,False,False,False
A944,3,2023.0,2025.0,3,3,0.9668949771689498,0.9587887067395264,ROSARIO OESTE,MT,CO,True,False,False,False,False
A945,0,,,0,0,,,BARRA DO GARCAS,MT,CO,True,False,False,False,False
A947,0,,,0,0,,,NOVO SANTO ANTONIO,MT,CO,True,False,False,False,False
A949,0,,,0,0,,,DIAMANTINO,MT,CO,True,False,False,False,False
A950,0,,,0,0,,,ITANHANGA,MT,CO,True,False,False,False,False
A954,0,,,0,0,,,COCALINHO,MT,CO,True,False,False,False,False
A955,0,,,0,0,,,LUCAS DO RIO VERDE,MT,CO,True,False,False,False,False
B803,4,2017.0,2025.0,9,3,0.9993155363425406,0.8098173515981735,CAMPINA DA LAGOA,PR,S,True,False,False,False,False
B804,6,2017.0,2024.0,8,4,0.9778880342840033,0.9065068493150685,LARANJEIRAS DO SUL,PR,S,True,False,False,False,False
B806,9,2017.0,2025.0,9,9,0.9866438356164383,0.8840182648401826,COLOMBO,PR,S,True,False,False,False,False
B807,2,2023.0,2024.0,2,2,1.0,1.0,PORTO ALEGRE- BELEM NOVO,RS,S,True,False,False,False,False
B808,0,,,0,0,,,CACHOEIRINHA,RS,S,True,False,False,False,False
B809,0,,,0,0,,,SAPUCAIA DO SUL,RS,S,True,False,False,False,False
B810,0,,,0,0,,,PARQUE ELDORADO,RS,S,True,False,False,False,False
B811,0,,,0,0,,,SERTAO SANTANA,RS,S,True,False,False,False,False
B812,0,,,0,0,,,CHARQUEADAS,RS,S,True,False,False,False,False
B813,0,,,0,0,,,MINAS DO LEAO,RS,S,True,False,False,False,False
B814,0,,,0,0,,,MONTENEGRO,RS,S,True,False,False,False,False
B816,0,,,0,0,,,SANTA MARIA DO HERVAL,RS,S,True,False,False,False,False
B817,0,,,0,0,,,CAXIAS DO SUL - CRIUVA,RS,S,True,False,False,False,False
B818,0,,,0,0,,,CAXIAS DO SUL - AEROPORTO,RS,S,True,False,False,False,False
B819,0,,,0,0,,,ROLANTE,RS,S,True,False,False,False,False
B820,0,,,0,0,,,SAO FRANCISCO DE PAULA,RS,S,True,False,False,False,False
B821,0,,,0,0,,,SANTANA DA BOA VISTA,RS,S,True,False,False,False,False
B822,0,,,0,0,,,CACHOEIRA DO SUL,RS,S,True,False,False,False,False
B823,0,,,0,0,,,PINHEIRO MACHADO,RS,S,True,False,False,False,False
B825,0,,,0,0,,,PORTO ALEGRE - BELEM NOVO,RS,S,True,False,False,False,False
B826,0,,,0,0,,,HERVAL,RS,S,True,False,False,False,False
B827,0,,,0,0,,,BAGE - CENTRO,RS,S,True,False,False,False,False
B828,0,,,0,0,,,ACEGUA,RS,S,True,False,False,False,False
B829,0,,,0,0,,,SANTA VITORIA DO PALMAR (RESERVA DO TAIM),RS,S,True,False,False,False,False
B830,0,,,0,0,,,SANTA VITORIA DO PALMAR (CENTRO),RS,S,True,False,False,False,False
B832,0,,,0,0,,,CAPAO DA CANOA,RS,S,True,False,False,False,False
B836,0,,,0,0,,,PALMARES DO SUL,RS,S,True,False,False,False,False
B839,0,,,0,0,,,SANTO ANTONIO DA PATRULHA,RS,S,True,False,False,False,False
B841,0,,,0,0,,,TORRES,RS,S,True,False,False,False,False
F501,12,2014.0,2025.0,12,12,0.9981190895027073,0.9237442922374429,BELO HORIZONTE - CERCADINHO,MG,SE,True,True,False,True,False
S101,0,,,0,0,,,FORTE PRINCIPE,RO,N,True,False,False,False,False
S102,0,,,0,0,,,PEF IPIRANGA,AM,N,True,False,False,False,False
S103,0,,,0,0,,,CRMN MANAUS,AM,N,True,False,False,False,False
S104,0,,,0,0,,,DTCEA VILHENA,RO,N,True,False,False,False,False
S105,0,,,0,0,,,DTCEA TABATINGA,AM,N,True,False,False,False,False
S107,0,,,0,0,,,DOM ELISEU,PA,N,True,False,False,False,False
S108,0,,,0,0,,,SAO BENTO,MA,NE,True,False,False,False,False
S110,2,2017.0,2018.0,2,2,0.854337899543379,0.8248858447488584,DTCEA GUAJARA-MIRIM,RO,N,True,False,False,False,False
S113,0,,,0,0,,,BALIZA,RR,N,True,False,False,False,False
S114,0,,,0,0,,,PACARAIMA,RR,N,True,False,False,False,False
S115,0,,,0,0,,,PEF YAUARETE,AM,N,True,False,False,False,False
S116,0,,,0,0,,,PEF ESTIRAO DO EQUADOR,AM,N,True,False,False,False,False
S117,2,2017.0,2018.0,2,2,0.944920091324201,0.9005707762557078,DTCEA TEFE,AM,N,True,False,False,False,False
S120,2,2017.0,2018.0,2,2,0.9033105022831049,0.8165525114155251,DTCEA JACAREACANGA,PA,N,True,False,False,False,False
S121,0,,,0,0,,,SANTA ISABEL DO RIO NEGRO,AM,N,True,False,False,False,False
S122,0,,,0,0,,,EB_PEF_BONFIM,MG,SE,True,False,False,False,False
S701,3,2019.0,2021.0,3,3,0.9204337899543379,0.861986301369863,ANGELICA,MS,CO,True,False,False,False,False
S702,3,2019.0,2021.0,3,3,0.9458904109589041,0.9123287671232877,ARAL MOREIRA,MS,CO,True,False,False,False,False
S703,0,,,0,0,,,BANDEIRANTES,MS,CO,True,False,False,False,False
S704,1,2020.0,2020.0,1,1,0.9996584699453552,0.9996584699453552,BONITO,MS,CO,True,False,False,False,False
S705,0,,,0,0,,,BRASILANDIA,MS,CO,True,False,False,False,False
S706,2,2018.0,2020.0,3,1,0.831666697856626,0.8216894977168949,CAARAPO,MS,CO,True,False,False,False,False
S707,0,,,0,0,,,CAMAPUA,MS,CO,True,False,False,False,False
S708,1,2018.0,2018.0,1,1,0.8355022831050228,0.8355022831050228,FATIMA DO SUL,MS,CO,True,False,False,False,False
S709,2,2019.0,2020.0,2,2,0.9013701749132919,0.8029680365296804,IGUATEMI,MS,CO,True,False,False,False,False
S710,4,2018.0,2021.0,4,4,0.8624429223744292,0.8353881278538813,ITAPORA,MS,CO,True,False,False,False,False
S711,1,2019.0,2019.0,1,1,0.9099315068493151,0.9099315068493151,LAGUNA CARAPA,MS,CO,True,False,False,False,False
S712,1,2020.0,2020.0,1,1,0.8772768670309654,0.8772768670309654,NOVA ALVORADA DO SUL,MS,CO,True,False,False,False,False
S713,0,,,0,0,,,NOVA ANDRADINA,MS,CO,True,False,False,False,False
S714,0,,,0,0,,,PEDRO GOMES,MS,CO,True,False,False,False,False
S715,2,2020.0,2021.0,2,2,0.9039955897397509,0.8081050228310502,RIBAS DO RIO PARDO,MS,CO,True,False,False,False,False
S716,3,2019.0,2021.0,3,3,0.8297945205479452,0.8058219178082192,SANTA RITA DO PARDO,MS,CO,True,False,False,False,False
S717,1,2019.0,2019.0,1,1,0.9998858447488584,0.9998858447488584,SELVIRIA,MS,CO,True,False,False,False,False
