codigo,estacao,uf,regiao,latitude,longitude,altitude_m,ano_inicio,ano_fim,anos_presentes,anos_cobertura_80,anos_cobertura_90,cobertura_mediana,observacoes_validas,deslocamento_max_coord_km,coordenada_suspeita,dentro_dominio_era5
A001,BRASILIA,DF,CO,-15.78944444,-47.92583332,1159.54,2000,2025,26,26,25,0.9973214062928861,219705,0.01398842027750158,False,True
A002,GOIANIA,GO,CO,-16.64277777,-49.21999999,770.0,2001,2025,25,24,22,0.9930365296803653,207094,0.02959385011108677,False,True
A003,MORRINHOS,GO,CO,-17.71666667,-49.1,771.42,2001,2025,25,19,17,0.9920309653916212,183769,3.162982582999043,False,True
A005,PORANGATU,GO,CO,-13.30944444,-49.11749999,365.0,2018,2025,8,5,5,0.9589119070788732,51278,24.414217027042948,True,True
A009,PALMAS,TO,N,-10.18333333,-48.3,280.0,2004,2025,22,20,13,0.9453767123287671,158598,4.257973878614599,False,True
A010,PARANA,TO,N,-12.615,-47.87194443,280.0,2005,2025,21,18,16,0.9565068493150685,165287,0.01226452851493142,False,True
A011,SAO SIMAO,GO,CO,-18.96666666,-50.61666666,488.51,2006,2025,20,17,13,0.9685502283105023,146795,1.7861206140485693,False,True
A012,LUZIANIA,GO,CO,-16.27222222,-47.96638889,959.5,2006,2025,20,18,18,0.9960681937270754,162561,1.2986309587468912,False,True
A013,ARAGARCAS,GO,CO,-15.90583333,-52.24388888,347.0,2007,2025,19,12,12,0.9114155251141552,121851,0.378806325528851,False,True
A014,GOIAS,GO,CO,-15.93916666,-50.14138888,512.0,2007,2025,19,19,16,0.992579908675799,155698,0.062707128950565,False,True
A015,ITAPACI,GO,CO,-14.98027777,-49.53944444,522.0,2007,2025,19,16,14,0.9670091324200913,153648,0.08589140675070435,False,True
A016,JATAI,GO,CO,-17.92388888,-51.71777777,582.0,2007,2025,19,17,17,0.9907534246575342,156048,0.04429082373896629,False,True
A017,POSSE,GO,CO,-14.08916666,-46.36638888,834.0,2007,2025,19,17,14,0.9714147286821705,150702,0.01261736146170896,False,True
A018,PEIXE,TO,N,-12.01666666,-48.55,242.0,2006,2025,20,16,8,0.8791666666666667,140388,0.6236406923019483,False,True
A019,GURUPI,TO,N,-11.74583333,-49.04972221,287.0,2006,2025,20,16,16,0.9919634391296754,152045,0.2310790211970803,False,True
A020,PEDRO AFONSO,TO,N,-8.9686111,-48.19416666,189.0,2007,2025,19,15,13,0.9534246575342465,143430,1.861103786957858,False,True
A021,ARAGUAINA,TO,N,-7.10416666,-48.20111111,226.0,2007,2025,19,14,12,0.9526411657559198,134528,0.030887769387196735,False,True
A022,GOIANESIA,GO,CO,-15.22027777,-48.99027777,667.0,2007,2025,19,15,11,0.9375570776255707,142224,0.029804338919199796,False,True
A023,CAIAPONIA,GO,CO,-16.96666666,-51.81749999,737.0,2007,2025,19,16,15,0.9969178082191781,152295,0.030886657436453663,False,True
A024,ALTO PARAISO DE GOIAS,GO,CO,-14.13305554,-47.52305554,1260.0,2007,2025,19,17,15,0.9813296903460837,154509,0.02995283693384773,False,True
A025,RIO VERDE,GO,CO,-17.78583333,-50.98138888,782.0,2007,2025,19,16,14,0.9611872146118722,140771,1.750129615303654,False,True
A026,MINEIROS,GO,CO,-17.45472222,-52.60111111,862.0,2007,2025,19,12,10,0.930365296803653,130052,0.0,False,True
A027,PARAUNA,GO,CO,-16.94583333,-50.42527777,678.0,2008,2025,18,15,13,0.997035706265439,143430,1.8573450710344608,False,True
A028,IPORA,GO,CO,-16.42305554,-51.148801,610.41,2013,2025,13,10,10,0.9627853881278539,93555,0.07950846890462229,False,True
A029,EDEIA,GO,CO,-17.33694444,-49.91472222,608.0,2017,2025,9,6,6,0.9480593607305936,61268,0.0,False,True
A031,SAO MIGUEL DO ARAGUAIA,GO,CO,-12.82055554,-50.33583333,210.0,2017,2025,9,5,5,0.9353881278538813,58553,0.6392198635609405,False,True
A032,MONTE ALEGRE DE GOIAS,GO,CO,-13.24805555,-46.88972221,1253.0,2007,2025,19,17,12,0.9569310897435898,149840,0.6206705563925294,False,True
A033,PIRES DO RIO,GO,CO,-17.30416666,-48.28416666,752.0,2007,2025,19,19,15,0.9978310502283105,154155,0.0,False,True
A034,CATALAO,GO,CO,-18.15777777,-47.92638888,890.0,2008,2025,18,18,16,0.9987461636350026,152746,0.35947280608481247,False,True
A035,ITUMBIARA,GO,CO,-18.40972222,-49.19194444,488.0,2007,2025,19,17,15,0.9714611872146118,148871,0.013031704236339928,False,True
A036,CRISTALINA,GO,CO,-16.78805555,-47.61166666,1202.0,2007,2025,19,19,18,0.9986301369863013,157463,0.377576036468232,False,True
A037,SILVANIA,GO,CO,-16.67694443,-48.61805554,949.0,2010,2025,16,16,16,0.9978881278538814,131958,0.31620786095732517,False,True
A038,DIANOPOLIS,TO,N,-11.59416666,-46.84722221,732.0,2008,2025,18,16,13,0.9701737185152453,132550,0.031316698391123214,False,True
A039,FORMOSO DO ARAGUAIA,TO,N,-11.98722221,-49.60833333,220.0,2008,2025,18,15,13,0.9577533560396236,141971,11.102303600135693,True,True
A040,MATEIROS,TO,N,-10.432220495,-45.920970495,794.5,2012,2025,14,10,9,0.9491438356164383,93527,0.2692522674942745,False,True
A041,MARIANOPOLIS DO TO,TO,N,-9.57652783,-49.72333332,194.845,2012,2025,14,11,8,0.9080794881038212,93258,0.015450556398498882,False,True
A042,BRAZLANDIA,DF,CO,-15.59972221,-48.1311111,1143.0,2017,2025,9,9,9,0.9764840182648402,72475,0.0,False,True
A043,CAMPOS LINDOS,TO,N,-8.15472222,-46.63930555,425.78,2012,2025,14,7,6,0.7399248633879781,66295,0.015287725920911252,False,True
A044,ARAGUATINS,TO,N,-5.6436111,-48.11166666,117.0,2009,2025,17,11,7,0.879337899543379,107506,0.030738051296029745,False,True
A045,AGUAS EMENDADAS,DF,CO,-15.59638888,-47.62583332,1200.0,2008,2025,18,18,18,0.990296803652968,148696,0.011871119505393584,False,True
A046,GAMA (PONTE ALTA),DF,CO,-15.93527777,-48.13749999,990.0,2014,2025,12,12,11,0.9924863387978142,97294,0.0,False,True
A047,PARANOA (COOPA-DF),DF,CO,-16.012222,-47.557417,1043.0,2017,2025,9,9,9,0.9765981735159818,76212,0.12384363980136691,False,True
A048,SANTA FE DO ARAGUAIA,TO,N,-7.124191,-48.781267,171.0,2016,2025,10,8,6,0.971175799086758,69334,0.013717475545105532,False,True
A049,COLINAS DO TOCANTINS,TO,N,-8.092708,-48.478605,200.0,2016,2025,10,5,4,0.7936643835616438,45698,0.0077870903720803,False,True
A050,RIO SONO,TO,N,-9.793363,-47.132732,291.0,2016,2025,10,6,5,0.8789388240137734,67320,70.42684978085688,True,True
A051,PIUM,TO,N,-10.47694443,-49.62944443,161.0,2016,2025,10,6,6,0.9665884491797734,60358,0.0033429040829124294,False,True
A052,SANTA ROSA DO TOCANTINS,TO,N,-11.42888888,-48.18499999,306.0,2015,2025,11,9,7,0.9098173515981736,81211,42.53216134810872,True,True
A053,ALMAS,TO,N,-11.28416666,-47.21222222,503.0,2016,2025,10,6,5,0.9078656398932056,66244,0.013064372001494259,False,True
A054,ARAGUACU,TO,N,-12.59222221,-49.5286111,231.0,2015,2025,11,7,6,0.9173497267759563,76554,0.013809270022860285,False,True
A055,LAGOA DA CONFUSAO,TO,N,-10.828286,-49.847882,178.0,2016,2025,10,7,7,0.964719165606208,69024,2.218667946790798,False,True
A056,CRISTALINA (FAZENDA SANTA MONICA),GO,CO,-16.39944444,-47.62583332,932.0,2018,2025,8,8,8,0.9652968036529681,66843,0.0,False,True
A101,MANAUS,AM,N,-3.10333333,-60.01638888,61.25,2000,2025,26,19,18,0.9850456621004566,189545,0.09754573254718286,False,True
A102,PARQUE ESTADUAL CHANDLESS,AC,N,-9.3575,-69.92722221,187.0,2008,2025,18,7,7,0.7476598173515983,88303,0.13017507807155276,False,True
A104,RIO BRANCO,AC,N,-9.95777777,-68.165,220.0,2008,2025,18,9,8,0.7284003831417625,101113,32.420128059047016,True,True
A108,CRUZEIRO DO SUL,AC,N,-7.61055555,-72.6811111,220.0,2015,2025,11,4,4,0.6364155251141552,53099,30.431744607080052,True,True
A109,EIRUNEPE,AM,N,-6.65027777,-69.867777215,132.27,2012,2025,14,5,3,0.24881556129450805,43806,0.09210001891199458,False,True
A110,BOCA DO ACRE,AM,N,-8.77666666,-67.33222221,111.0,2008,2025,18,12,9,0.9184931506849314,115327,0.03983470697937265,False,True
A111,LABREA,AM,N,-7.43527777,-64.7886111,64.0,2008,2025,18,12,9,0.9101905236691521,118481,19.42825127148091,True,True
A112,HUMAITA,AM,N,-7.92277777,-63.12138888,72.0,2008,2025,18,9,8,0.7450747935224693,103501,41.54000263606823,True,True
A113,APUI,AM,N,-7.21527777,-59.8886111,160.0,2008,2025,18,7,6,0.6226598173515981,90104,1.0900338081180636,False,True
A117,COARI,AM,N,-4.09749999,-63.14527777,53.0,2008,2025,18,9,8,0.7547945205479452,99605,0.005256793570624614,False,True
A119,MANACAPURU,AM,N,-3.29472221,-60.62833332,55.0,2008,2025,18,16,16,0.9904837006900814,144255,0.0,False,True
A120,AUTAZES,AM,N,-2.05638888,-60.02555554,78.0,2008,2025,18,11,10,0.9344178082191781,119380,196.80555734772392,True,True
A121,ITACOATIARA,AM,N,-3.13305554,-58.48277777,74.0,2008,2025,18,15,12,0.9861301369863014,140135,0.03088888133807243,False,True
A122,MAUES,AM,N,-3.39888888,-57.6736111,35.0,2008,2025,18,8,7,0.7609018264840182,91954,0.03083343711605545,False,True
A123,PARINTINS,AM,N,-2.64055555,-56.75472222,52.0,2008,2025,18,12,8,0.8493150684931507,118286,0.22465391017639755,False,True
A124,URUCARA,AM,N,-2.89638888,-57.75833333,17.0,2008,2025,18,13,11,0.9878424657534246,123987,40.21556622353534,True,True
A125,RIO URUBU,AM,N,-2.7211111,-59.94333333,59.0,2008,2025,18,14,12,0.9733037340619308,128139,39.297111671976424,True,True
A126,PRESIDENTE FIGUEIREDO,AM,N,-2.08499999,-60.04888888,92.0,2008,2025,18,10,10,0.9833915214185456,113282,4.075535906259142,False,True
A128,BARCELOS,AM,N,-0.95861111,-62.94222221,42.0,2008,2025,18,11,10,0.9834725849723718,110823,3.7633657643501555,False,True
A133,MANICORE,AM,N,-5.81055555,-61.29194444,71.0,2011,2025,15,10,8,0.9175799086757991,91394,2.472599196047748,False,True
A134,S. G. DA CACHOEIRA,AM,N,-0.12499999,-67.06111111,90.0,2011,2025,15,11,10,0.9786585365853658,105663,0.030887769387271335,False,True
A135,BOA VISTA,RR,N,2.81694443,-60.69083333,94.0,2010,2025,16,10,8,0.8956072061282032,109060,0.00544886144024485,False,True
A136,PORTO WALTER,AC,N,-8.26694443,-72.74777777,204.0,2009,2025,17,7,4,0.7928082191780822,73967,0.030887769387196735,False,True
A137,MARECHAL THAUMATURGO,AC,N,-8.95,-72.78666666,230.0,2009,2025,17,4,2,0.3470319634703196,57802,0.0,False,True
A138,FEIJO,AC,N,-8.24194444,-70.57527777,163.0,2009,2025,17,11,10,0.9452861952861953,106299,27.786763272644155,True,True
A140,EPITACIOLANDIA,AC,N,-11.0236111,-68.73499999,217.0,2009,2025,17,13,11,0.9598173515981735,107145,0.0432807696256658,False,True
A144,NOVO ARIPUANA,AM,N,-8.0911111,-60.38055554,45.0,2019,2025,7,4,1,0.8006487025948104,35951,0.0,False,True
A201,BELEM,PA,N,-1.41027777,-48.43833333,24.0,2003,2025,23,18,17,0.968607305936073,182022,0.16831857324883426,False,True
A202,CASTANHAL,PA,N,-1.30083333,-47.93083332,65.0,2003,2025,23,15,15,0.9695205479452055,174952,1.914533704378214,False,True
A203,SAO LUIS,MA,NE,-2.52694443,-44.21305555,56.0,2003,2025,23,20,14,0.917351598173516,182073,0.06901293668165047,False,True
A204,BALSAS,MA,NE,-7.45527777,-46.02749999,254.0,2007,2025,19,12,7,0.876027397260274,117170,0.037178851486307105,False,True
A205,CAROLINA,MA,NE,-7.33722221,-47.45972222,192.0,2007,2025,19,14,11,0.9598214285714286,135650,0.013890240930147558,False,True
A206,CHAPADINHA,MA,NE,-3.74277777,-43.35194444,91.0,2008,2025,18,13,12,0.9816743129146205,123957,0.030821890701444157,False,True
A207,GRAJAU,MA,NE,-5.82472221,-46.15944444,230.0,2008,2025,18,13,10,0.9496938705491929,117117,1.0076288044647568,False,True
A209,MEDICILANDIA,PA,N,-3.51083333,-52.96361111,251.0,2008,2025,18,11,9,0.9108303213023394,118803,0.030829800386607546,False,True
A210,PACAJA,PA,N,-3.8436111,-50.63805555,108.0,2008,2025,18,7,5,0.7296220400728597,99554,0.0,False,True
A211,PLACAS,PA,N,-3.8811111,-54.2461111,96.0,2008,2025,18,12,9,0.9222449908925319,118572,3.8021551210064315,False,True
A212,PARAGOMINAS,PA,N,-3.01027777,-47.34305555,101.0,2007,2025,19,14,12,0.9294171220400729,125375,20.821912943512057,True,True
A213,TOME ACU,PA,N,-2.6,-48.36666666,38.0,2007,2025,19,13,11,0.9391552511415525,131375,1.0753155681345319,False,True
A214,RONDON DO PARA,PA,N,-4.82749999,-48.17333332,203.0,2008,2025,18,13,12,0.9718036529680365,122085,0.030778197558411387,False,True
A215,SALINOPOLIS,PA,N,-0.6186111,-47.35666666,41.0,2008,2025,18,12,10,0.9105763592584275,123487,0.031345706414077586,False,True
A216,SAO FELIX DO XINGU,PA,N,-6.63972221,-51.95694444,211.0,2016,2025,10,4,4,0.700513698630137,49997,0.011394465000320429,False,True
A217,FAROL de SANTANA,MA,NE,-2.27083332,-43.62388888,8.0,2008,2025,18,8,5,0.7909778364149014,76468,0.03086351306455474,False,True
A218,PREGUICAS,MA,NE,-2.59249999,-42.70722222,0.1,2008,2025,18,12,9,0.9047517123287672,109589,0.043659556265170575,False,True
A219,TURIACU,MA,NE,-1.66166666,-45.37277777,41.0,2008,2025,18,14,11,0.9888072168392916,121135,0.06906035153771861,False,True
A220,BACABAL,MA,NE,-4.24305555,-44.79499999,28.0,2008,2025,18,13,13,0.9500584811737406,136444,0.0007767366888395563,False,True
A221,BARRA DO CORDA,MA,NE,-5.50666666,-45.23694444,153.0,2008,2025,18,12,10,0.9305432355216209,119308,0.0,False,True
A222,COLINAS,MA,NE,-6.03333333,-44.23333333,179.0,2008,2025,18,14,10,0.9237598872171071,126062,0.030888881337939808,False,True
A223,ALTO PARNAIBA,MA,NE,-9.10805555,-45.93194443,281.0,2008,2025,18,14,12,0.966984901352632,132357,0.030887769387373566,False,True
A224,ESTREITO,MA,NE,-6.65333333,-47.41833332,180.0,2008,2025,18,14,12,0.9909957736696664,138177,0.0,False,True
A225,IMPERATRIZ,MA,NE,-5.55555555,-47.45972222,126.0,2008,2025,18,15,15,0.9978310502283105,145369,0.030887769387196735,False,True
A226,BRAGANCA,PA,N,-1.04527777,-46.78277777,33.0,2008,2025,18,15,13,0.9860159817351598,140896,1.1737263411098746,False,True
A227,SOURE,PA,N,-0.81111111,-48.51583333,11.0,2008,2025,18,12,9,0.8777322404371585,109670,9.266257427428279,True,True
A228,BREVES,PA,N,-1.68027777,-50.47805554,11.0,2017,2025,9,3,3,0.016666666666666666,22059,0.009742247453732047,False,True
A229,TUCURUI,PA,N,-3.82277777,-49.67499999,148.0,2008,2025,18,14,12,0.9948630136986301,133603,0.005265402894801758,False,True
A230,SERRA DOS CARAJAS,PA,N,-6.07749999,-50.14222221,719.0,2008,2025,18,8,7,0.7385947675724231,89811,0.009394504116138524,False,True
A231,ITAITUBA,PA,N,-4.27638888,-55.99305555,13.0,2008,2025,18,10,9,0.893158014571949,123379,0.061774426823827236,False,True
A232,OBIDOS,PA,N,-3.623333325,-52.32249999,92.82,2012,2025,14,10,7,0.9276683789954339,92783,404.5297895094936,True,True
A233,SANTANA DO ARAGUAIA,PA,N,-9.3386111,-50.35027777,168.0,2008,2025,18,10,8,0.8779036292636675,117272,0.21621327376016455,False,True
A234,TUCUMA,PA,N,-6.7436111,-51.14222221,317.0,2008,2025,18,6,5,0.13325364298724957,64053,0.05729665007979838,False,True
A235,NOVO REPARTIMENTO,PA,N,-4.23444444,-49.94277777,106.0,2008,2025,18,12,10,0.9505961440892947,124521,1.1289019568887826,False,True
A236,CAMETA,PA,N,-2.2486111,-49.49305555,22.0,2008,2025,18,10,5,0.8239726027397261,95471,1.2483091948204315,False,True
A237,CAXIAS,MA,NE,-4.82138888,-43.3436111,76.0,2008,2025,18,11,8,0.8947488584474885,121889,0.006707133821573514,False,True
A238,BURITICUPU,MA,NE,-4.32055554,-46.44972221,175.0,2008,2025,18,13,12,0.9941108121330724,125615,0.03079888280125424,False,True
A239,MONTE ALEGRE,PA,N,-2.0,-54.076111100000006,98.265,2012,2025,14,6,3,0.7761415525114155,78293,0.04132233482793906,False,True
A240,MARABA,PA,N,-5.16722221,-49.37916666,116.0,2009,2025,17,10,8,0.8333333333333334,95348,42.542963765158675,True,True
A241,CONCEICAO DO ARAGUAIA,PA,N,-8.25916666,-49.27416666,180.0,2008,2025,18,14,10,0.9184360730593607,136986,5.032019076110311,True,True
A242,OIAPOQUE,AP,N,3.81361111,-51.8625,21.0,2008,2025,18,9,8,0.7647831050228311,94281,0.0031256937053525152,False,True
A244,PORTO GRANDE,AP,N,0.69416666,-51.40388888,84.8,2019,2025,7,4,4,0.9536657559198543,50596,0.04368029882245295,False,True
A245,PORTO DE MOZ,PA,N,-1.82194443,-52.11166666,19.0,2022,2025,4,4,4,0.9917693639557977,31824,0.0,False,True
A246,MINA DO PALITO,PA,N,-6.31972221,-55.78722221,261.0,2010,2025,16,5,4,0.5351027397260274,67183,0.07287773375283811,False,True
A247,XINGUARA,PA,N,-7.110518,-49.926072,245.0,2016,2025,10,6,6,0.9419912956621004,67332,0.03751177799804845,False,True
A248,CAPITAO POCO,PA,N,-1.73472221,-47.0575,81.0,2011,2025,15,8,6,0.8724885844748859,102686,0.004869232563437501,False,True
A249,MACAPA,AP,N,0.03502,-51.088763,16.62,2013,2025,13,7,5,0.8441780821917808,88315,0.03326925846738436,False,True
A250,SANTAREM,PA,N,-2.502572,-54.72027777,137.0,2015,2025,11,7,6,0.9209927140255009,64438,0.02288061165963611,False,True
A251,ITAUBAL,AP,N,0.56777777,-50.8236111,21.0,2017,2025,9,1,1,0.09908675799086758,16361,0.011094619576617353,False,True
A252,DOM ELISEU,PA,N,-4.28055554,-47.56388888,251.0,2018,2025,8,7,7,0.9994292237442922,66111,0.009216895144625491,False,True
A253,ALTAMIRA,PA,N,-3.27027777,-52.39472221,191.0,2018,2025,8,5,5,0.9341005237711523,42385,0.030887769387240943,False,True
A254,REDENCAO,PA,N,-8.04333333,-50.00694444,199.0,2019,2025,7,6,5,0.983675799086758,52693,0.0,False,True
A255,ZE DOCA,MA,NE,-3.26916666,-45.65111111,45.5,2019,2025,7,5,5,0.9877853881278539,49869,0.0,False,True
A256,SANTA MARIA DAS BARREIRAS,PA,N,-8.72972221,-49.85638888,165.0,2021,2025,5,3,3,0.9075342465753424,35159,0.0,False,True
A301,RECIFE,PE,NE,-8.05916666,-34.95944444,10.0,2004,2023,20,16,15,0.9730459490480825,136799,0.030582716316676452,False,True
A302,ARQ.SAO PEDRO E SAO PAULO,RN,NE,0.9,-29.31666666,15.0,2003,2020,18,1,1,0.040625,25173,3.7534562667419267,False,False
A303,MACEIO,AL,NE,-9.55111111,-35.77027777,80.0,2003,2025,23,19,18,0.9977150537634408,173823,0.011063059114496523,False,True
A304,NATAL,RN,NE,-5.9,-35.2,48.6,2003,2025,23,15,14,0.9276255707762557,168676,7.037220622176299,True,True
A305,FORTALEZA,CE,NE,-3.83222221,-38.53777777,26.45,2003,2025,23,15,12,0.9003424657534247,155193,1.8370779499076888,False,True
A306,SOBRAL,CE,NE,-3.73166666,-40.34555555,109.62,2003,2025,23,13,8,0.8178506375227687,143243,1.8226245690124117,False,True
A307,PETROLINA,PE,NE,-9.38805555,-40.48944444,370.46,2003,2025,23,17,16,0.995787795992714,171837,3.7179319584217754,False,True
A308,PARNAIBA,PI,NE,-3.08638888,-41.78333333,79.5,2003,2025,23,15,11,0.8957762557077625,162795,0.043651015052062855,False,True
A309,ARCO VERDE,PE,NE,-8.41694443,-37.08333333,680.7,2004,2025,22,19,16,0.9609018264840183,164348,3.5770653217145747,False,True
A310,AREIA,PB,NE,-6.97499999,-35.68499999,574.62,2004,2025,22,19,18,0.9976092896174863,171891,3.656751876229205,False,True
A311,FLORIANO,PI,NE,-6.76666666,-43.01666666,123.27,2004,2025,22,14,11,0.918519038351174,142875,1.5849355023441047,False,True
A312,TERESINA,PI,NE,-5.07388888,-42.80694444,74.36,2004,2025,22,14,12,0.9095890410958904,143525,4.398398288341996,False,True
A313,CAMPINA GRANDE,PB,NE,-7.24249999,-35.88888888,547.56,2006,2025,20,15,14,0.9876712328767123,152955,2.57581760023346,False,True
A314,GUARAMIRANGA,CE,NE,-4.26111111,-38.19749999,38.2,2007,2025,19,11,11,0.9323770491803278,112778,84.50510577067672,True,True
A315,BARBALHA,CE,NE,-7.31805554,-39.30166666,409.0,2007,2025,19,13,10,0.9410958904109589,117557,3.876123809556372,False,True
A316,CAICO,RN,NE,-6.45972222,-37.08888888,169.85,2007,2025,19,13,11,0.9608447488584475,140323,0.9665430202892098,False,True
A317,MACAU,RN,NE,-5.15111111,-36.57305554,32.0,2007,2025,19,13,9,0.8689663023679417,130827,0.0,False,True
A318,MOSSORO,RN,NE,-4.90388888,-37.36694443,36.0,2007,2025,19,14,11,0.9593607305936073,129244,0.030887769387196735,False,True
A319,IGUATU,CE,NE,-6.39666666,-39.27027777,233.0,2007,2025,19,13,7,0.8703196347031964,134248,0.15655360705019963,False,True
A320,JOAO PESSOA,PB,NE,-7.16583333,-34.81527777,47.0,2007,2025,19,14,11,0.9204337899543379,129221,0.06895960487878686,False,True
A321,PATOS,PB,NE,-7.07972221,-37.27249999,249.0,2007,2025,19,14,9,0.8968036529680365,134798,0.030652269297208382,False,True
A322,GARANHUNS,PE,NE,-8.90694444,-36.49472221,822.76,2007,2025,19,16,14,0.996689497716895,149434,0.46913536933407035,False,True
A323,PAO DE ACUCAR,AL,NE,-9.76583333,-37.44777777,19.0,2007,2025,19,15,12,0.9332191780821918,131336,2.624589318282305,False,True
A324,TAUA,CE,NE,-6.01666666,-40.28166666,415.0,2007,2025,19,13,13,0.9445205479452055,117745,0.09762096849980513,False,True
A325,QUIXERAMOBIM,CE,NE,-5.17305554,-39.28722221,232.0,2007,2025,19,12,9,0.8794398907103825,120424,0.2933853060771133,False,True
A326,BOM JESUS DO PIAUI,PI,NE,-9.08333333,-44.31666666,415.0,2007,2025,19,16,13,0.9761904761904762,142963,1.275074052221295,False,True
A327,PALMEIRA DOS INDIOS,AL,NE,-9.42055554,-36.62027777,275.0,2007,2025,19,15,13,0.9736590038314177,145904,0.030886657436453663,False,True
A328,SURUBIM,PE,NE,-7.83694444,-35.7961111,418.0,2008,2025,18,13,12,0.9389224180951667,130063,0.8913571828600324,False,True
A329,CABROBO,PE,NE,-8.50305555,-39.31388888,337.0,2007,2025,19,18,16,0.9974885844748859,150582,0.1855621010246442,False,True
A330,PAULISTANA,PI,NE,-8.07999999,-41.07999999,374.22,2007,2025,19,17,14,0.9644308943089431,144521,9.050015201446447,True,True
A331,SAO JOAO DO PIAUI,PI,NE,-8.36472222,-42.25083333,235.0,2007,2025,19,15,13,0.9212328767123288,127073,0.1859375648413552,False,True
A332,MORADA NOVA,CE,NE,-5.13638888,-38.35638888,43.6,2007,2025,19,18,15,0.9823059360730594,151418,5.118562333573931,True,True
A333,SAO GONCALO,PB,NE,-6.75666666,-38.22749999,233.06,2007,2025,19,16,14,0.9979452054794521,145019,12.800569415575083,True,True
A334,MONTEIRO,PB,NE,-7.89138888,-37.11527777,603.66,2007,2025,19,15,12,0.9691780821917808,140565,1.0943079849683188,False,True
A335,PIRIPIRI,PI,NE,-4.26388888,-41.77805554,161.2,2007,2025,19,14,10,0.9155251141552512,140617,2.2760241265283856,False,True
A336,ALVORADA DO GURGUEIA,PI,NE,-8.44305555,-43.86472222,270.0,2007,2025,19,13,12,0.9339041095890411,139118,7.435704100918986,True,True
A337,CARACOL,PI,NE,-9.2861111,-43.32444443,523.0,2007,2025,19,14,8,0.8488584474885845,118735,0.030886657436276832,False,True
A338,ESPERANTINA,PI,NE,-3.90083333,-42.23694444,65.0,2007,2017,11,10,8,0.9714253187613844,82548,0.0,False,True
A339,JAGUARUANA,CE,NE,-4.85333333,-37.77694443,12.0,2007,2025,19,14,12,0.9278846153846154,136826,8.729130749793704,True,True
A340,APODI,RN,NE,-5.62638888,-37.815,150.0,2007,2025,19,13,11,0.9061643835616439,126024,0.030887769387196735,False,True
A341,CARUARU,PE,NE,-8.2361111,-35.98583333,550.0,2007,2025,19,13,12,0.9420537340619308,133939,15.104790953245802,True,True
A342,CRATEUS,CE,NE,-5.1861111,-40.66999999,291.0,2008,2025,18,14,14,0.9981761671282781,138958,0.253723586930601,False,True
A343,PICOS,PI,NE,-7.07083332,-41.40416666,233.0,2008,2025,18,11,7,0.8382702360456122,119132,0.03088776938728515,False,True
A344,CALCANHAR,RN,NE,-5.16,-35.45416666,17.0,2008,2025,18,6,4,0.7722031963470319,90010,3.7043385117608185,False,True
A345,SAO RAIMUNDO NONATO,PI,NE,-9.03305554,-42.70055555,402.0,2008,2025,18,12,11,0.9598173515981735,124081,0.06838323087645422,False,True
A346,URUCUI,PI,NE,-7.47472221,-44.34472221,393.0,2008,2025,18,15,14,0.9979452054794521,138345,3.7066288333632516,False,True
A347,CAMPOS SALES,CE,NE,-7.07805554,-40.36305555,572.0,2008,2025,18,13,8,0.8628995433789954,109350,0.05519086617700487,False,True
A348,CABACEIRAS,PB,NE,-7.48333333,-36.28638888,436.0,2008,2025,18,15,12,0.9981164383561644,137074,0.01668788231512137,False,True
A349,IBIMIRIM,PE,NE,-8.50944444,-37.71138888,448.0,2008,2025,18,17,15,0.9981735159817352,142380,0.030547740930388395,False,True
A350,SERRA TALHADA,PE,NE,-7.95361111,-38.29472221,461.0,2008,2025,18,13,10,0.910041607405744,124077,0.08397839562743997,False,True
A351,FLORESTA,PE,NE,-8.5936111,-38.58388888,332.0,2008,2025,18,14,13,0.9792805100182149,130619,0.5876573153432179,False,True
A352,CAMARATUBA,PB,NE,-6.56083333,-35.13472221,136.0,2008,2025,18,15,8,0.8918949771689497,126264,0.13795282684104257,False,True
A353,ARAPIRACA,AL,NE,-9.80416666,-36.61888888,241.0,2008,2025,18,12,9,0.929345112691202,111940,0.043364090819140035,False,True
A354,OEIRAS,PI,NE,-6.97416666,-42.14694444,156.0,2008,2025,18,15,13,0.9790350029414236,126670,0.013006148006585163,False,True
A355,CORURIPE,AL,NE,-10.14527777,-36.28638888,74.0,2008,2025,18,15,14,0.9908675799086758,133273,1.8532517078756807,False,True
A356,SAO LUIS DO QUITUNDE,AL,NE,-9.28749999,-35.56583333,19.0,2008,2025,18,12,10,0.943093607305936,120517,0.005337428921646679,False,True
A357,PALMARES,PE,NE,-8.66638888,-35.56805554,180.0,2008,2025,18,14,12,0.9978310502283105,136973,0.030887769387373566,False,True
A358,JAGUARIBE,CE,NE,-5.90527777,-38.62777777,184.0,2008,2025,18,12,11,0.9844748858447488,118656,0.03088776938728515,False,True
A359,ITAPIPOCA,CE,NE,-3.48388888,-39.58833333,102.0,2008,2025,18,12,8,0.8829908675799087,101215,0.06216124959104396,False,True
A360,ACARAU,CE,NE,-3.12083332,-40.08694444,76.0,2009,2025,17,10,8,0.8769406392694064,106130,0.046154658580370024,False,True
A361,CASTELO DO PIAUI,PI,NE,-5.34916666,-41.51222222,286.0,2009,2025,17,11,10,0.9082191780821918,113240,0.008909815505546847,False,True
A362,SAO PEDRO DO PIAUI,PI,NE,-5.91111111,-42.7186111,287.0,2009,2018,10,9,8,0.98545076170849,80223,0.0,False,True
A363,VALENCA DO PIAUI,PI,NE,-6.39916666,-41.73999999,301.0,2009,2025,17,14,12,0.9982876712328768,126534,2.8901262907225593,False,True
A364,GILBUES,PI,NE,-9.87472221,-45.34638888,425.0,2009,2025,17,11,10,0.9515981735159817,116198,0.08671827079830816,False,True
A365,CANTO DO BURITI,PI,NE,-8.11777777,-42.00888888,308.0,2010,2025,16,14,13,0.9555415200738577,127087,106.44205033655231,True,True
A366,OURICURI,PE,NE,-7.88472221,-40.10111111,464.0,2010,2025,16,11,7,0.8845319634703197,107475,0.2212771698986134,False,True
A367,SANTA CRUZ,RN,NE,-6.22777777,-36.02638888,237.0,2010,2025,16,11,9,0.9118768246126208,95145,0.04355240415381189,False,True
A368,TIANGUA,CE,NE,-3.73222221,-41.01194444,756.0,2018,2025,8,4,4,0.7526714200164684,44441,0.009195560795221847,False,True
A369,QUIXADA,CE,NE,-4.97888888,-39.05722222,193.0,2018,2025,8,4,4,0.6470319634703197,37973,0.012549386721484401,False,True
A370,SALGUEIRO,PE,NE,-8.05805555,-39.0961111,447.0,2017,2025,9,5,4,0.8496575342465753,53556,5.123469494945768e-05,False,True
A371,PIRANHAS,AL,NE,-9.62222221,-37.76722221,187.0,2017,2025,9,6,5,0.9604963570127505,62202,0.012726012068585394,False,True
A372,IPANGUACU,RN,NE,-5.53499999,-36.87222221,19.0,2017,2025,9,4,2,0.7168715846994536,49043,0.017878730603027602,False,True
A373,ITAPORANGA,PB,NE,-7.31833332,-38.14083333,292.0,2017,2025,9,3,3,0.6534608378870674,32002,0.030887769387196735,False,True
A374,CORRENTE,PI,NE,-10.42916666,-45.17305554,452.0,2018,2025,8,6,6,0.9600456621004566,55576,0.0,False,True
A375,BAIXA GRANDE DO RIBEIRO,PI,NE,-8.333531,-45.094625,519.0,2018,2025,8,4,4,0.8809931506849316,51014,0.4414617329194043,False,True
A376,CAMPO MAIOR,PI,NE,-4.86416666,-42.14555555,125.0,2018,2025,8,1,1,0.49175243905481947,34138,0.0,False,True
A377,ANGICAL DO PIAUI,PI,NE,-6.08944444,-42.72749999,183.0,2019,2025,7,2,2,0.41198630136986303,19458,0.0,False,True
A401,SALVADOR,BA,NE,-13.01666666,-38.51666666,51.41,2000,2025,26,22,19,0.994473763006213,203736,1.7128560530155543,False,True
A402,BARREIRAS,BA,NE,-12.15,-45.01666666,470.37,2001,2025,25,18,17,0.9466894977168949,177221,3.029650583876989,False,True
A404,LUIZ EDUARDO MAGALHAES,BA,NE,-12.15222222,-45.82972221,754.04,2002,2025,24,19,17,0.9588470319634703,186267,0.030887769387196735,False,True
A405,CARAVELAS,BA,NE,-17.73333333,-39.26666666,2.88,2002,2025,24,15,11,0.8558219178082191,156413,1.0907058639320626,False,True
A406,CRUZ DAS ALMAS,BA,NE,-12.65,-39.15,225.87,2003,2025,23,15,12,0.9098173515981736,170758,7.157930775331779,True,True
A407,ITIRUCU,BA,NE,-13.52833332,-40.11972221,755.61,2003,2025,23,17,14,0.9895264116575592,177490,0.061774426823827236,False,True
A408,ITABERABA,BA,NE,-12.51666666,-40.3,249.89,2003,2025,23,22,20,0.9990867579908675,194577,0.8345080810445551,False,True
A409,ARACAJU,SE,NE,-10.95027777,-37.05,4.72,2003,2025,23,16,12,0.9882420091324201,164736,0.544497767517889,False,True
A410,ILHEUS,BA,NE,-14.65944444,-39.1811111,78.0,2003,2025,23,16,10,0.8703196347031964,156544,0.07952314102884987,False,True
A412,MACAJUBA,BA,NE,-12.11666666,-40.18333333,380.0,2003,2025,23,16,14,0.9265710382513661,151611,18.653128063246083,True,True
A413,FEIRA DE SANTANA,BA,NE,-12.19583333,-38.96722221,231.0,2007,2025,19,13,11,0.9297945205479452,135176,0.0444021701915749,False,True
A414,VITORIA DA CONQUISTA,BA,NE,-14.8861111,-40.80138888,874.81,2007,2025,19,17,15,0.9963470319634703,149548,0.035801303375294066,False,True
A415,SANTA RITA DE CASSIA,BA,NE,-11.01999999,-44.52499999,450.0,2007,2025,19,11,11,0.9232876712328767,117792,2.2315389790023836,False,True
A416,CORRENTINA,BA,NE,-13.33222221,-44.61722221,549.0,2007,2025,19,14,11,0.9987442922374429,140385,0.0430972823095975,False,True
A417,ITABAIANINHA,SE,NE,-11.27249999,-37.79472221,208.0,2007,2025,19,15,13,0.9918032786885246,144663,0.030292991376558696,False,True
A418,BOM JESUS DA LAPA,BA,NE,-13.41666666,-43.18416666,440.0,2007,2025,19,13,9,0.8976548269581056,124631,30.195259461655365,True,True
A419,POCO VERDE,SE,NE,-10.73749999,-38.10777777,362.0,2008,2025,18,13,9,0.9106164383561643,122237,0.08660231948758611,False,True
A420,CARIRA,SE,NE,-10.39944444,-37.74722221,308.0,2008,2022,15,11,10,0.9821917808219178,106777,0.04332380924340373,False,True
A421,BREJO GRANDE,SE,NE,-10.47944443,-36.48194443,6.11,2008,2025,18,12,11,0.9659348499673842,117765,0.6177498279912804,False,True
A422,ABROLHOS,BA,NE,-17.96416666,-38.6961111,25.0,2008,2025,18,7,3,0.7053716907453152,83825,0.7738549032089217,False,True
A423,REMANSO,BA,NE,-9.60277777,-42.10277777,401.0,2008,2025,18,14,11,0.9952129073242194,132986,3.7877971405176156,False,True
A424,IRECE,BA,NE,-11.32888888,-41.86444444,755.0,2008,2025,18,17,15,0.9974315068493151,146963,0.013762014853117432,False,True
A425,LENCOIS,BA,NE,-12.55722222,-41.38888888,438.74,2008,2025,18,15,15,0.9880419215151055,137232,0.07079715864713311,False,True
A426,GUANAMBI,BA,NE,-14.20805555,-42.74944444,882.0,2008,2025,18,14,12,0.957648401826484,139240,0.02994186087404298,False,True
A427,PORTO SEGURO,BA,NE,-16.38916666,-39.18249999,85.0,2008,2025,18,13,9,0.9081865845746937,116040,0.030887769387373566,False,True
A428,SENHOR DO BONFIM,BA,NE,-10.44305555,-40.14833333,539.0,2008,2025,18,16,11,0.9717537100456621,138632,0.00993830048194129,False,True
A429,BARRA,BA,NE,-11.08472221,-43.13916666,403.0,2008,2025,18,15,12,0.9839480874316939,141629,0.030311526069893492,False,True
A430,PIATA,BA,NE,-13.15583333,-41.77416666,1290.0,2008,2025,18,17,16,0.9972072510417447,144075,0.030887769387196735,False,True
A431,CONDE,BA,NE,-11.8,-37.59972221,31.9,2008,2025,18,12,10,0.944634703196347,120553,27.776359294507728,True,True
A432,BURITIRAMA,BA,NE,-10.72305554,-43.65111111,506.5,2008,2025,18,10,6,0.8505849676872022,110665,0.017648922822704877,False,True
A433,BRUMADO,BA,NE,-14.18166666,-41.67222221,470.0,2008,2025,18,18,16,0.9981164383561644,151335,0.030886657436630494,False,True
A434,AMARGOSA,BA,NE,-13.00944444,-39.61694443,407.0,2008,2025,18,16,15,0.998458904109589,142980,0.007354487554234508,False,True
A435,UAUA,BA,NE,-9.8336111,-39.49555555,453.0,2008,2021,14,13,12,0.9726964655538088,106775,0.008292399095385454,False,True
A436,QUEIMADAS,BA,NE,-10.98472221,-39.61694443,315.0,2008,2025,18,14,13,0.963013698630137,124470,0.01110798814496702,False,True
A437,UNA,BA,NE,-15.27999999,-39.0911111,74.0,2008,2025,18,14,13,0.9810046909698831,135714,0.04291674510791169,False,True
A438,MARAU,BA,NE,-13.90722222,-38.97222221,10.0,2008,2025,18,13,8,0.8931221461187215,117319,0.03138238211945758,False,True
A439,IBOTIRAMA,BA,NE,-12.19249999,-43.2125,430.0,2008,2025,18,16,14,0.961472602739726,140972,0.11779630057916624,False,True
A440,JACOBINA,BA,NE,-11.205,-40.465,453.0,2008,2025,18,11,11,0.9711664802907465,111255,0.0,False,True
A441,SERRINHA,BA,NE,-11.66444444,-39.02305554,339.0,2008,2025,18,13,13,0.9829915900814982,127296,0.030887769387196735,False,True
A442,EUCLIDES DA CUNHA,BA,NE,-10.53722221,-38.99666666,430.0,2008,2025,18,15,11,0.9749621041994161,134527,0.006846611480619725,False,True
A443,DELFINO,BA,NE,-10.455,-41.20722222,637.0,2008,2025,18,14,12,0.9829908675799086,125231,0.0303749623539192,False,True
A444,VALENCA,BA,NE,-13.3436111,-39.12666666,105.0,2009,2025,17,13,10,0.9478310502283105,115028,0.00038150456371218046,False,True
A445,IPIAU,BA,NE,-14.17138888,-39.69249999,125.0,2009,2025,17,12,11,0.9833788706739527,112060,0.009440725786968193,False,True
A446,ITAPETINGA,BA,NE,-15.24472221,-40.22944443,269.0,2009,2025,17,14,12,0.9577625570776256,122368,0.016045015381321446,False,True
A447,BELMONTE,BA,NE,-16.08805555,-39.21555555,88.0,2009,2025,17,14,12,0.9858447488584475,123397,0.02967810997719242,False,True
A448,CURACA,BA,NE,-9.00138888,-39.9125,370.0,2015,2025,11,8,6,0.9542237442922374,75899,0.030506274296401008,False,True
A449,PILAO ARCADO,BA,NE,-10.018333,-42.50027777,385.0,2016,2022,7,2,0,0.5860091743119266,29147,3.4517510025420823,False,True
A450,JEREMOABO,BA,NE,-10.08083332,-38.34583333,261.0,2015,2025,11,8,8,0.9732468123861566,72072,0.0,False,True
A451,ITABAIANA,SE,NE,-10.67166666,-37.47138888,213.0,2017,2025,9,3,3,0.00011415525114155251,25118,0.0,False,True
A452,FORMOSA DO RIO PRETO,BA,NE,-11.05222222,-45.20083333,488.0,2016,2025,10,4,4,0.7889955585497916,60913,0.009549730131139788,False,True
A453,NOSSA SENHORA DA GLORIA,SE,NE,-10.20777777,-37.43194443,271.0,2017,2025,9,7,6,0.9567351598173516,59820,0.0,False,True
A454,MACAUBAS,BA,NE,-13.03888888,-42.61722221,574.0,2016,2018,3,2,1,0.8820776255707763,21563,0.0,False,True
A455,ITAMARAJU,BA,NE,-17.00694444,-39.55805555,110.0,2016,2025,10,4,3,0.7316762107942212,48943,47.78914398280842,True,True
A456,SALVADOR (RADIO FAROL),BA,NE,-12.80833333,-38.49583333,31.0,2018,2025,8,7,4,0.903824200913242,57838,0.0,False,True
A458,RIBEIRA DO AMPARO,BA,NE,-11.05861111,-38.44416666,182.0,2018,2025,8,7,7,0.9590216957357087,58677,0.0,False,True
A502,BARBACENA,MG,SE,-21.22888888,-43.76694443,1155.0,2002,2025,24,20,20,0.9974885844748859,190419,0.10619292789023582,False,True
A505,ARAXA,MG,SE,-19.60555555,-46.94944444,1020.0,2002,2025,24,22,21,0.9929986338797814,191702,0.04243383218285824,False,True
A506,MONTES CLAROS,MG,SE,-16.71666666,-43.86666666,646.29,2002,2025,24,22,22,0.9985730593607306,191750,4.16412602006024,False,True
A507,UBERLANDIA,MG,SE,-18.91722221,-48.25555555,869.0,2002,2025,24,20,19,0.9970932517403998,185728,0.030887769387019905,False,True
A508,ALMENARA,MG,SE,-16.16666666,-40.68777777,194.0,2002,2025,24,21,18,0.9804223744292238,183041,0.012050893115197069,False,True
A509,MONTE VERDE,MG,SE,-22.86138888,-46.04333333,1500.0,2004,2025,22,22,21,0.9970890410958904,181096,0.030887769387373566,False,True
A510,VICOSA,MG,SE,-20.76277777,-42.86388888,712.2,2005,2025,21,20,19,0.9988615664845173,173646,0.030886657436453663,False,True
A511,TIMOTEO,MG,SE,-19.5736111,-42.62222221,333.0,2006,2025,20,19,15,0.9941780821917807,163456,0.042438509761388805,False,True
A512,ITUIUTABA,MG,SE,-18.95277777,-49.52499999,560.0,2006,2025,20,18,15,0.9770259438081692,154982,0.016243172804607367,False,True
A513,OURO BRANCO,MG,SE,-20.54583333,-43.76944443,1061.0,2006,2025,20,17,17,0.9979452054794521,160601,1.838019623076396,False,True
A514,SAO JOAO DEL REI,MG,SE,-21.22638888,-44.97944443,991.0,2006,2025,20,19,15,0.9982876712328768,163471,76.72132509665889,True,True
A515,VARGINHA,MG,SE,-21.56638888,-45.40416666,955.0,2006,2025,20,18,18,0.998972602739726,164699,0.0,False,True
A516,PASSOS,MG,SE,-20.74499999,-46.63388888,784.0,2006,2025,20,20,17,0.9896118721461187,164456,0.030887769387373566,False,True
A517,MURIAE,MG,SE,-21.10472222,-42.37583332,297.0,2006,2025,20,19,17,0.9921232876712329,162393,0.030887769387373566,False,True
A518,JUIZ DE FORA,MG,SE,-21.76999999,-43.36416666,950.0,2007,2025,19,19,19,0.9990867579908675,160055,0.028684858227045487,False,True
A519,CAMPINA VERDE,MG,SE,-19.53916666,-49.51805554,555.2,2006,2025,20,19,17,0.9898927193828351,164002,0.009439967574037878,False,True
A520,CONCEICAO DAS ALAGOAS,MG,SE,-19.98583333,-48.15138888,568.0,2006,2025,20,19,19,0.9953196347031963,166359,0.02902762013996596,False,True
A521,PAMPULHA,MG,SE,-19.88416666,-43.96944443,869.0,2006,2025,20,20,20,0.9980593607305936,167663,0.030887769387373566,False,True
A522,SERRA DOS AIMORES,MG,SE,-17.7986111,-40.24972221,208.0,2006,2025,20,20,14,0.990878808294034,160825,0.042650052458596814,False,True
A523,PATROCINIO,MG,SE,-18.99638888,-46.98583333,976.0,2006,2025,20,16,16,0.9985159817351599,157550,0.03451301552122464,False,True
A524,FORMIGA,MG,SE,-20.45472222,-45.45388888,873.0,2006,2025,20,20,18,0.996010960151708,165151,0.030887769387019905,False,True
A525,SACRAMENTO,MG,SE,-19.87527777,-47.43416666,912.0,2006,2025,20,19,17,0.9981755433290915,163595,0.006803384728686176,False,True
A526,MONTALVANIA,MG,SE,-15.08583333,-44.01583333,512.0,2007,2025,19,17,11,0.9668949771689498,149719,86.14185448126315,True,True
A527,TEOFILO OTONI,MG,SE,-17.9,-41.51666666,475.0,2006,2025,20,15,14,0.9823108031574104,153517,0.8116371819100219,False,True
A528,TRES MARIAS,MG,SE,-18.20055555,-45.45972222,921.0,2006,2025,20,18,18,0.9986301369863013,164581,0.035400082363470635,False,True
A529,PASSA QUATRO,MG,SE,-22.3961111,-44.96166666,1040.0,2007,2025,19,15,14,0.9926940639269406,150901,0.04272116485843151,False,True
A530,CALDAS,MG,SE,-21.91805554,-46.38305554,1150.0,2006,2025,20,19,19,0.9972602739726028,158962,0.006251169343980645,False,True
A531,MARIA DA FE,MG,SE,-22.31444444,-45.37277777,1276.33,2006,2025,20,19,19,0.9994877049180328,164636,0.031051329397753423,False,True
A532,GOVERNADOR VALADARES,MG,SE,-18.83027777,-41.97666666,214.0,2007,2025,19,18,16,0.9901826484018265,155106,0.03680796107533471,False,True
A533,GUANHAES,MG,SE,-18.78666666,-42.94305555,860.0,2007,2025,19,18,18,0.9942922374429224,156758,0.030887769387019905,False,True
A534,AIMORES,MG,SE,-19.53277777,-41.09083333,83.74,2007,2025,19,14,12,0.9530821917808219,138780,0.003557962040318532,False,True
A535,FLORESTAL,MG,SE,-19.88527778,-44.41694444,750.0,2008,2025,18,17,16,0.9990296803652967,149783,0.014831518906896587,False,True
A536,DORES DO INDAIA,MG,SE,-19.48166666,-45.59388888,722.0,2007,2025,19,19,14,0.9914383561643836,156648,0.030886657436807324,False,True
A537,DIAMANTINA,MG,SE,-18.2311111,-43.64805555,1356.0,2007,2025,19,19,17,0.9985159817351598,159903,0.023481501804531194,False,True
A538,CURVELO,MG,SE,-18.76444444,-44.45361111,670.0,2006,2025,20,18,18,0.9977198580233051,158359,1.86076628032482,False,True
A539,MOCAMBINHO,MG,SE,-15.08583333,-44.01611111,460.0,2007,2025,19,18,17,0.9982876712328768,154530,0.01603754256791212,False,True
A540,MANTENA,MG,SE,-18.78027777,-40.98583333,213.5,2007,2025,19,19,19,0.9986301369863013,158301,0.08029967648210411,False,True
A541,CAPELINHA,MG,SE,-17.70527777,-42.38916666,948.0,2007,2025,19,16,15,0.9987442922374429,148829,0.030887769387373566,False,True
A542,UNAI,MG,SE,-16.55388888,-46.88194443,631.0,2007,2025,19,18,17,0.977054794520548,156396,0.030887769387373566,False,True
A543,ESPINOSA,MG,SE,-14.91277777,-42.82972221,569.64,2007,2025,19,15,12,0.9305555555555556,127004,2.283887876748237,False,True
A544,BURITIS,MG,SE,-15.52416666,-46.43555555,894.0,2007,2025,19,16,12,0.9625570776255707,141944,0.01080627368633543,False,True
A545,PIRAPORA,MG,SE,-17.25777777,-44.83555555,503.0,2007,2025,19,19,16,0.9728310502283105,154028,0.031827403687081,False,True
A546,GUARDA-MOR,MG,SE,-17.56166666,-47.19944444,616.0,2007,2025,19,15,13,0.9976092896174863,141886,0.0426761135510521,False,True
A547,SAO ROMAO,MG,SE,-16.3625,-45.12388888,460.0,2007,2025,19,16,15,0.9920091324200914,146580,0.030886657436453663,False,True
A548,CHAPADA GAUCHA,MG,SE,-15.31,-45.61666666,880.0,2007,2025,19,15,13,0.9777633851468048,141488,1.0973370981661374,False,True
A549,AGUAS VERMELHAS,MG,SE,-15.75222222,-41.45833333,740.0,2007,2025,19,18,15,0.9647260273972603,151631,0.09612925755649827,False,True
A550,ITAOBIM,MG,SE,-16.57555554,-41.48527777,266.0,2007,2025,19,17,17,0.9974954462659381,153545,0.03530917161925773,False,True
A551,RIO PARDO DE MINAS,MG,SE,-15.72277777,-42.43527777,950.0,2007,2025,19,19,17,0.9974885844748859,155069,0.06700720885170335,False,True
A552,SALINAS,MG,SE,-16.16027777,-42.31027777,495.0,2007,2025,19,17,15,0.992351598173516,152929,0.005616611242094124,False,True
A553,JOAO PINHEIRO,MG,SE,-17.78472221,-46.11916666,877.0,2007,2025,19,18,14,0.9749531835205992,151657,0.04264939615660445,False,True
A554,CARATINGA,MG,SE,-19.73583333,-42.15361111,615.0,2007,2025,19,18,17,0.9980593607305936,155530,1.7233161978577531,False,True
A555,IBIRITE (ROLA MOCA),MG,SE,-20.0311111,-44.01111111,1208.0,2008,2025,18,18,16,0.9962375552062279,150505,0.0410714363282815,False,True
A556,MANHUACU,MG,SE,-20.26361111,-42.18277777,836.0,2010,2025,16,14,12,0.967579908675799,122571,0.030887769387373566,False,True
A557,CORONEL PACHECO,MG,SE,-21.546836220000003,-43.26111111,421.07,2012,2025,14,13,13,0.9894977168949772,111518,0.0188542378050039,False,True
A559,JANUARIA,MG,SE,-15.44805555,-44.36638888,468.0,2016,2025,10,9,7,0.9551670651183971,77057,0.008942850935484543,False,True
A560,POMPEU,MG,SE,-19.23249999,-44.96416666,705.0,2021,2025,5,4,3,0.9970319634703196,35826,0.0,False,True
A561,SAO SEBASTIAO DO PARAISO,MG,SE,-20.91,-47.11416666,845.0,2015,2025,11,8,8,0.9997716894977169,74983,0.015369302998042171,False,True
A562,PATOS DE MINAS,MG,SE,-18.52055554,-46.44055555,950.0,2017,2025,9,8,7,0.9811253561253561,69879,0.013703547510844478,False,True
A563,JANAUBA,MG,SE,-15.80277777,-43.29694444,532.0,2016,2025,10,8,8,0.9602739726027397,73476,0.0,False,True
A564,DIVINOPOLIS,MG,SE,-20.17333332,-44.87499999,796.0,2017,2025,9,8,8,0.9995446265938069,68509,0.042363250859807244,False,True
A565,BAMBUI,MG,SE,-20.0311111,-46.00888888,697.0,2016,2025,10,8,8,0.9715753424657534,73693,0.029018223714291396,False,True
A566,ARACUAI,MG,SE,-16.84888888,-42.03527777,308.0,2017,2025,9,9,7,0.9803652968036529,70947,319.26220437037983,True,True
A567,MACHADO,MG,SE,-21.680722,-45.944389,969.0,2017,2025,9,9,7,0.9759132420091324,69809,0.013639537316470579,False,True
A568,UBERABA,MG,SE,-19.71,-47.96194444,778.0,2017,2025,9,9,8,0.9784246575342466,72768,0.029078107373051956,False,True
A569,SETE LAGOAS,MG,SE,-19.45527777,-44.17333332,719.0,2016,2025,10,9,8,0.9828767123287672,78488,0.030886657436453663,False,True
A570,OLIVEIRA,MG,SE,-20.715,-44.86444444,1025.0,2017,2025,9,8,8,0.9976027397260274,69506,0.030887769387373566,False,True
A571,PARACATU,MG,SE,-17.24444444,-46.88166666,705.0,2018,2025,8,8,7,0.9955569902936847,66040,0.030887769387019905,False,True
A572,BELO HORIZONTE - SANTO AGOSTINHO,MG,SE,-19.93388888,-43.95222222,915.47,2025,2025,1,1,1,0.9563492063492064,2892,0.0,False,True
A601,ECOLOGIA AGRICOLA,RJ,SE,-22.8,-43.68333333,33.0,2000,2025,26,23,19,0.9966324200913241,212576,4.697063047300639,False,True
A602,MARAMBAIA,RJ,SE,-23.05,-43.6,9.7,2002,2025,24,21,18,0.987917165706016,184368,0.4557929581143368,False,True
A603,XEREM,RJ,SE,-22.58972221,-43.28222221,33.0,2002,2025,24,18,15,0.9801369863013698,180722,0.0,False,True
A604,CAMBUCI,RJ,SE,-21.56666666,-41.95,35.0,2002,2025,24,17,16,0.9644977168949772,173514,2.4716348499994925,False,True
A606,ARRAIAL DO CABO,RJ,SE,-22.98333333,-42.01666666,4.0,2006,2025,20,20,18,0.9894531152531377,163659,1.0178616806468013,False,True
A607,CAMPOS,RJ,SE,-21.71666666,-41.35,25.0,2006,2025,20,20,19,0.998688618160042,165463,0.6672998411384519,False,True
A608,MACAE,RJ,SE,-22.38333333,-41.81666667,32.0,2006,2025,20,20,17,0.9871004566210045,161403,0.9384457270177768,False,True
A609,RESENDE,RJ,SE,-22.45,-44.45,439.89,2006,2025,20,18,17,0.9925345272849764,161704,0.5455918980662726,False,True
A610,PICO DO COUTO,RJ,SE,-22.48166666,-43.29138888,1777.0,2006,2025,20,13,11,0.9702544476882002,140650,1.8841383653123116,False,True
A611,VALENCA,RJ,SE,-22.35,-43.7,367.0,2006,2025,20,17,15,0.9926369863013699,152113,1.0056101914672944,False,True
A612,VITORIA,ES,SE,-20.26666666,-40.3,9.0,2006,2025,20,18,17,0.9905949796641464,158355,0.8019452090004253,False,True
A613,SANTA TERESA,ES,SE,-19.98833333,-40.57944443,988.0,2007,2025,19,19,16,0.956056466302368,153579,0.01465133049146659,False,True
A614,LINHARES,ES,SE,-19.35694444,-40.0686111,40.0,2006,2025,20,20,17,0.9971461187214612,162731,0.008412414255521243,False,True
A615,ALFREDO CHAVES,ES,SE,-20.63638888,-40.74138888,35.0,2006,2024,19,16,16,0.997716894977169,150752,0.057811766327943805,False,True
A616,SAO MATEUS,ES,SE,-18.71388888,-39.84833333,39.0,2006,2025,20,20,18,0.9974924832198019,165122,4.519637165751977,False,True
A617,ALEGRE,ES,SE,-20.75055555,-41.48888888,138.0,2006,2025,20,19,18,0.9969178082191781,160217,0.0,False,True
A618,TERESOPOLIS,RJ,SE,-22.44888888,-42.98722221,980.0,2006,2025,20,20,20,0.9980022831050228,164351,0.042058706561844225,False,True
A619,PARATI,RJ,SE,-23.22333332,-44.72666666,5.0,2006,2025,20,18,17,0.9898631072685081,157423,0.04194886807017061,False,True
A620,SAO TOME,RJ,SE,-22.04166666,-41.05194444,8.0,2008,2025,18,16,15,0.9951074302635743,144200,0.028630219013246194,False,True
A621,VILA MILITAR,RJ,SE,-22.86083333,-43.41111111,45.0,2007,2025,19,19,17,0.9910063752276868,159082,0.06801528687558431,False,True
A622,PRES. KENNEDY,ES,SE,-21.10111111,-41.03888888,80.0,2008,2025,18,13,13,0.9796516816169483,139328,0.06538849296757683,False,True
A623,NOVA VENECIA,ES,SE,-18.69527777,-40.4075,154.0,2008,2022,15,13,11,0.9972602739726028,117378,1.7847260581513305,False,True
A624,NOVA FRIBURGO,RJ,SE,-22.33305554,-42.67722221,1046.0,2010,2025,16,16,15,0.9992021608403823,131810,0.1875148767805862,False,True
A625,TRES RIOS,RJ,SE,-22.09833333,-43.20833333,295.0,2016,2025,10,10,9,0.9984596838585722,81779,0.028618740702360267,False,True
A626,RIO CLARO,RJ,SE,-22.653579,-44.040916,516.0,2016,2025,10,10,9,0.9816947747049194,81629,0.009204056211958522,False,True
A627,NITEROI,RJ,SE,-22.86749999,-43.10194444,6.0,2018,2025,8,8,7,0.9976598173515981,63940,0.0168213551048749,False,True
A628,ANGRA DOS REIS,RJ,SE,-22.97555554,-44.30333333,6.0,2017,2025,9,6,6,0.9689497716894977,62043,0.030887769387373566,False,True
A629,CARMO,RJ,SE,-21.93867805,-42.600884664999995,293.0,2018,2025,8,6,6,0.9952054794520548,55923,0.009135427686680015,False,True
A630,SANTA MARIA MADALENA,RJ,SE,-21.95055555,-42.01027777,517.0,2018,2025,8,7,7,0.9929223744292237,59634,0.028648615617105994,False,True
A631,ECOPORANGA,ES,SE,-18.29138888,-40.73638888,224.0,2017,2025,9,5,5,0.9858447488584475,58865,0.030887769387373566,False,True
A632,MARILANDIA,ES,SE,-19.40722222,-40.53972221,95.0,2017,2025,9,7,7,0.9873287671232877,69831,0.01171423493949459,False,True
A633,VENDA NOVA DO IMIGRANTE,ES,SE,-20.38555555,-41.18999999,722.0,2017,2025,9,8,8,0.9888127853881279,74954,14.826010327153748,True,True
A634,VILA VELHA,ES,SE,-20.46694443,-40.40388888,25.0,2017,2025,9,8,7,0.9872395833333333,72866,0.02893795046642899,False,True
A635,ITATIAIA,RJ,SE,-22.37388888,-44.70305555,2450.0,2017,2021,5,5,4,0.9864155251141552,36284,0.008371011247087211,False,True
A636,RIO DE JANEIRO - JACAREPAGUA,RJ,SE,-22.93999999,-43.40277777,20.0,2017,2025,9,9,9,0.9924657534246575,72039,0.030887769387373566,False,True
A637,Paty do Alferes - Avelar,RJ,SE,-22.34722221,-43.41777777,508.0,2022,2025,4,4,4,0.9925839633705118,27367,0.0,False,True
A652,FORTE DE COPACABANA,RJ,SE,-22.98833333,-43.19027777,42.0,2007,2025,19,18,18,0.996689497716895,158316,0.028434798516772063,False,True
A657,AFONSO CLAUDIO,ES,SE,-20.10416666,-41.10694444,520.0,2011,2025,15,14,10,0.9743150684931506,112331,0.0,False,True
A659,SILVA JARDIM,RJ,SE,-22.64583333,-42.41555555,19.0,2015,2025,11,11,11,0.9978310502283105,89749,0.028506399820929323,False,True
A667,SAQUAREMA - SAMPAIO CORREIA,RJ,SE,-22.8711111,-42.60888888,26.0,2015,2025,11,10,9,0.9788812785388128,84527,0.028459418895575614,False,True
A701,SAO PAULO - MIRANTE,SP,SE,-23.48333333,-46.61666666,792.06,2006,2025,20,20,20,0.9964100356813135,169385,1.4909814907111756,False,True
A702,CAMPO GRANDE,MS,CO,-20.45,-54.6,530.0,2001,2025,25,23,21,0.997716894977169,202262,12.778846895826577,True,True
A703,PONTA PORA,MS,CO,-22.5525,-55.71638888,675.0,2001,2025,25,22,21,0.985730593607306,186245,0.00937654426308208,False,True
A704,TRES LAGOAS,MS,CO,-20.78999999,-51.71222222,313.0,2001,2025,25,18,14,0.9632420091324201,172213,0.7413364883189286,False,True
A705,BAURU,SP,SE,-22.35805555,-49.02888888,666.0,2001,2025,25,21,17,0.9876712328767123,191318,0.0012838812990109017,False,True
A706,CAMPOS DO JORDAO,SP,SE,-22.75027777,-45.60388888,1642.0,2002,2025,24,17,15,0.9711876512713027,167389,0.007513320471364696,False,True
A707,PRESIDENTE PRUDENTE,SP,SE,-22.11999999,-51.4,435.55,2003,2025,23,21,20,0.9957762557077625,182903,0.8898277258167326,False,True
A708,FRANCA,SP,SE,-20.57999999,-47.37999999,1026.0,2002,2025,24,19,19,0.9946347031963471,176188,0.5585348837112163,False,True
A709,IVINHEMA,MS,CO,-22.30666666,-53.82722221,373.8,2003,2025,23,15,10,0.8848173515981735,153506,0.8249152422990869,False,True
A710,PARANAIBA,MS,CO,-19.69527777,-51.18138888,424.0,2006,2025,20,13,11,0.9116910344221988,131699,0.04786694075548955,False,True
A711,SAO CARLOS,SP,SE,-21.97972221,-47.88333333,863.0,2006,2025,20,18,14,0.9981184657035207,154054,0.09309670559078423,False,True
A712,IGUAPE,SP,SE,-24.71666666,-47.55,2.66,2006,2025,20,16,13,0.9528538812785388,153426,5.022329499117271,True,True
A713,SOROCABA,SP,SE,-23.35,-47.66666666,609.0,2006,2025,20,17,16,0.98162100456621,152225,11.838608482795609,True,True
A714,ITAPEVA,SP,SE,-23.98138888,-48.88527777,745.0,2006,2025,20,19,15,0.9771457619863013,161231,0.08367717407254059,False,True
A715,SAO MIGUEL ARCANJO,SP,SE,-23.85138888,-48.16444444,678.0,2006,2025,20,12,12,0.9328388165281832,144566,17.368885594999654,True,True
A716,OURINHOS,SP,SE,-22.9486111,-49.89416666,448.0,2006,2025,19,15,9,0.8886612021857924,135191,7.774573394647529,True,True
A717,NHUMIRIM,MS,CO,-18.98888888,-56.62305554,91.0,2006,2025,20,12,11,0.916400304414003,125764,0.04250926785810392,False,True
A718,RANCHARIA,SP,SE,-22.37249999,-50.97416666,398.0,2006,2025,20,14,12,0.9765981735159817,152506,0.06696475380072894,False,True
A719,AQUIDAUANA,MS,CO,-20.47555554,-55.78388888,155.0,2006,2025,20,14,12,0.9735491990418444,131608,0.0,False,True
A720,COXIM,MS,CO,-18.51222222,-54.73583333,252.0,2006,2025,20,17,16,0.9769406392694064,154897,0.02928845659217212,False,True
A721,DOURADOS,MS,CO,-22.19388888,-54.91138888,469.0,2006,2025,20,16,14,0.9790718491903087,137874,0.004913416477010201,False,True
A722,MIRANDA,MS,CO,-20.38333333,-56.41666666,140.0,2006,2025,20,13,13,0.9679794520547945,135234,2.0715487780718598,False,True
A723,PORTO MURTINHO,MS,CO,-21.70583333,-57.88666666,85.0,2006,2025,20,15,10,0.8973883087556453,134997,0.01260254218205525,False,True
A724,CORUMBA,MS,CO,-18.99666666,-57.63749999,126.0,2006,2025,20,13,10,0.9283675799086758,141357,0.00037139305655876063,False,True
A725,AVARE,SP,SE,-23.09972221,-48.94555555,775.0,2006,2025,20,13,11,0.9282370360323704,137107,0.5033746133136823,False,True
A726,PIRACICABA,SP,SE,-22.70277777,-47.62305554,573.0,2006,2025,20,16,12,0.9366438356164384,143714,0.04765291170134143,False,True
A727,LINS,SP,SE,-21.66527777,-49.73416666,450.0,2006,2025,20,17,12,0.9444063926940639,149302,0.11101059610869041,False,True
A728,TAUBATE,SP,SE,-23.04194444,-45.52027777,571.0,2006,2025,20,17,10,0.9077054794520548,145545,0.06531696154295029,False,True
A729,VOTUPORANGA,SP,SE,-20.40305555,-49.96583333,465.0,2006,2021,16,14,11,0.9977739726027397,114419,0.042333838483257016,False,True
A730,CHAPADAO DO SUL,MS,CO,-18.80222222,-52.60277777,818.0,2006,2025,20,14,10,0.8959474885844749,131192,0.029238445333138904,False,True
A731,MARACAJU,MS,CO,-21.60916666,-55.17777777,400.0,2006,2025,20,15,12,0.9393264840182648,131774,0.029358146007290933,False,True
A732,SAO GABRIEL DO OESTE,MS,CO,-19.42027777,-54.55305555,647.0,2006,2025,20,14,10,0.9083702934351374,139234,0.005799186111511115,False,True
A733,JALES,SP,SE,-20.165,-50.59499999,457.0,2007,2025,19,13,13,0.9409722222222222,140364,0.014261415571911878,False,True
A734,VALPARAISO,SP,SE,-21.31916666,-50.93027777,374.0,2007,2025,19,17,14,0.9784246575342466,148039,0.012809256939422748,False,True
A735,JOSE BONIFACIO,SP,SE,-21.08555555,-49.92055554,405.0,2007,2025,19,13,9,0.8915525114155252,126279,0.028818618479534243,False,True
A736,ARIRANHA,SP,SE,-21.13305554,-48.84027777,525.0,2007,2025,19,16,11,0.9535388127853881,135653,0.02881043368666394,False,True
A737,IBITINGA,SP,SE,-21.85555555,-48.66666666,492.0,2007,2025,19,14,12,0.927054794520548,142841,13.73172716574877,True,True
A738,CASA BRANCA,SP,SE,-21.77972221,-47.07972221,730.0,2007,2025,19,16,14,0.9631578947368421,141597,0.4681825639862474,False,True
A739,ITAPIRA,SP,SE,-22.415,-46.80527777,633.0,2007,2025,19,15,13,0.9511612021857924,134990,0.007047567103881792,False,True
A740,SAO LUIS DO PARAITINGA,SP,SE,-23.22833332,-45.41722221,730.0,2007,2025,19,16,12,0.9861872146118722,141678,0.028384019735246263,False,True
A741,BARRA BONITA,SP,SE,-22.37083332,-48.55722222,544.0,2008,2025,18,15,12,0.9976598173515983,140246,11.150432350360063,True,True
A742,CASSILANDIA,MS,CO,-19.12249999,-51.72083332,516.0,2008,2025,18,14,11,0.92992941712204,132053,0.01112201010880113,False,True
A743,RIO BRILHANTE,MS,CO,-21.77472221,-54.52805554,329.0,2008,2025,18,18,18,0.9984612433565386,151819,0.030887769387373566,False,True
A744,BRAGANCA PAULISTA,SP,SE,-22.951944,-46.53055554,891.0,2017,2025,9,8,6,0.967896174863388,64856,111.19819402231212,True,True
A746,BARRA DO TURVO,SP,SE,-24.96305555,-48.41638888,667.0,2008,2025,18,14,10,0.937214611872146,119537,0.030887769387373566,False,True
A747,PRADOPOLIS,SP,SE,-21.33833333,-48.11388888,544.0,2008,2025,18,18,17,0.997716894977169,153194,0.016433090980039068,False,True
A748,BARRETOS,SP,SE,-20.55888888,-48.54472221,533.0,2010,2025,16,12,12,0.9986301369863013,122592,0.04231374251146008,False,True
A749,JUTI,MS,CO,-22.85722222,-54.60555555,379.0,2008,2025,18,14,13,0.9985730593607306,124630,0.008152305225433162,False,True
A750,AMAMBAI,MS,CO,-23.0025,-55.32944443,431.0,2008,2025,18,16,12,0.9547945205479452,130121,0.0,False,True
A751,SETE QUEDAS,MS,CO,-23.96694443,-55.02416666,402.0,2008,2025,18,15,13,0.9640017877143103,131954,0.0,False,True
A752,ITAQUIRAI,MS,CO,-23.44944444,-54.18166666,336.0,2008,2025,18,13,9,0.9070617186915189,125083,0.028335776519723282,False,True
A753,ITUVERAVA,SP,SE,-20.35944444,-47.77499999,600.0,2008,2025,18,15,13,0.9922945205479452,137100,0.04233943821226606,False,True
A754,SIDROLANDIA,MS,CO,-20.98166666,-54.97194443,464.0,2008,2025,18,16,15,0.9970364860144223,143703,0.0,False,True
A755,BARUERI,SP,SE,-23.52333332,-46.86916666,791.0,2011,2025,15,15,13,0.997716894977169,124582,0.06830900664095788,False,True
A756,AGUA CLARA,MS,CO,-20.44444444,-52.87555554,338.0,2010,2025,16,15,13,0.9992009132420091,129738,0.028942189552008123,False,True
A757,BELA VISTA,MS,CO,-22.10083333,-56.53999999,208.0,2011,2022,12,9,8,0.9811506062037474,79001,0.12632208339577083,False,True
A758,JARDIM,MS,CO,-21.47833332,-56.13694444,249.0,2011,2025,15,10,9,0.9665525114155251,103210,0.09159257455760815,False,True
A759,BATAGUASSU,MS,CO,-21.750123,-52.471294,392.13,2013,2025,13,10,10,0.9544520547945206,92880,0.16009352112804348,False,True
A760,COSTA RICA,MS,CO,-18.65777777,-53.219305545,728.6700000000001,2012,2025,14,12,12,0.9976598173515981,108804,19.04531000762305,True,True
A761,SONORA,MS,CO,-17.765833325,-54.607083329999995,490.625,2012,2025,14,13,10,0.9764269406392694,101398,21.79568672133029,True,True
A762,DRACENA,SP,SE,-21.45777777,-51.55222222,383.0,2016,2025,10,7,6,0.9442970745298351,70914,0.009355945606969628,False,True
A763,MARILIA,SP,SE,-22.235222,-49.965111,660.0,2017,2025,9,9,8,0.9984018264840183,74194,0.012999363529244764,False,True
A764,BEBDOURO,SP,SE,-20.94916666,-48.48972221,590.0,2016,2025,9,7,6,0.9268264840182648,57113,1.9078339289956958,False,True
A765,BERTIOGA,SP,SE,-23.84472221,-46.14333333,5.0,2017,2025,9,7,6,0.9613273453093812,62119,0.04185916831463673,False,True
A766,REGISTRO,SP,SE,-24.53305554,-47.86416666,35.0,2017,2025,9,6,4,0.816324200913242,51346,0.00969296071504818,False,True
A767,SAO SEBASTIAO,SP,SE,-23.81083333,-45.4025,24.0,2017,2021,5,3,3,0.9178921568627451,24431,0.012702832969020406,False,True
A768,TUPA,SP,SE,-21.927251,-50.490251,498.0,2017,2025,9,9,8,0.9584474885844749,72508,0.004227699547604079,False,True
A769,CACHOEIRA PAULISTA,SP,SE,-22.68888888,-45.00555555,586.0,2017,2025,9,7,5,0.9627732240437158,56128,0.016923179376307725,False,True
A770,SAO SIMAO,SP,SE,-21.46111111,-47.57944443,620.0,2019,2025,7,7,7,0.9853881278538813,55902,0.0,False,True
A771,SAO PAULO - INTERLAGOS,SP,SE,-23.724501,-46.677501,771.0,2018,2025,8,8,7,0.9981164383561644,67171,0.06157723349427791,False,True
A801,PORTO ALEGRE,RS,S,-30.05,-51.16666666,46.97,2000,2025,26,26,22,0.989783105022831,214352,0.8731341190293443,False,True
A802,RIO GRANDE,RS,S,-32.03333333,-52.1,2.46,2001,2025,25,22,15,0.9404109589041096,189047,8.152257012951972,True,True
A803,SANTA MARIA,RS,S,-29.70833333,-53.70361111,95.0,2001,2025,25,25,23,0.9823542805100182,202920,2.4722817435123154,False,True
A804,SANTANA DO LIVRAMENTO,RS,S,-30.84249999,-55.61277777,196.0,2001,2025,25,17,13,0.9133561643835616,165874,22.631809085923873,True,True
A805,SANTO AUGUSTO,RS,S,-27.85416666,-53.7911111,490.0,2001,2025,25,21,18,0.957648401826484,183763,0.030887769387373566,False,True
A806,FLORIANOPOLIS,SC,S,-27.6025,-48.61999999,1.8,2003,2025,23,19,17,0.9964708561020036,181661,0.010031635237006032,False,True
A807,CURITIBA,PR,S,-25.43333333,-49.26666666,923.5,2003,2025,23,16,15,0.9593607305936073,167419,4.0042286881705875,False,True
A808,TORRES,RS,S,-29.35027777,-49.73305554,4.66,2006,2023,18,17,13,0.983899677408372,144544,0.026923969005797348,False,True
A809,URUGUAIANA,RS,S,-29.84249999,-57.08249999,62.31,2006,2025,20,18,18,0.9885844748858448,158643,0.29813150742835953,False,True
A810,SANTA ROSA,RS,S,-27.89305555,-54.48055554,276.0,2006,2025,20,16,11,0.9266936147915263,141822,0.2931504509495591,False,True
A811,CANGUCU,RS,S,-31.40583333,-52.70111111,462.0,2007,2025,19,18,15,0.9974885844748859,155180,0.2845062400947044,False,True
A812,CACAPAVA DO SUL,RS,S,-30.54777777,-53.46749999,420.0,2006,2025,20,20,17,0.9842495327323917,165000,0.2830329097502026,False,True
A813,RIO PARDO,RS,S,-29.87333332,-52.38249999,111.0,2006,2025,20,19,16,0.9822775532100707,160454,0.1446601671535451,False,True
A814,URUSSANGA,SC,S,-28.53249999,-49.31555555,48.0,2008,2025,18,15,13,0.9611301369863013,137153,0.027136335869992805,False,True
A815,SAO JOAQUIM,SC,S,-28.27555554,-49.93444444,1410.0,2008,2025,18,17,16,0.9962899543378996,149334,0.02720124715812304,False,True
A816,NOVO HORIZONTE,SC,S,-26.40694444,-52.85055555,960.0,2008,2025,18,13,11,0.9424556166878759,126146,0.0676872669101993,False,True
A817,INDAIAL,SC,S,-26.91361111,-49.26749999,86.13,2006,2025,20,17,14,0.9844390173915213,146637,0.05508364017711149,False,True
A818,IVAI,PR,S,-25.01333333,-50.8711111,808.0,2006,2025,20,17,15,0.9796357797877018,151986,1.7624861772957332,False,True
A819,CASTRO,PR,S,-24.78944444,-49.99972221,1007.76,2006,2025,19,15,14,0.9787671232876712,134357,4.826762416569122,False,True
A820,MAL. CANDIDO RONDON,PR,S,-24.53583333,-54.01972221,392.0,2006,2025,20,18,18,0.9908105022831051,158930,0.28542004722339454,False,True
A821,JOAQUIM TAVORA,PR,S,-23.50527777,-49.94638888,522.0,2006,2025,20,16,14,0.9811073059360731,145285,0.0013227312162659675,False,True
A822,NOVA TEBAS,PR,S,-24.43722221,-51.96305555,654.0,2006,2025,19,14,8,0.899476320582878,126013,0.9992712703858051,False,True
A823,INACIO MARTINS,PR,S,-25.56583333,-51.08944444,1260.0,2006,2025,20,18,13,0.9654680365296804,150570,1.1755920248936929,False,True
A824,ICARAIMA,PR,S,-23.39027777,-53.63472221,385.0,2006,2025,20,11,10,0.8867579908675799,114173,0.11339789740422163,False,True
A825,GOIOERE,PR,S,-24.18388888,-53.04888888,481.0,2019,2025,7,3,2,0.6343351548269581,33374,3.396177087533794,False,True
A826,ALEGRETE,RS,S,-29.71166666,-55.5261111,121.0,2006,2025,20,19,16,0.9737138820270979,158325,0.29356484781017844,False,True
A827,BAGE,RS,S,-31.34777777,-54.01333333,230.0,2007,2025,19,18,17,0.9842896174863388,160899,0.004698569616164979,False,True
A828,ERECHIM,RS,S,-27.66027777,-52.30638888,765.0,2006,2025,20,18,14,0.9414643997804226,150606,0.2912567210972183,False,True
A829,SAO JOSE DOS AUSENTES,RS,S,-28.75138888,-50.05833333,1244.0,2006,2025,20,16,14,0.9718498141078424,156171,0.3135879311227746,False,True
A830,SAO BORJA,RS,S,-28.64944444,-56.01555555,83.0,2007,2025,19,15,13,0.9298780487804879,146805,0.10212111220384795,False,True
A831,QUARAI,RS,S,-30.3686111,-56.43722221,124.0,2007,2025,19,18,16,0.9921232876712329,152448,0.010924216627213218,False,True
A832,SAO GABRIEL,RS,S,-30.34138888,-54.31083333,126.0,2007,2025,19,16,14,0.9970400728597449,152180,0.009086472913032793,False,True
A833,SANTIAGO,RS,S,-29.19138888,-54.88555555,394.0,2009,2025,17,15,13,0.9845890410958904,138059,0.030887769387373566,False,True
A834,TRAMANDAI,RS,S,-30.00972222,-50.13527777,1.0,2008,2025,18,15,13,0.9845486500985603,144308,0.08440509557691007,False,True
A835,MARINGA,PR,S,-23.40777777,-51.91666666,542.0,2006,2025,20,17,15,0.9888698630136987,150242,1.6710027749319065,False,True
A836,JAGUARAO,RS,S,-32.53749999,-53.37638888,47.0,2007,2025,19,18,16,0.9840619307832422,158040,0.3132353517581089,False,True
A837,SOLEDADE,RS,S,-28.85361111,-52.55833333,667.0,2008,2025,18,16,14,0.9973744292237443,149478,1.6731680311793655,False,True
A838,CAMAQUA,RS,S,-30.81055555,-51.83472221,90.66,2006,2025,20,19,15,0.9489155251141552,155912,0.29303214656311805,False,True
A839,PASSO FUNDO,RS,S,-28.22944443,-52.40388888,684.05,2006,2025,20,19,19,0.997207095091948,163515,0.3100708571012267,False,True
A840,BENTO GONCALVES,RS,S,-29.16722221,-51.53472221,640.0,2006,2025,20,18,17,0.9904249943858073,158214,0.3135492504363105,False,True
A841,JOACABA,SC,S,-27.16944443,-51.57555554,776.0,2007,2025,19,15,14,0.9562785388127854,135127,1.6490542807025297,False,True
A842,NOVA FATIMA,PR,S,-23.40694444,-50.57777777,668.0,2007,2025,19,11,8,0.876027397260274,114708,0.9273244458668211,False,True
A843,DOIS VIZINHOS,PR,S,-25.69472221,-53.09444444,520.0,2007,2025,19,14,11,0.938013698630137,138404,0.5012050532971749,False,True
A844,LAGOA VERMELHA,RS,S,-28.22194443,-51.51222222,842.58,2007,2025,19,18,18,0.9889571948998178,160390,0.08233417975338923,False,True
A845,BOM JARDIM DA SERRA - MORRO DA IGREJA,SC,S,-28.13333333,-49.48333333,1810.0,2007,2025,19,16,16,0.9921448087431693,143930,0.7940450521990303,False,True
A846,FOZ DO IGUACU,PR,S,-25.60194444,-54.48305554,242.0,2008,2025,18,13,9,0.8992009132420091,125384,0.01231696966354976,False,True
A847,ILHA DO MEL,PR,S,-25.49444444,-48.32583332,1.0,2007,2018,12,8,7,0.9502853881278539,81106,0.0,False,True
A848,DIONISIO CERQUEIRA,SC,S,-26.28638888,-53.63277777,810.0,2008,2025,18,14,13,0.9845045163061108,139358,0.038655149547052105,False,True
A849,DIAMANTE DO NORTE,PR,S,-22.63388888,-52.85888888,362.0,2008,2025,18,13,11,0.9559745822970185,126900,3.28010893010286,False,True
A850,PARANAPOEMA,PR,S,-22.49166666,-52.13444444,311.0,2008,2025,18,11,10,0.9544115078473938,123259,18.532513742905817,True,True
A851,ITAPOA,SC,S,-26.0811111,-48.64166666,2.0,2007,2025,19,15,11,0.9340111642743222,140343,0.030887769387019905,False,True
A852,SAO LUIZ GONZAGA,RS,S,-28.41694443,-54.96222222,245.11,2007,2025,19,16,13,0.9700520833333334,145071,0.04113448549107289,False,True
A853,CRUZ ALTA,RS,S,-28.60361111,-53.6736111,432.0,2007,2025,19,18,16,0.9973744292237443,157618,0.030887769386666243,False,True
A854,FREDERICO WESTPHALEN,RS,S,-27.39555555,-53.41277777,490.0,2007,2025,19,19,16,0.992579908675799,153289,1.645410542419919,False,True
A855,PLANALTO,PR,S,-25.72194443,-53.74805555,398.0,2007,2025,19,15,11,0.9404599271402551,134382,0.016320989181416154,False,True
A856,PALMEIRA DAS MISSOES,RS,S,-27.92166666,-53.31694443,631.0,2008,2025,18,15,13,0.9965182648401827,145803,0.1891260847039295,False,True
A857,SAO MIGUEL DO OESTE,SC,S,-26.77666666,-53.50444444,665.0,2008,2025,18,13,12,0.9650936010679442,126134,1.4491765387583753,False,True
A858,XANXERE,SC,S,-26.9386111,-52.415,889.0,2008,2025,18,16,13,0.9703656398932056,144964,1.6796960902150666,False,True
A859,CACADOR,SC,S,-26.81944443,-50.98555555,952.0,2008,2025,18,16,15,0.9932077625570777,141774,0.032265433636065655,False,True
A860,CURITIBANOS,SC,S,-27.2886111,-50.60416666,860.0,2008,2025,18,17,15,0.9996004566210046,147248,0.011585856825316546,False,True
A861,RIO DO CAMPO,SC,S,-26.93749999,-50.14638888,592.0,2008,2025,18,10,10,0.9590182648401826,129326,0.09361202084498225,False,True
A862,RIO NEGRINHO,SC,S,-26.2486111,-49.58055554,869.0,2008,2025,18,17,14,0.9754399343763256,145957,0.6371567961705074,False,True
A863,ITUPORANGA,SC,S,-27.41833332,-49.64666666,484.0,2008,2025,18,17,15,0.9963532699553359,144452,0.027418087146370708,False,True
A864,MAJOR VIEIRA,SC,S,-26.3936111,-50.36333333,808.0,2009,2025,17,15,15,0.9981735159817352,142779,0.013530137983629304,False,True
A865,LAGES,SC,S,-27.80222222,-50.33555555,952.7,2014,2025,12,9,8,0.9709474885844749,83331,0.009714567048983585,False,True
A866,Laguna  - Farol de Santa Marta,SC,S,-28.60416666,-48.81333333,52.0,2008,2025,18,13,10,0.9711751752875715,123845,0.030887769387373566,False,True
A867,ARARANGUA,SC,S,-28.93138888,-49.49805555,12.0,2008,2025,18,17,17,0.9981189335529106,145415,0.013781571186879995,False,True
A868,ITAJAI,SC,S,-26.95083333,-48.76194444,18.0,2010,2025,16,15,14,0.9976598173515983,123903,0.01323856192392105,False,True
A869,CIDADE GAUCHA,PR,S,-23.37583332,-52.93194443,381.0,2008,2025,18,14,8,0.8808219178082192,129590,1.8544388900154567,False,True
A870,RANCHO QUEIMADO,SC,S,-27.6786111,-49.04194444,881.0,2016,2025,10,8,7,0.9979452054794521,75442,0.014145063584219152,False,True
A871,JAPIRA,PR,S,-23.77305554,-50.18055554,694.0,2008,2025,18,16,15,0.9984018264840182,143212,0.031775835229162386,False,True
A872,VENTANIA,PR,S,-24.23833333,-50.24555555,1106.0,2011,2025,15,10,7,0.8512557077625571,100148,5.895476300781698,True,True
A873,MORRETES,PR,S,-25.51277777,-48.80861111,59.0,2008,2025,18,17,13,0.9925926965591236,146070,0.4324254355694092,False,True
A874,SAO MATEUS DO SUL,PR,S,-25.83499999,-50.3686111,788.0,2011,2025,15,12,12,0.9916894353369763,118453,0.07732636065883702,False,True
A875,GENERAL CARNEIRO,PR,S,-26.3986111,-51.35444444,1018.0,2008,2025,18,16,13,0.9486872146118721,142722,0.08299961759677008,False,True
A876,CLEVELANDIA,PR,S,-26.41722221,-52.34888888,980.0,2008,2025,18,17,14,0.9963470319634703,147912,0.02766240887651889,False,True
A878,MOSTARDAS,RS,S,-31.24777777,-50.90555555,10.0,2008,2025,18,12,9,0.8954337899543379,114768,0.10045879255528502,False,True
A879,CANELA,RS,S,-29.36888888,-50.82749999,830.0,2008,2025,18,16,14,0.9946917808219178,143673,0.026918080654292117,False,True
A880,VACARIA,RS,S,-28.51361111,-50.88277777,986.0,2008,2025,18,18,14,0.9981164383561644,149199,0.004015695197122502,False,True
A881,DOM PEDRITO,RS,S,-31.0025,-54.61805554,150.0,2010,2025,16,12,11,0.9489490543204332,117514,0.008542203228445306,False,True
A882,TEUTONIA,RS,S,-29.45027777,-51.82416666,81.0,2012,2025,14,13,10,0.9958333333333333,107838,0.14756516450412735,False,True
A883,IBIRUBA,RS,S,-28.65333333,-53.11194444,455.635,2012,2025,14,13,12,0.9624068733477529,102586,0.015182042033316483,False,True
A884,CAMPO BOM,RS,S,-29.674293,-51.06416666,23.35,2013,2025,13,12,11,0.9950913242009133,102607,0.01683827099976913,False,True
A886,TUPANCIRETA,RS,S,-29.08944444,-53.82666666,462.0,2016,2025,10,10,9,0.9966100680141776,79898,89.45026404921933,True,True
A887,CAPAO DO LEAO (PELOTAS),RS,S,-31.8025,-52.40722222,13.0,2019,2025,7,7,5,0.9927644710578842,53876,0.0,False,True
A889,SAO VICENTE DO SUL,RS,S,-29.70222222,-54.69444444,134.0,2016,2025,10,8,7,0.9631278538812786,77236,0.04091305612788605,False,True
A893,ENCRUZILHADA DO SUL,RS,S,-30.54305555,-52.52472221,427.75,2018,2025,8,7,5,0.9684931506849315,63219,0.0,False,True
A894,SERAFINA CORREA,RS,S,-28.70472222,-51.87079216,545.0,2016,2025,10,9,9,0.9835215647378797,82168,0.023077533623469204,False,True
A895,CHAPECO,SC,S,-27.0853111,-52.6357111,679.0,2019,2025,7,6,6,0.9803652968036529,53870,96.73601488726676,True,True
A897,CAMBARA DO SUL,RS,S,-29.04914583,-50.149679105000004,1017.0,2016,2025,10,10,10,0.9768408313995558,77617,0.036560676441820934,False,True
A898,CAMPOS NOVOS,SC,S,-27.3886111,-51.21583333,963.0,2019,2025,7,7,7,0.9845890410958904,59289,0.0,False,True
A899,Santa Vitoria do Palmar - Barra do Chui,RS,S,-33.74166666,-53.37138888,26.0,2008,2025,18,15,11,0.9841590875065499,141489,0.10387509220800342,False,True
A901,CUIABA,MT,CO,-15.55916666,-56.72944443,240.0,2002,2025,24,18,13,0.9179794520547946,177496,71.81020675158352,True,True
A902,TANGARA DA SERRA,MT,CO,-14.65,-57.41666666,321.5,2002,2025,24,16,10,0.8721999214013025,163121,1.6136999708941684,False,True
A903,S.J. DO RIO CLARO,MT,CO,-13.45,-56.66666666,350.0,2003,2025,23,14,11,0.8732876712328768,161492,1.2345185721150294,False,True
A904,SORRISO,MT,CO,-12.55,-55.71666666,380.0,2002,2025,24,17,15,0.9549086757990868,166170,0.8802165393899265,False,True
A905,CAMPO NOVO DOS PARECIS,MT,CO,-13.78333333,-57.83333333,570.0,2002,2025,24,14,11,0.865674825960027,139156,0.6341379998079806,False,True
A906,GUARANTA DO NORTE,MT,CO,-9.95,-54.88333333,320.0,2002,2025,24,14,13,0.9734018264840183,146973,1.6062247680342703,False,True
A907,RONDONOPOLIS,MT,CO,-16.45,-54.56666666,284.0,2003,2025,23,18,15,0.9666666666666667,171560,2.0096650125940627,False,True
A908,AGUA BOA,MT,CO,-14.01611111,-52.21222222,432.0,2006,2025,20,13,11,0.9432648401826484,132515,0.06742659486783194,False,True
A909,ALTO ARAGUAIA,MT,CO,-17.33944444,-53.22416666,753.0,2011,2025,15,13,8,0.9211187214611872,112407,0.029483039539585924,False,True
A910,APIACAS,MT,CO,-9.56388888,-57.3936111,220.0,2006,2025,20,10,6,0.7960616438356164,110273,0.061774426823650405,False,True
A911,SAPEZAL,MT,CO,-13.30388888,-58.76333333,105.0,2017,2025,9,5,4,0.8394808743169399,53105,356.8779305719894,True,True
A912,CAMPO VERDE,MT,CO,-15.52749999,-55.13555555,749.0,2006,2025,20,17,10,0.8942409299598273,146819,5.85564599918187,True,True
A913,COMODORO,MT,CO,-13.70861111,-59.76277777,591.0,2006,2025,20,13,12,0.9639840182648401,132871,0.06867770870633029,False,True
A914,JUARA,MT,CO,-11.28027777,-57.52666666,260.0,2006,2025,20,10,7,0.7966177608104399,112525,0.013608613075342045,False,True
A915,PARANATINGA,MT,CO,-14.42138888,-54.03527777,474.0,2006,2025,20,10,5,0.7657122539112209,99630,0.08974243414046572,False,True
A916,QUERENCIA,MT,CO,-12.5986111,-52.19444444,339.0,2007,2025,17,11,10,0.9762557077625571,114308,4.292164706680202,False,True
A917,SINOP,MT,CO,-11.98222221,-55.56583333,371.0,2006,2025,20,11,7,0.8208493961623874,125757,0.03021478866604316,False,True
A919,COTRIGUACU,MT,CO,-9.90611111,-58.57194443,261.0,2007,2025,19,14,11,0.9707762557077626,127356,0.04335669687174398,False,True
A920,JUINA,MT,CO,-11.36694443,-58.73305554,220.0,2006,2025,20,13,9,0.8693878346682635,128895,4.639107414040749,False,True
A921,SAO FELIX  DO ARAGUAIA,MT,CO,-11.61888888,-50.72777777,218.0,2007,2024,18,6,5,0.6415525114155252,89619,0.017175902724868224,False,True
A922,VILA BELA DA SANTISSIMA TRINDADE,MT,CO,-15.06277777,-59.87277777,222.0,2006,2025,20,13,8,0.8551215472715024,129645,0.02982544328253684,False,True
A923,PRIMAVERA DO LESTE,MT,CO,-15.57999999,-54.3811111,680.0,2017,2025,9,4,4,0.764269406392694,42005,0.0,False,True
A924,ALTA FLORESTA,MT,CO,-9.84944444,-56.1,289.0,2007,2025,19,9,6,0.7628995433789955,109249,26.77676480067433,True,True
A925,PORTO VELHO,RO,N,-8.76388888,-63.47499999,98.0,2007,2025,19,9,5,0.7884703196347032,113422,40.896726421473595,True,True
A926,CARLINDA,MT,CO,-10.00527777,-55.79055555,306.0,2008,2025,18,13,10,0.925724230855603,116491,5.593495419580957,True,True
A927,BRASNORTE (MUNDO NOVO),MT,CO,-12.87194443,-58.38722221,431.0,2008,2025,18,9,7,0.811244292237443,107716,42.430911202056386,True,True
A928,NOVA MARINGA,MT,CO,-13.06555555,-57.15611111,353.0,2008,2025,18,14,10,0.9748895875439778,131393,7.542045248854603,True,True
A929,NOVA UBIRATA,MT,CO,-13.68638888,-54.95611111,518.0,2008,2025,18,10,7,0.8150730156947876,107260,37.719050918575505,True,True
A930,GAUCHA DO NORTE,MT,CO,-13.18472221,-53.2575,379.0,2008,2025,18,10,8,0.8645228248122365,119749,0.02085913090312519,False,True
A931,SANTO ANTONIO DO LESTE,MT,CO,-14.92777777,-53.8836111,648.0,2008,2025,18,15,11,0.9978310502283105,134372,0.32159114173707437,False,True
A932,GUIRATINGA,MT,CO,-16.34166666,-53.76611111,526.0,2008,2025,18,14,12,0.9826098472175755,137165,0.0,False,True
A933,ITIQUIRA,MT,CO,-17.29722221,-54.83722221,585.0,2008,2025,18,11,8,0.8843607305936072,110591,38.140025722573974,True,True
A934,ALTO TAQUARI,MT,CO,-17.81555555,-53.28749999,875.0,2008,2025,18,14,14,0.9885095682305645,145240,2.8490961685222738,False,True
A935,PORTO ESTRELA,MT,CO,-15.54638888,-57.38166666,145.0,2008,2025,18,10,8,0.8213666816378471,113197,29.774519466611512,True,True
A936,SALTO DO CEU,MT,CO,-15.13583333,-58.115,303.0,2008,2025,18,13,12,0.9977739726027397,133960,1.8021226501965537,False,True
A937,PONTES E LACERDA,MT,CO,-15.25111111,-59.34666666,256.0,2008,2025,18,13,12,0.977588922574045,124327,1.8542098930301556,False,True
A938,VILHENA,RO,N,-12.73472221,-60.15777777,590.0,2008,2025,18,13,12,0.9872121897768671,132755,0.030887769387373566,False,True
A939,CACOAL,RO,N,-11.44583333,-61.43416666,210.0,2008,2025,18,15,12,0.9836446658364466,130227,0.002288285967785005,False,True
A940,ARIQUEMES,RO,N,-9.94888888,-62.96194444,140.0,2008,2025,18,9,7,0.7524543378995434,98285,0.014719064191623492,False,True
A941,CACERES,MT,CO,-16.07444443,-57.69277777,116.0,2012,2020,9,7,7,0.9994292237442922,69625,0.04283647892373859,False,True
A942,SAO JOSE DO XINGU,MT,CO,-10.48416666,-52.37249999,300.0,2019,2025,7,2,2,0.5461187214611872,29160,0.0,False,True
A943,SERRA NOVA DOURADA,MT,CO,-11.98777777,-51.4261111,441.0,2019,2025,7,2,2,0.4853881278538813,28645,0.0,False,True
A944,ROSARIO OESTE,MT,CO,-14.82888888,-56.44194444,195.0,2019,2025,7,4,4,0.9587887067395264,37621,0.0,False,True
A945,BARRA DO GARCAS,MT,CO,-15.88472221,-52.22722221,304.0,2025,2025,1,0,0,0.78125,675,0.0,False,True
A947,NOVO SANTO ANTONIO,MT,CO,-12.28805555,-50.97138888,205.0,2025,2025,1,1,0,0.8627450980392157,704,0.0,False,True
A949,DIAMANTINO,MT,CO,-14.37777777,-56.37972221,317.0,2025,2025,1,0,0,0.4035714285714286,339,0.0,False,True
A950,ITANHANGA,MT,CO,-12.23416666,-56.60222222,350.0,2025,2025,1,1,1,0.9341397849462365,695,0.0,False,True
A954,COCALINHO,MT,CO,-14.38555555,-51.00972222,252.0,2025,2025,1,1,1,0.9712643678160919,676,0.0,False,True
A955,LUCAS DO RIO VERDE,MT,CO,-13.07499999,-55.91138888,393.0,2025,2025,1,1,1,0.9712643678160919,676,0.0,False,True
B803,CAMPINA DA LAGOA,PR,S,-24.57083332,-52.80027777,598.0,2016,2025,10,5,4,0.7863013698630137,56015,0.22472552499345172,False,True
B804,LARANJEIRAS DO SUL,PR,S,-25.36888888,-52.39194444,835.0,2016,2025,10,7,7,0.9507058287795993,62319,0.9353426238684113,False,True
B806,COLOMBO,PR,S,-25.322464,-49.157733,950.0,2016,2025,10,10,9,0.9888251054220625,81458,0.03565531966392158,False,True
B807,PORTO ALEGRE- BELEM NOVO,RS,S,-30.1861111,-51.17805554,3.3,2022,2024,3,3,3,1.0,18100,0.0,False,True
B808,CACHOEIRINHA,RS,S,-29.95138888,-51.12416666,72.0,2025,2025,1,0,0,0.3552839116719243,2703,0.0,False,True
B809,SAPUCAIA DO SUL,RS,S,-29.81388888,-51.15666666,23.0,2025,2025,1,0,0,0.46156462585034014,2714,0.0,False,True
B810,PARQUE ELDORADO,RS,S,-30.09666666,-51.67388888,50.0,2025,2025,1,0,0,0.34003680336487907,2587,0.0,False,True
B811,SERTAO SANTANA,RS,S,-30.49416666,-51.66333333,116.0,2025,2025,1,0,0,0.7586309523809524,2549,0.0,False,True
B812,CHARQUEADAS,RS,S,-29.96555555,-51.62555554,23.0,2025,2025,1,0,0,0.454421768707483,2672,0.0,False,True
B813,MINAS DO LEAO,RS,S,-30.12444443,-52.05083333,54.0,2025,2025,1,0,0,0.4550653594771242,1671,0.0,False,True
B814,MONTENEGRO,RS,S,-29.75861111,-51.4361111,15.0,2025,2025,1,0,0,0.5136165577342048,1886,0.0,False,True
B816,SANTA MARIA DO HERVAL,RS,S,-29.47916666,-51.01333333,650.0,2025,2025,1,0,0,0.5310150375939849,1695,0.0,False,True
B817,CAXIAS DO SUL - CRIUVA,RS,S,-28.87416666,-50.97555554,857.0,2025,2025,1,0,0,0.5111655773420479,1877,0.0,False,True
B818,CAXIAS DO SUL - AEROPORTO,RS,S,-29.1961111,-51.18638888,756.0,2025,2025,1,0,0,0.4380952380952381,1472,0.0,False,True
B819,ROLANTE,RS,S,-29.65583333,-50.61805554,69.0,2025,2025,1,1,0,0.8318014705882353,2715,0.0,False,True
B820,SAO FRANCISCO DE PAULA,RS,S,-29.44222221,-50.56027777,886.0,2025,2025,1,0,0,0.7760416666666666,2533,0.0,False,True
B821,SANTANA DA BOA VISTA,RS,S,-30.85861111,-53.15555555,138.0,2025,2025,1,0,0,0.7138364779874213,1816,0.0,False,True
B822,CACHOEIRA DO SUL,RS,S,-30.01833332,-52.93888888,73.0,2025,2025,1,0,0,0.7346698113207547,1869,0.0,False,True
B823,PINHEIRO MACHADO,RS,S,-31.57472221,-53.38833333,419.0,2025,2025,1,0,0,0.7429245283018868,1890,0.0,False,True
B825,PORTO ALEGRE - BELEM NOVO,RS,S,-30.1861111,-51.17833332,3.3,2025,2025,1,0,0,0.3229591836734694,1899,0.0,False,True
B826,HERVAL,RS,S,-32.01277777,-53.40305555,331.0,2025,2025,1,1,1,0.9044811320754716,2301,0.0,False,True
B827,BAGE - CENTRO,RS,S,-31.30555555,-54.01333333,226.2,2025,2025,1,0,0,0.4406318082788671,1618,0.0,False,True
B828,ACEGUA,RS,S,-31.87472221,-54.11972221,271.0,2025,2025,1,0,0,0.7437106918238994,1892,0.0,False,True
B829,SANTA VITORIA DO PALMAR (RESERVA DO TAIM),RS,S,-32.83583333,-52.6436111,2.0,2025,2025,1,0,0,0.7456761006289309,1897,0.0,False,True
B830,SANTA VITORIA DO PALMAR (CENTRO),RS,S,-33.53166666,-53.35027777,29.0,2025,2025,1,1,1,0.9797619047619047,2469,0.0,False,True
B832,CAPAO DA CANOA,RS,S,-29.68527777,-49.99305555,0.0,2025,2025,1,0,0,0.6171875,1185,0.0,False,True
B836,PALMARES DO SUL,RS,S,-30.24916666,-50.50916666,4.0,2025,2025,1,1,0,0.8958333333333334,1720,0.0,False,True
B839,SANTO ANTONIO DA PATRULHA,RS,S,-29.81611111,-50.53333333,47.0,2025,2025,1,1,1,0.9109375,1749,0.0,False,True
B841,TORRES,RS,S,-29.41361111,-49.80361111,0.0,2025,2025,1,1,1,0.9052083333333333,1738,0.0,False,True
C891,CRIOSFERA,SP,SE,-84.0,-79.49416666,1285.0,2020,2020,1,1,0,0.8216074681238615,7217,0.0,False,False
F501,BELO HORIZONTE - CERCADINHO,MG,SE,-19.97999999,-43.95861111,1199.55,2013,2025,13,12,12,0.9980646630236795,104166,0.005628396120512078,False,True
S101,FORTE PRINCIPE,RO,N,-12.42999999,-64.41999999,,2016,2018,3,0,0,0.0,1406,0.0,False,True
S102,PEF IPIRANGA,AM,N,-2.93055554,-69.69527777,,2016,2018,3,0,0,0.004223744292237443,449,0.0,False,True
S103,CRMN MANAUS,AM,N,-3.02249999,-60.05555555,,2016,2018,3,0,0,0.6783105022831051,12246,0.0,False,True
S104,DTCEA VILHENA,RO,N,-12.75055555,-60.14916666,,2016,2018,3,0,0,0.20079908675799088,5688,0.0,False,True
S105,DTCEA TABATINGA,AM,N,-4.25055555,-69.93499999,,2016,2018,3,0,0,0.0,426,0.0,False,True
S107,DOM ELISEU,PA,N,-4.28999999,-47.55,,2016,2018,3,0,0,0.5300228310502283,9323,0.0,False,True
S108,SAO BENTO,MA,NE,-2.7,-44.85,,2016,2018,3,0,0,0.03458904109589041,908,0.0,False,True
S110,DTCEA GUAJARA-MIRIM,RO,N,-10.78999999,-65.33277777,,2016,2018,3,2,0,0.8248858447488584,14968,0.0,False,True
S111,ULIANOPOLIS,PA,N,-3.8,-47.51,,2016,2018,3,0,0,0.0,0,0.0,False,True
S113,BALIZA,RR,N,0.94777777,-59.74638888,,2016,2018,3,0,0,0.2522831050228311,9081,0.0,False,True
S114,PACARAIMA,RR,N,4.47749999,-61.14916666,,2016,2018,3,0,0,0.01780821917808219,4480,0.0,False,True
S115,PEF YAUARETE,AM,N,0.59944444,-69.19194444,,2016,2018,3,0,0,0.0,2878,0.0,False,True
S116,PEF ESTIRAO DO EQUADOR,AM,N,-4.52999999,-71.61749999,,2016,2018,3,0,0,0.0,4808,0.0,False,True
S117,DTCEA TEFE,AM,N,-3.37722221,-64.72305554,,2016,2018,3,2,2,0.9005707762557078,16555,0.0,False,True
S120,DTCEA JACAREACANGA,PA,N,-6.23722221,-57.77499999,,2016,2018,3,2,1,0.8165525114155251,15826,0.0,False,True
S121,SANTA ISABEL DO RIO NEGRO,AM,N,-0.41444444,-65.01749999,,2016,2018,3,0,0,0.0,2930,0.0,False,True
S122,EB_PEF_BONFIM,MG,SE,3.35888888,-59.82388888,,2016,2018,3,0,0,0.0,4665,0.0,False,True
S701,ANGELICA,MS,CO,-22.148083,-53.763736,347.0,2018,2021,4,4,3,0.9584222632668069,30782,0.013219658805996766,False,True
S702,ARAL MOREIRA,MS,CO,-22.955014,-55.626055550000004,605.0,2018,2021,4,3,3,0.9291095890410959,29475,0.005896938675098813,False,True
S703,BANDEIRANTES,MS,CO,-19.945547275000003,-54.36857205,624.0,2018,2021,4,1,0,0.0,6737,0.0041841409726217854,False,True
S704,BONITO,MS,CO,-21.24671133,-56.450498775,329.0,2018,2021,4,2,2,0.832886353819573,22693,0.007700213273493781,False,True
S705,BRASILANDIA,MS,CO,-21.298305665,-52.06890294,345.0,2018,2021,4,1,1,0.28264840182648404,10984,0.003403650665009011,False,True
S706,CAARAPO,MS,CO,-22.657056,-54.819306,456.0,2018,2021,4,2,1,0.6965639581305986,22461,0.018858938192255596,False,True
S707,CAMAPUA,MS,CO,-19.587513995000002,-54.030041495,540.0,2018,2021,4,1,0,0.24069634703196346,10770,0.004618539236654739,False,True
S708,FATIMA DO SUL,MS,CO,-22.308652555000002,-54.32583316,340.0,2018,2021,4,1,1,0.06957232327769046,8539,0.004608509493518622,False,True
S709,IGUATEMI,MS,CO,-23.64446272,-54.570283384999996,319.0,2018,2021,4,3,1,0.8188099676319288,27623,0.0021115806392683046,False,True
S710,ITAPORA,MS,CO,-22.092833,-54.798833,360.0,2018,2021,4,4,2,0.9388863028476009,31197,0.008418001336105915,False,True
S711,LAGUNA CARAPA,MS,CO,-22.575389,-55.160333,499.0,2018,2021,4,2,2,0.7696856987798488,24427,0.013606258340524924,False,True
S712,NOVA ALVORADA DO SUL,MS,CO,-21.450972,-54.341972,5.0,2018,2021,4,2,0,0.761200020489404,25594,0.015729117868857168,False,True
S713,NOVA ANDRADINA,MS,CO,-22.078569549999997,-53.465861165,372.0,2018,2021,4,1,1,0.3007990867579909,11696,0.005438024764424407,False,True
S714,PEDRO GOMES,MS,CO,-18.07277777,-54.54888888,251.0,2018,2021,4,1,0,0.5501465928088429,20102,0.011085992784658508,False,True
S715,RIBAS DO RIO PARDO,MS,CO,-20.466694,-53.763028,442.0,2018,2021,4,3,1,0.813655001836981,29046,0.004180815927411217,False,True
S716,SANTA RITA DO PARDO,MS,CO,-21.305889,-52.820375,383.0,2018,2021,4,3,1,0.8178082191780822,29168,0.011822678650940582,False,True
S717,SELVIRIA,MS,CO,-20.35141644,-51.430249884999995,374.0,2018,2021,4,2,2,0.6312800781696342,17583,0.0042240671982633265,False,True
