codigo,estacao,uf,regiao,anos_elegiveis,anos_cobertura_80,primeiro_ano_80,ultimo_ano_80,amplitude_periodo_anos,deslocamento_max_coord_km,coordenada_estavel_5km,candidata_tendencia_10a,candidata_tendencia_15a
A001,BRASILIA,DF,CO,26,26,2000.0,2025.0,26,0.0139884202775015,True,True,True
A002,GOIANIA,GO,CO,25,24,2001.0,2024.0,24,0.0295938501110867,True,True,True
A003,MORRINHOS,GO,CO,24,19,2001.0,2025.0,25,3.162982582999043,True,True,True
A005,PORANGATU,GO,CO,8,5,2018.0,2025.0,8,24.414217027042948,False,False,False
A009,PALMAS,TO,N,22,20,2004.0,2023.0,20,4.257973878614599,True,True,True
A010,PARANA,TO,N,21,18,2005.0,2025.0,21,0.0122645285149314,True,True,True
A011,SAO SIMAO,GO,CO,20,17,2006.0,2025.0,20,1.7861206140485693,True,True,True
A012,LUZIANIA,GO,CO,20,18,2006.0,2025.0,20,1.2986309587468912,True,True,True
A013,ARAGARCAS,GO,CO,19,12,2007.0,2020.0,14,0.378806325528851,True,True,False
A014,GOIAS,GO,CO,19,19,2007.0,2025.0,19,0.062707128950565,True,True,True
A015,ITAPACI,GO,CO,19,16,2007.0,2025.0,19,0.0858914067507043,True,True,True
A016,JATAI,GO,CO,19,17,2007.0,2025.0,19,0.0442908237389662,True,True,True
A017,POSSE,GO,CO,19,17,2007.0,2025.0,19,0.0126173614617089,True,True,True
A018,PEIXE,TO,N,20,16,2006.0,2024.0,19,0.6236406923019483,True,True,True
A019,GURUPI,TO,N,19,16,2007.0,2024.0,18,0.2310790211970803,True,True,True
A020,PEDRO AFONSO,TO,N,19,15,2008.0,2024.0,17,1.861103786957858,True,True,True
A021,ARAGUAINA,TO,N,19,14,2007.0,2025.0,19,0.0308877693871967,True,True,False
A022,GOIANESIA,GO,CO,19,15,2008.0,2025.0,18,0.0298043389191997,True,True,True
A023,CAIAPONIA,GO,CO,19,16,2007.0,2025.0,19,0.0308866574364536,True,True,True
A024,ALTO PARAISO DE GOIAS,GO,CO,19,17,2007.0,2024.0,18,0.0299528369338477,True,True,True
A025,RIO VERDE,GO,CO,19,16,2007.0,2025.0,19,1.750129615303654,True,True,True
A026,MINEIROS,GO,CO,19,12,2007.0,2023.0,17,0.0,True,True,False
A027,PARAUNA,GO,CO,18,15,2008.0,2025.0,18,1.8573450710344608,True,True,True
A028,IPORA,GO,CO,13,10,2013.0,2025.0,13,0.0795084689046222,True,True,False
A029,EDEIA,GO,CO,9,6,2017.0,2024.0,8,0.0,True,False,False
A031,SAO MIGUEL DO ARAGUAIA,GO,CO,9,5,2017.0,2025.0,9,0.6392198635609405,True,False,False
A032,MONTE ALEGRE DE GOIAS,GO,CO,19,17,2007.0,2023.0,17,0.6206705563925294,True,True,True
A033,PIRES DO RIO,GO,CO,19,19,2007.0,2025.0,19,0.0,True,True,True
A034,CATALAO,GO,CO,18,18,2008.0,2025.0,18,0.3594728060848124,True,True,True
A035,ITUMBIARA,GO,CO,19,17,2007.0,2025.0,19,0.0130317042363399,True,True,True
A036,CRISTALINA,GO,CO,19,19,2007.0,2025.0,19,0.377576036468232,True,True,True
A037,SILVANIA,GO,CO,16,16,2010.0,2025.0,16,0.3162078609573251,True,True,True
A038,DIANOPOLIS,TO,N,18,16,2008.0,2024.0,17,0.0313166983911232,True,True,True
A039,FORMOSO DO ARAGUAIA,TO,N,18,15,2008.0,2025.0,18,11.102303600135691,False,False,False
A040,MATEIROS,TO,N,13,10,2013.0,2025.0,13,0.2692522674942745,True,True,False
A041,MARIANOPOLIS DO TO,TO,N,14,11,2012.0,2025.0,14,0.0154505563984988,True,True,False
A042,BRAZLANDIA,DF,CO,9,9,2017.0,2025.0,9,0.0,True,False,False
A043,CAMPOS LINDOS,TO,N,11,7,2012.0,2019.0,8,0.0152877259209112,True,False,False
A044,ARAGUATINS,TO,N,16,11,2009.0,2025.0,17,0.0307380512960297,True,True,False
A045,AGUAS EMENDADAS,DF,CO,18,18,2008.0,2025.0,18,0.0118711195053935,True,True,True
A046,GAMA (PONTE ALTA),DF,CO,12,12,2014.0,2025.0,12,0.0,True,True,False
A047,PARANOA (COOPA-DF),DF,CO,9,9,2017.0,2025.0,9,0.1238436398013669,True,False,False
A048,SANTA FE DO ARAGUAIA,TO,N,10,8,2016.0,2025.0,10,0.0137174755451055,True,False,False
A049,COLINAS DO TOCANTINS,TO,N,7,5,2016.0,2023.0,8,0.0077870903720803,True,False,False
A050,RIO SONO,TO,N,10,6,2017.0,2025.0,9,70.42684978085688,False,False,False
A051,PIUM,TO,N,9,6,2016.0,2023.0,8,0.0033429040829124,True,False,False
A052,SANTA ROSA DO TOCANTINS,TO,N,11,9,2015.0,2025.0,11,42.53216134810872,False,False,False
A053,ALMAS,TO,N,10,6,2016.0,2025.0,10,0.0130643720014942,True,False,False
A054,ARAGUACU,TO,N,11,7,2015.0,2025.0,11,0.0138092700228602,True,False,False
A055,LAGOA DA CONFUSAO,TO,N,10,7,2016.0,2025.0,10,2.218667946790798,True,False,False
A056,CRISTALINA (FAZENDA SANTA MONICA),GO,CO,8,8,2018.0,2025.0,8,0.0,True,False,False
A101,MANAUS,AM,N,26,19,2000.0,2025.0,26,0.0975457325471828,True,True,True
A102,PARQUE ESTADUAL CHANDLESS,AC,N,15,7,2009.0,2022.0,14,0.1301750780715527,True,False,False
A104,RIO BRANCO,AC,N,17,9,2008.0,2025.0,18,32.420128059047016,False,False,False
A108,CRUZEIRO DO SUL,AC,N,9,4,2015.0,2019.0,5,30.431744607080052,False,False,False
A109,EIRUNEPE,AM,N,8,5,2012.0,2019.0,8,0.0921000189119945,True,False,False
A110,BOCA DO ACRE,AM,N,17,12,2008.0,2025.0,18,0.0398347069793726,True,True,False
A111,LABREA,AM,N,18,12,2008.0,2023.0,16,19.42825127148091,False,False,False
A112,HUMAITA,AM,N,17,9,2008.0,2025.0,18,41.54000263606823,False,False,False
A113,APUI,AM,N,16,7,2010.0,2016.0,7,1.0900338081180636,True,False,False
A117,COARI,AM,N,18,9,2008.0,2019.0,12,0.0052567935706246,True,False,False
A119,MANACAPURU,AM,N,18,16,2008.0,2025.0,18,0.0,True,True,True
A120,AUTAZES,AM,N,17,11,2008.0,2023.0,16,196.80555734772392,False,False,False
A121,ITACOATIARA,AM,N,18,15,2008.0,2025.0,18,0.0308888813380724,True,True,True
A122,MAUES,AM,N,14,8,2008.0,2017.0,10,0.0308334371160554,True,False,False
A123,PARINTINS,AM,N,18,12,2008.0,2024.0,17,0.2246539101763975,True,True,False
A124,URUCARA,AM,N,17,13,2008.0,2024.0,17,40.21556622353534,False,False,False
A125,RIO URUBU,AM,N,17,14,2008.0,2024.0,17,39.297111671976424,False,False,False
A126,PRESIDENTE FIGUEIREDO,AM,N,16,10,2008.0,2019.0,12,4.075535906259142,True,True,False
A128,BARCELOS,AM,N,17,11,2008.0,2025.0,18,3.763365764350155,True,True,False
A133,MANICORE,AM,N,13,10,2011.0,2024.0,14,2.472599196047748,True,True,False
A134,S. G. DA CACHOEIRA,AM,N,15,11,2011.0,2024.0,14,0.0308877693872713,True,True,False
A135,BOA VISTA,RR,N,16,10,2010.0,2019.0,10,0.0054488614402448,True,True,False
A136,PORTO WALTER,AC,N,12,7,2009.0,2018.0,10,0.0308877693871967,True,False,False
A137,MARECHAL THAUMATURGO,AC,N,13,4,2009.0,2015.0,7,0.0,True,False,False
A138,FEIJO,AC,N,16,11,2009.0,2025.0,17,27.786763272644155,False,False,False
A140,EPITACIOLANDIA,AC,N,15,13,2009.0,2025.0,17,0.0432807696256658,True,True,False
A144,NOVO ARIPUANA,AM,N,7,4,2019.0,2025.0,7,0.0,True,False,False
A201,BELEM,PA,N,23,18,2008.0,2025.0,18,0.1683185732488342,True,True,True
A202,CASTANHAL,PA,N,23,15,2003.0,2025.0,23,1.914533704378214,True,True,True
A203,SAO LUIS,MA,NE,23,20,2003.0,2025.0,23,0.0690129366816504,True,True,True
A204,BALSAS,MA,NE,18,12,2007.0,2023.0,17,0.0371788514863071,True,True,False
A205,CAROLINA,MA,NE,19,14,2007.0,2025.0,19,0.0138902409301475,True,True,False
A206,CHAPADINHA,MA,NE,17,13,2008.0,2025.0,18,0.0308218907014441,True,True,False
A207,GRAJAU,MA,NE,18,13,2008.0,2024.0,17,1.0076288044647568,True,True,False
A209,MEDICILANDIA,PA,N,18,11,2008.0,2023.0,16,0.0308298003866075,True,True,False
A210,PACAJA,PA,N,17,7,2008.0,2025.0,18,0.0,True,False,False
A211,PLACAS,PA,N,17,12,2008.0,2024.0,17,3.802155121006431,True,True,False
A212,PARAGOMINAS,PA,N,19,14,2007.0,2024.0,18,20.821912943512057,False,False,False
A213,TOME ACU,PA,N,18,13,2008.0,2025.0,18,1.075315568134532,True,True,False
A214,RONDON DO PARA,PA,N,18,13,2008.0,2024.0,17,0.0307781975584113,True,True,False
A215,SALINOPOLIS,PA,N,18,12,2008.0,2024.0,17,0.0313457064140775,True,True,False
A216,SAO FELIX DO XINGU,PA,N,9,4,2016.0,2025.0,10,0.0113944650003204,True,False,False
A217,FAROL de SANTANA,MA,NE,12,8,2008.0,2018.0,11,0.0308635130645547,True,False,False
A218,PREGUICAS,MA,NE,17,12,2008.0,2024.0,17,0.0436595562651705,True,True,False
A219,TURIACU,MA,NE,17,14,2008.0,2025.0,18,0.0690603515377186,True,True,False
A220,BACABAL,MA,NE,18,13,2008.0,2025.0,18,0.0007767366888395,True,True,False
A221,BARRA DO CORDA,MA,NE,17,12,2008.0,2020.0,13,0.0,True,True,False
A222,COLINAS,MA,NE,18,14,2008.0,2024.0,17,0.0308888813379398,True,True,False
A223,ALTO PARNAIBA,MA,NE,18,14,2008.0,2024.0,17,0.0308877693873735,True,True,False
A224,ESTREITO,MA,NE,18,14,2008.0,2025.0,18,0.0,True,True,False
A225,IMPERATRIZ,MA,NE,18,15,2008.0,2023.0,16,0.0308877693871967,True,True,True
A226,BRAGANCA,PA,N,18,15,2008.0,2025.0,18,1.1737263411098746,True,True,True
A227,SOURE,PA,N,15,12,2008.0,2024.0,17,9.26625742742828,False,False,False
A228,BREVES,PA,N,5,3,2017.0,2019.0,3,0.009742247453732,True,False,False
A229,TUCURUI,PA,N,18,14,2008.0,2024.0,17,0.0052654028948017,True,True,False
A230,SERRA DOS CARAJAS,PA,N,15,8,2008.0,2018.0,11,0.0093945041161385,True,False,False
A231,ITAITUBA,PA,N,17,10,2009.0,2025.0,17,0.0617744268238272,True,True,False
A232,OBIDOS,PA,N,14,10,2012.0,2024.0,13,404.5297895094936,False,False,False
A233,SANTANA DO ARAGUAIA,PA,N,18,10,2008.0,2024.0,17,0.2162132737601645,True,True,False
A234,TUCUMA,PA,N,11,6,2017.0,2025.0,9,0.0572966500797983,True,False,False
A235,NOVO REPARTIMENTO,PA,N,17,12,2008.0,2021.0,14,1.1289019568887826,True,True,False
A236,CAMETA,PA,N,13,10,2008.0,2019.0,12,1.2483091948204317,True,True,False
A237,CAXIAS,MA,NE,17,11,2008.0,2024.0,17,0.0067071338215735,True,True,False
A238,BURITICUPU,MA,NE,17,13,2008.0,2025.0,18,0.0307988828012542,True,True,False
A239,MONTE ALEGRE,PA,N,13,6,2012.0,2025.0,14,0.041322334827939,True,False,False
A240,MARABA,PA,N,13,10,2009.0,2019.0,11,42.542963765158675,False,False,False
A241,CONCEICAO DO ARAGUAIA,PA,N,18,14,2008.0,2024.0,17,5.032019076110311,False,False,False
A242,OIAPOQUE,AP,N,16,9,2008.0,2025.0,18,0.0031256937053525,True,False,False
A244,PORTO GRANDE,AP,N,7,4,2020.0,2025.0,6,0.0436802988224529,True,False,False
A245,PORTO DE MOZ,PA,N,4,4,2022.0,2025.0,4,0.0,True,False,False
A246,MINA DO PALITO,PA,N,12,5,2012.0,2016.0,5,0.0728777337528381,True,False,False
A247,XINGUARA,PA,N,10,6,2016.0,2024.0,9,0.0375117779980484,True,False,False
A248,CAPITAO POCO,PA,N,15,8,2011.0,2020.0,10,0.0048692325634375,True,False,False
A249,MACAPA,AP,N,13,7,2014.0,2025.0,12,0.0332692584673843,True,False,False
A250,SANTAREM,PA,N,10,7,2015.0,2024.0,10,0.0228806116596361,True,False,False
A251,ITAUBAL,AP,N,6,1,2017.0,2017.0,1,0.0110946195766173,True,False,False
A252,DOM ELISEU,PA,N,8,7,2018.0,2025.0,8,0.0092168951446254,True,False,False
A253,ALTAMIRA,PA,N,7,5,2018.0,2025.0,8,0.0308877693872409,True,False,False
A254,REDENCAO,PA,N,7,6,2019.0,2025.0,7,0.0,True,False,False
A255,ZE DOCA,MA,NE,7,5,2019.0,2025.0,7,0.0,True,False,False
A256,SANTA MARIA DAS BARREIRAS,PA,N,5,3,2021.0,2025.0,5,0.0,True,False,False
A301,RECIFE,PE,NE,18,16,2004.0,2021.0,18,0.0305827163166764,True,True,True
A302,ARQ.SAO PEDRO E SAO PAULO,RN,NE,0,0,,,0,3.7534562667419262,True,False,False
A303,MACEIO,AL,NE,22,19,2003.0,2025.0,23,0.0110630591144965,True,True,True
A304,NATAL,RN,NE,23,15,2007.0,2025.0,19,7.037220622176299,False,False,False
A305,FORTALEZA,CE,NE,23,15,2004.0,2023.0,20,1.8370779499076888,True,True,True
A306,SOBRAL,CE,NE,22,13,2003.0,2023.0,21,1.8226245690124117,True,True,False
A307,PETROLINA,PE,NE,22,17,2003.0,2021.0,19,3.7179319584217754,True,True,True
A308,PARNAIBA,PI,NE,22,15,2004.0,2023.0,20,0.0436510150520628,True,True,True
A309,ARCO VERDE,PE,NE,22,19,2005.0,2025.0,21,3.5770653217145747,True,True,True
A310,AREIA,PB,NE,22,19,2005.0,2024.0,20,3.656751876229205,True,True,True
A311,FLORIANO,PI,NE,21,14,2004.0,2023.0,20,1.5849355023441047,True,True,False
A312,TERESINA,PI,NE,20,14,2008.0,2023.0,16,4.398398288341996,True,True,False
A313,CAMPINA GRANDE,PB,NE,20,15,2008.0,2025.0,18,2.57581760023346,True,True,True
A314,GUARAMIRANGA,CE,NE,18,11,2007.0,2018.0,12,84.50510577067672,False,False,False
A315,BARBALHA,CE,NE,17,13,2007.0,2020.0,14,3.876123809556372,True,True,False
A316,CAICO,RN,NE,19,13,2007.0,2025.0,19,0.9665430202892098,True,True,False
A317,MACAU,RN,NE,18,13,2007.0,2024.0,18,0.0,True,True,False
A318,MOSSORO,RN,NE,18,14,2007.0,2025.0,19,0.0308877693871967,True,True,False
A319,IGUATU,CE,NE,19,13,2007.0,2023.0,17,0.1565536070501996,True,True,False
A320,JOAO PESSOA,PB,NE,19,14,2007.0,2024.0,18,0.0689596048787868,True,True,False
A321,PATOS,PB,NE,19,14,2007.0,2025.0,19,0.0306522692972083,True,True,False
A322,GARANHUNS,PE,NE,19,16,2008.0,2025.0,18,0.4691353693340703,True,True,True
A323,PAO DE ACUCAR,AL,NE,17,15,2007.0,2024.0,18,2.624589318282305,True,True,True
A324,TAUA,CE,NE,16,13,2007.0,2019.0,13,0.0976209684998051,True,True,False
A325,QUIXERAMOBIM,CE,NE,19,12,2007.0,2019.0,13,0.2933853060771133,True,True,False
A326,BOM JESUS DO PIAUI,PI,NE,19,16,2007.0,2024.0,18,1.275074052221295,True,True,True
A327,PALMEIRA DOS INDIOS,AL,NE,19,15,2007.0,2024.0,18,0.0308866574364536,True,True,True
A328,SURUBIM,PE,NE,18,13,2008.0,2023.0,16,0.8913571828600324,True,True,False
A329,CABROBO,PE,NE,19,18,2007.0,2025.0,19,0.1855621010246442,True,True,True
A330,PAULISTANA,PI,NE,19,17,2007.0,2025.0,19,9.050015201446447,False,False,False
A331,SAO JOAO DO PIAUI,PI,NE,18,15,2007.0,2024.0,18,0.1859375648413552,True,True,True
A332,MORADA NOVA,CE,NE,19,18,2007.0,2025.0,19,5.118562333573931,False,False,False
A333,SAO GONCALO,PB,NE,19,16,2008.0,2025.0,18,12.800569415575085,False,False,False
A334,MONTEIRO,PB,NE,19,15,2007.0,2023.0,17,1.0943079849683188,True,True,True
A335,PIRIPIRI,PI,NE,19,14,2008.0,2024.0,17,2.2760241265283856,True,True,False
A336,ALVORADA DO GURGUEIA,PI,NE,19,13,2008.0,2024.0,17,7.435704100918986,False,False,False
A337,CARACOL,PI,NE,17,14,2008.0,2021.0,14,0.0308866574362768,True,True,False
A338,ESPERANTINA,PI,NE,11,10,2007.0,2017.0,11,0.0,True,True,False
A339,JAGUARUANA,CE,NE,19,14,2007.0,2024.0,18,8.729130749793704,False,False,False
A340,APODI,RN,NE,18,13,2008.0,2023.0,16,0.0308877693871967,True,True,False
A341,CARUARU,PE,NE,19,13,2008.0,2025.0,18,15.104790953245802,False,False,False
A342,CRATEUS,CE,NE,18,14,2009.0,2024.0,16,0.253723586930601,True,True,False
A343,PICOS,PI,NE,18,11,2008.0,2019.0,12,0.0308877693872851,True,True,False
A344,CALCANHAR,RN,NE,15,6,2009.0,2016.0,8,3.7043385117608185,True,False,False
A345,SAO RAIMUNDO NONATO,PI,NE,18,12,2008.0,2023.0,16,0.0683832308764542,True,True,False
A346,URUCUI,PI,NE,18,15,2008.0,2024.0,17,3.706628833363251,True,True,True
A347,CAMPOS SALES,CE,NE,15,13,2008.0,2023.0,16,0.0551908661770048,True,True,False
A348,CABACEIRAS,PB,NE,18,15,2008.0,2023.0,16,0.0166878823151213,True,True,True
A349,IBIMIRIM,PE,NE,18,17,2008.0,2025.0,18,0.0305477409303883,True,True,True
A350,SERRA TALHADA,PE,NE,17,13,2009.0,2023.0,15,0.0839783956274399,True,True,False
A351,FLORESTA,PE,NE,18,14,2008.0,2024.0,17,0.5876573153432179,True,True,False
A352,CAMARATUBA,PB,NE,17,15,2008.0,2025.0,18,0.1379528268410425,True,True,True
A353,ARAPIRACA,AL,NE,18,12,2008.0,2024.0,17,0.04336409081914,True,True,False
A354,OEIRAS,PI,NE,17,15,2008.0,2025.0,18,0.0130061480065851,True,True,True
A355,CORURIPE,AL,NE,17,15,2008.0,2025.0,18,1.8532517078756807,True,True,True
A356,SAO LUIS DO QUITUNDE,AL,NE,17,12,2008.0,2023.0,16,0.0053374289216466,True,True,False
A357,PALMARES,PE,NE,18,14,2008.0,2025.0,18,0.0308877693873735,True,True,False
A358,JAGUARIBE,CE,NE,17,12,2009.0,2023.0,15,0.0308877693872851,True,True,False
A359,ITAPIPOCA,CE,NE,15,12,2008.0,2023.0,16,0.0621612495910439,True,True,False
A360,ACARAU,CE,NE,15,10,2009.0,2023.0,15,0.04615465858037,True,True,False
A361,CASTELO DO PIAUI,PI,NE,15,11,2009.0,2024.0,16,0.0089098155055468,True,True,False
A362,SAO PEDRO DO PIAUI,PI,NE,10,9,2009.0,2018.0,10,0.0,True,False,False
A363,VALENCA DO PIAUI,PI,NE,16,14,2009.0,2025.0,17,2.8901262907225593,True,True,False
A364,GILBUES,PI,NE,17,11,2009.0,2024.0,16,0.0867182707983081,True,True,False
A365,CANTO DO BURITI,PI,NE,16,14,2010.0,2024.0,15,106.44205033655231,False,False,False
A366,OURICURI,PE,NE,16,11,2010.0,2025.0,16,0.2212771698986134,True,True,False
A367,SANTA CRUZ,RN,NE,14,11,2010.0,2023.0,14,0.0435524041538118,True,True,False
A368,TIANGUA,CE,NE,7,4,2018.0,2023.0,6,0.0091955607952218,True,False,False
A369,QUIXADA,CE,NE,6,4,2018.0,2024.0,7,0.0125493867214844,True,False,False
A370,SALGUEIRO,PE,NE,9,5,2018.0,2025.0,8,5.123469494945768e-05,True,False,False
A371,PIRANHAS,AL,NE,9,6,2017.0,2025.0,9,0.0127260120685853,True,False,False
A372,IPANGUACU,RN,NE,9,4,2017.0,2025.0,9,0.0178787306030276,True,False,False
A373,ITAPORANGA,PB,NE,6,3,2017.0,2019.0,3,0.0308877693871967,True,False,False
A374,CORRENTE,PI,NE,8,6,2018.0,2025.0,8,0.0,True,False,False
A375,BAIXA GRANDE DO RIBEIRO,PI,NE,8,4,2018.0,2025.0,8,0.4414617329194043,True,False,False
A376,CAMPO MAIOR,PI,NE,7,1,2023.0,2023.0,1,0.0,True,False,False
A377,ANGICAL DO PIAUI,PI,NE,4,2,2019.0,2020.0,2,0.0,True,False,False
A401,SALVADOR,BA,NE,26,22,2001.0,2025.0,25,1.7128560530155543,True,True,True
A402,BARREIRAS,BA,NE,24,18,2007.0,2025.0,19,3.029650583876989,True,True,True
A404,LUIZ EDUARDO MAGALHAES,BA,NE,24,19,2002.0,2025.0,24,0.0308877693871967,True,True,True
A405,CARAVELAS,BA,NE,23,15,2002.0,2025.0,24,1.0907058639320626,True,True,True
A406,CRUZ DAS ALMAS,BA,NE,23,15,2004.0,2025.0,22,7.157930775331779,False,False,False
A407,ITIRUCU,BA,NE,23,17,2003.0,2022.0,20,0.0617744268238272,True,True,True
A408,ITABERABA,BA,NE,23,22,2003.0,2025.0,23,0.8345080810445551,True,True,True
A409,ARACAJU,SE,NE,22,16,2003.0,2023.0,21,0.544497767517889,True,True,True
A410,ILHEUS,BA,NE,23,16,2003.0,2024.0,22,0.0795231410288498,True,True,True
A412,MACAJUBA,BA,NE,21,16,2003.0,2020.0,18,18.653128063246083,False,False,False
A413,FEIRA DE SANTANA,BA,NE,18,13,2007.0,2022.0,16,0.0444021701915749,True,True,False
A414,VITORIA DA CONQUISTA,BA,NE,19,17,2007.0,2025.0,19,0.035801303375294,True,True,True
A415,SANTA RITA DE CASSIA,BA,NE,18,11,2007.0,2019.0,13,2.2315389790023836,True,True,False
A416,CORRENTINA,BA,NE,19,14,2007.0,2025.0,19,0.0430972823095975,True,True,False
A417,ITABAIANINHA,SE,NE,19,15,2007.0,2025.0,19,0.0302929913765586,True,True,True
A418,BOM JESUS DA LAPA,BA,NE,18,13,2008.0,2023.0,16,30.195259461655365,False,False,False
A419,POCO VERDE,SE,NE,16,13,2008.0,2023.0,16,0.0866023194875861,True,True,False
A420,CARIRA,SE,NE,14,11,2008.0,2020.0,13,0.0433238092434037,True,True,False
A421,BREJO GRANDE,SE,NE,18,12,2008.0,2025.0,18,0.6177498279912804,True,True,False
A422,ABROLHOS,BA,NE,13,7,2008.0,2020.0,13,0.7738549032089217,True,False,False
A423,REMANSO,BA,NE,18,14,2008.0,2023.0,16,3.787797140517616,True,True,False
A424,IRECE,BA,NE,18,17,2008.0,2025.0,18,0.0137620148531174,True,True,True
A425,LENCOIS,BA,NE,18,15,2008.0,2024.0,17,0.0707971586471331,True,True,True
A426,GUANAMBI,BA,NE,18,14,2008.0,2025.0,18,0.0299418608740429,True,True,False
A427,PORTO SEGURO,BA,NE,16,13,2008.0,2023.0,16,0.0308877693873735,True,True,False
A428,SENHOR DO BONFIM,BA,NE,18,16,2008.0,2025.0,18,0.0099383004819412,True,True,True
A429,BARRA,BA,NE,18,15,2008.0,2025.0,18,0.0303115260698934,True,True,True
A430,PIATA,BA,NE,17,17,2008.0,2024.0,17,0.0308877693871967,True,True,True
A431,CONDE,BA,NE,18,12,2008.0,2024.0,17,27.776359294507728,False,False,False
A432,BURITIRAMA,BA,NE,16,10,2009.0,2019.0,11,0.0176489228227048,True,True,False
A433,BRUMADO,BA,NE,18,18,2008.0,2025.0,18,0.0308866574366304,True,True,True
A434,AMARGOSA,BA,NE,18,16,2008.0,2025.0,18,0.0073544875542345,True,True,True
A435,UAUA,BA,NE,14,13,2008.0,2020.0,13,0.0082923990953854,True,True,False
A436,QUEIMADAS,BA,NE,18,14,2008.0,2023.0,16,0.011107988144967,True,True,False
A437,UNA,BA,NE,18,14,2008.0,2024.0,17,0.0429167451079116,True,True,False
A438,MARAU,BA,NE,17,13,2008.0,2022.0,15,0.0313823821194575,True,True,False
A439,IBOTIRAMA,BA,NE,18,16,2008.0,2025.0,18,0.1177963005791662,True,True,True
A440,JACOBINA,BA,NE,16,11,2008.0,2019.0,12,0.0,True,True,False
A441,SERRINHA,BA,NE,17,13,2008.0,2023.0,16,0.0308877693871967,True,True,False
A442,EUCLIDES DA CUNHA,BA,NE,18,15,2008.0,2025.0,18,0.0068466114806197,True,True,True
A443,DELFINO,BA,NE,16,14,2008.0,2025.0,18,0.0303749623539192,True,True,False
A444,VALENCA,BA,NE,16,13,2009.0,2023.0,15,0.0003815045637121,True,True,False
A445,IPIAU,BA,NE,15,12,2009.0,2020.0,12,0.0094407257869681,True,True,False
A446,ITAPETINGA,BA,NE,16,14,2009.0,2024.0,16,0.0160450153813214,True,True,False
A447,BELMONTE,BA,NE,17,14,2009.0,2025.0,17,0.0296781099771924,True,True,False
A448,CURACA,BA,NE,11,8,2015.0,2025.0,11,0.030506274296401,True,False,False
A449,PILAO ARCADO,BA,NE,6,2,2019.0,2020.0,2,3.4517510025420823,True,False,False
A450,JEREMOABO,BA,NE,10,8,2015.0,2024.0,10,0.0,True,False,False
A451,ITABAIANA,SE,NE,5,3,2017.0,2019.0,3,0.0,True,False,False
A452,FORMOSA DO RIO PRETO,BA,NE,10,4,2016.0,2022.0,7,0.0095497301311397,True,False,False
A453,NOSSA SENHORA DA GLORIA,SE,NE,9,7,2017.0,2024.0,8,0.0,True,False,False
A454,MACAUBAS,BA,NE,3,2,2017.0,2018.0,2,0.0,True,False,False
A455,ITAMARAJU,BA,NE,8,4,2016.0,2019.0,4,47.78914398280842,False,False,False
A456,SALVADOR (RADIO FAROL),BA,NE,8,7,2018.0,2025.0,8,0.0,True,False,False
A458,RIBEIRA DO AMPARO,BA,NE,8,7,2018.0,2025.0,8,0.0,True,False,False
A502,BARBACENA,MG,SE,23,20,2005.0,2025.0,21,0.1061929278902358,True,True,True
A505,ARAXA,MG,SE,24,22,2002.0,2024.0,23,0.0424338321828582,True,True,True
A506,MONTES CLAROS,MG,SE,24,22,2002.0,2025.0,24,4.16412602006024,True,True,True
A507,UBERLANDIA,MG,SE,23,20,2006.0,2025.0,20,0.0308877693870199,True,True,True
A508,ALMENARA,MG,SE,24,21,2002.0,2025.0,24,0.012050893115197,True,True,True
A509,MONTE VERDE,MG,SE,22,22,2004.0,2025.0,22,0.0308877693873735,True,True,True
A510,VICOSA,MG,SE,21,20,2006.0,2025.0,20,0.0308866574364536,True,True,True
A511,TIMOTEO,MG,SE,20,19,2006.0,2025.0,20,0.0424385097613888,True,True,True
A512,ITUIUTABA,MG,SE,20,18,2006.0,2025.0,20,0.0162431728046073,True,True,True
A513,OURO BRANCO,MG,SE,20,17,2006.0,2025.0,20,1.838019623076396,True,True,True
A514,SAO JOAO DEL REI,MG,SE,20,19,2006.0,2025.0,20,76.72132509665889,False,False,False
A515,VARGINHA,MG,SE,20,18,2006.0,2024.0,19,0.0,True,True,True
A516,PASSOS,MG,SE,20,20,2006.0,2025.0,20,0.0308877693873735,True,True,True
A517,MURIAE,MG,SE,20,19,2006.0,2025.0,20,0.0308877693873735,True,True,True
A518,JUIZ DE FORA,MG,SE,19,19,2007.0,2025.0,19,0.0286848582270454,True,True,True
A519,CAMPINA VERDE,MG,SE,20,19,2006.0,2025.0,20,0.0094399675740378,True,True,True
A520,CONCEICAO DAS ALAGOAS,MG,SE,20,19,2006.0,2025.0,20,0.0290276201399659,True,True,True
A521,PAMPULHA,MG,SE,20,20,2006.0,2025.0,20,0.0308877693873735,True,True,True
A522,SERRA DOS AIMORES,MG,SE,20,20,2006.0,2025.0,20,0.0426500524585968,True,True,True
A523,PATROCINIO,MG,SE,20,16,2006.0,2023.0,18,0.0345130155212246,True,True,True
A524,FORMIGA,MG,SE,20,20,2006.0,2025.0,20,0.0308877693870199,True,True,True
A525,SACRAMENTO,MG,SE,20,19,2006.0,2025.0,20,0.0068033847286861,True,True,True
A526,MONTALVANIA,MG,SE,19,17,2007.0,2025.0,19,86.14185448126315,False,False,False
A527,TEOFILO OTONI,MG,SE,20,15,2006.0,2024.0,19,0.8116371819100219,True,True,True
A528,TRES MARIAS,MG,SE,20,18,2006.0,2025.0,20,0.0354000823634706,True,True,True
A529,PASSA QUATRO,MG,SE,19,15,2009.0,2024.0,16,0.0427211648584315,True,True,True
A530,CALDAS,MG,SE,20,19,2006.0,2024.0,19,0.0062511693439806,True,True,True
A531,MARIA DA FE,MG,SE,20,19,2006.0,2025.0,20,0.0310513293977534,True,True,True
A532,GOVERNADOR VALADARES,MG,SE,19,18,2007.0,2025.0,19,0.0368079610753347,True,True,True
A533,GUANHAES,MG,SE,19,18,2007.0,2024.0,18,0.0308877693870199,True,True,True
A534,AIMORES,MG,SE,19,14,2007.0,2024.0,18,0.0035579620403185,True,True,False
A535,FLORESTAL,MG,SE,18,17,2008.0,2025.0,18,0.0148315189068965,True,True,True
A536,DORES DO INDAIA,MG,SE,19,19,2007.0,2025.0,19,0.0308866574368073,True,True,True
A537,DIAMANTINA,MG,SE,19,19,2007.0,2025.0,19,0.0234815018045311,True,True,True
A538,CURVELO,MG,SE,20,18,2006.0,2025.0,20,1.86076628032482,True,True,True
A539,MOCAMBINHO,MG,SE,19,18,2007.0,2025.0,19,0.0160375425679121,True,True,True
A540,MANTENA,MG,SE,19,19,2007.0,2025.0,19,0.0802996764821041,True,True,True
A541,CAPELINHA,MG,SE,19,16,2007.0,2025.0,19,0.0308877693873735,True,True,True
A542,UNAI,MG,SE,19,18,2007.0,2025.0,19,0.0308877693873735,True,True,True
A543,ESPINOSA,MG,SE,17,15,2007.0,2025.0,19,2.283887876748237,True,True,True
A544,BURITIS,MG,SE,19,16,2007.0,2025.0,19,0.0108062736863354,True,True,True
A545,PIRAPORA,MG,SE,19,19,2007.0,2025.0,19,0.031827403687081,True,True,True
A546,GUARDA-MOR,MG,SE,19,15,2007.0,2025.0,19,0.0426761135510521,True,True,True
A547,SAO ROMAO,MG,SE,19,16,2007.0,2024.0,18,0.0308866574364536,True,True,True
A548,CHAPADA GAUCHA,MG,SE,19,15,2007.0,2023.0,17,1.0973370981661374,True,True,True
A549,AGUAS VERMELHAS,MG,SE,19,18,2007.0,2025.0,19,0.0961292575564982,True,True,True
A550,ITAOBIM,MG,SE,19,17,2007.0,2024.0,18,0.0353091716192577,True,True,True
A551,RIO PARDO DE MINAS,MG,SE,19,19,2007.0,2025.0,19,0.0670072088517033,True,True,True
A552,SALINAS,MG,SE,19,17,2007.0,2025.0,19,0.0056166112420941,True,True,True
A553,JOAO PINHEIRO,MG,SE,19,18,2007.0,2025.0,19,0.0426493961566044,True,True,True
A554,CARATINGA,MG,SE,19,18,2007.0,2025.0,19,1.7233161978577531,True,True,True
A555,IBIRITE (ROLA MOCA),MG,SE,18,18,2008.0,2025.0,18,0.0410714363282815,True,True,True
A556,MANHUACU,MG,SE,16,14,2010.0,2025.0,16,0.0308877693873735,True,True,False
A557,CORONEL PACHECO,MG,SE,14,13,2012.0,2025.0,14,0.0188542378050039,True,True,False
A559,JANUARIA,MG,SE,10,9,2016.0,2025.0,10,0.0089428509354845,True,False,False
A560,POMPEU,MG,SE,5,4,2022.0,2025.0,4,0.0,True,False,False
A561,SAO SEBASTIAO DO PARAISO,MG,SE,11,8,2015.0,2024.0,10,0.0153693029980421,True,False,False
A562,PATOS DE MINAS,MG,SE,9,8,2017.0,2025.0,9,0.0137035475108444,True,False,False
A563,JANAUBA,MG,SE,10,8,2016.0,2025.0,10,0.0,True,False,False
A564,DIVINOPOLIS,MG,SE,9,8,2017.0,2024.0,8,0.0423632508598072,True,False,False
A565,BAMBUI,MG,SE,10,8,2016.0,2025.0,10,0.0290182237142913,True,False,False
A566,ARACUAI,MG,SE,9,9,2017.0,2025.0,9,319.26220437037983,False,False,False
A567,MACHADO,MG,SE,9,9,2017.0,2025.0,9,0.0136395373164705,True,False,False
A568,UBERABA,MG,SE,9,9,2017.0,2025.0,9,0.0290781073730519,True,False,False
A569,SETE LAGOAS,MG,SE,10,9,2016.0,2025.0,10,0.0308866574364536,True,False,False
A570,OLIVEIRA,MG,SE,9,8,2018.0,2025.0,8,0.0308877693873735,True,False,False
A571,PARACATU,MG,SE,8,8,2018.0,2025.0,8,0.0308877693870199,True,False,False
A572,BELO HORIZONTE - SANTO AGOSTINHO,MG,SE,1,1,2025.0,2025.0,1,0.0,True,False,False
A601,ECOLOGIA AGRICOLA,RJ,SE,26,23,2000.0,2025.0,26,4.697063047300639,True,True,True
A602,MARAMBAIA,RJ,SE,24,21,2002.0,2024.0,23,0.4557929581143368,True,True,True
A603,XEREM,RJ,SE,24,18,2005.0,2025.0,21,0.0,True,True,True
A604,CAMBUCI,RJ,SE,24,17,2003.0,2025.0,23,2.4716348499994925,True,True,True
A606,ARRAIAL DO CABO,RJ,SE,20,20,2006.0,2025.0,20,1.0178616806468013,True,True,True
A607,CAMPOS,RJ,SE,20,20,2006.0,2025.0,20,0.6672998411384519,True,True,True
A608,MACAE,RJ,SE,20,20,2006.0,2025.0,20,0.9384457270177768,True,True,True
A609,RESENDE,RJ,SE,20,18,2006.0,2025.0,20,0.5455918980662726,True,True,True
A610,PICO DO COUTO,RJ,SE,20,13,2006.0,2025.0,20,1.8841383653123116,True,True,False
A611,VALENCA,RJ,SE,20,17,2006.0,2024.0,19,1.0056101914672944,True,True,True
A612,VITORIA,ES,SE,20,18,2006.0,2025.0,20,0.8019452090004253,True,True,True
A613,SANTA TERESA,ES,SE,19,19,2007.0,2025.0,19,0.0146513304914665,True,True,True
A614,LINHARES,ES,SE,20,20,2006.0,2025.0,20,0.0084124142555212,True,True,True
A615,ALFREDO CHAVES,ES,SE,19,16,2006.0,2024.0,19,0.0578117663279438,True,True,True
A616,SAO MATEUS,ES,SE,20,20,2006.0,2025.0,20,4.519637165751977,True,True,True
A617,ALEGRE,ES,SE,20,19,2006.0,2025.0,20,0.0,True,True,True
A618,TERESOPOLIS,RJ,SE,20,20,2006.0,2025.0,20,0.0420587065618442,True,True,True
A619,PARATI,RJ,SE,20,18,2007.0,2025.0,19,0.0419488680701706,True,True,True
A620,SAO TOME,RJ,SE,18,16,2008.0,2025.0,18,0.0286302190132461,True,True,True
A621,VILA MILITAR,RJ,SE,19,19,2007.0,2025.0,19,0.0680152868755843,True,True,True
A622,PRES. KENNEDY,ES,SE,18,13,2008.0,2025.0,18,0.0653884929675768,True,True,False
A623,NOVA VENECIA,ES,SE,15,13,2008.0,2022.0,15,1.7847260581513305,True,True,False
A624,NOVA FRIBURGO,RJ,SE,16,16,2010.0,2025.0,16,0.1875148767805862,True,True,True
A625,TRES RIOS,RJ,SE,10,10,2016.0,2025.0,10,0.0286187407023602,True,True,False
A626,RIO CLARO,RJ,SE,10,10,2016.0,2025.0,10,0.0092040562119585,True,True,False
A627,NITEROI,RJ,SE,8,8,2018.0,2025.0,8,0.0168213551048749,True,False,False
A628,ANGRA DOS REIS,RJ,SE,9,6,2017.0,2025.0,9,0.0308877693873735,True,False,False
A629,CARMO,RJ,SE,8,6,2018.0,2023.0,6,0.00913542768668,True,False,False
A630,SANTA MARIA MADALENA,RJ,SE,8,7,2018.0,2025.0,8,0.0286486156171059,True,False,False
A631,ECOPORANGA,ES,SE,9,5,2017.0,2023.0,7,0.0308877693873735,True,False,False
A632,MARILANDIA,ES,SE,9,7,2017.0,2025.0,9,0.0117142349394945,True,False,False
A633,VENDA NOVA DO IMIGRANTE,ES,SE,9,8,2017.0,2025.0,9,14.826010327153748,False,False,False
A634,VILA VELHA,ES,SE,9,8,2017.0,2025.0,9,0.0289379504664289,True,False,False
A635,ITATIAIA,RJ,SE,5,5,2017.0,2021.0,5,0.0083710112470872,True,False,False
A636,RIO DE JANEIRO - JACAREPAGUA,RJ,SE,9,9,2017.0,2025.0,9,0.0308877693873735,True,False,False
A637,Paty do Alferes - Avelar,RJ,SE,4,4,2022.0,2025.0,4,0.0,True,False,False
A652,FORTE DE COPACABANA,RJ,SE,19,18,2007.0,2025.0,19,0.028434798516772,True,True,True
A657,AFONSO CLAUDIO,ES,SE,15,14,2011.0,2025.0,15,0.0,True,True,False
A659,SILVA JARDIM,RJ,SE,11,11,2015.0,2025.0,11,0.0285063998209293,True,True,False
A667,SAQUAREMA - SAMPAIO CORREIA,RJ,SE,11,10,2015.0,2025.0,11,0.0284594188955756,True,True,False
A701,SAO PAULO - MIRANTE,SP,SE,20,20,2006.0,2025.0,20,1.4909814907111756,True,True,True
A702,CAMPO GRANDE,MS,CO,25,23,2001.0,2025.0,25,12.778846895826575,False,False,False
A703,PONTA PORA,MS,CO,24,22,2001.0,2025.0,25,0.009376544263082,True,True,True
A704,TRES LAGOAS,MS,CO,25,18,2001.0,2025.0,25,0.7413364883189286,True,True,True
A705,BAURU,SP,SE,25,21,2001.0,2025.0,25,0.0012838812990109,True,True,True
A706,CAMPOS DO JORDAO,SP,SE,23,17,2007.0,2025.0,19,0.0075133204713646,True,True,True
A707,PRESIDENTE PRUDENTE,SP,SE,23,21,2005.0,2025.0,21,0.8898277258167326,True,True,True
A708,FRANCA,SP,SE,24,19,2002.0,2023.0,22,0.5585348837112163,True,True,True
A709,IVINHEMA,MS,CO,21,15,2006.0,2025.0,20,0.8249152422990869,True,True,True
A710,PARANAIBA,MS,CO,20,13,2006.0,2025.0,20,0.0478669407554895,True,True,False
A711,SAO CARLOS,SP,SE,20,18,2008.0,2025.0,18,0.0930967055907842,True,True,True
A712,IGUAPE,SP,SE,20,16,2006.0,2025.0,20,5.022329499117271,False,False,False
A713,SOROCABA,SP,SE,20,17,2006.0,2024.0,19,11.838608482795609,False,False,False
A714,ITAPEVA,SP,SE,20,19,2006.0,2025.0,20,0.0836771740725405,True,True,True
A715,SAO MIGUEL ARCANJO,SP,SE,20,12,2006.0,2025.0,20,17.368885594999654,False,False,False
A716,OURINHOS,SP,SE,18,15,2006.0,2025.0,20,7.774573394647529,False,False,False
A717,NHUMIRIM,MS,CO,19,12,2006.0,2025.0,20,0.0425092678581039,True,True,False
A718,RANCHARIA,SP,SE,20,14,2006.0,2025.0,20,0.0669647538007289,True,True,False
A719,AQUIDAUANA,MS,CO,20,14,2006.0,2025.0,20,0.0,True,True,False
A720,COXIM,MS,CO,20,17,2006.0,2025.0,20,0.0292884565921721,True,True,True
A721,DOURADOS,MS,CO,20,16,2006.0,2025.0,20,0.0049134164770102,True,True,True
A722,MIRANDA,MS,CO,20,13,2006.0,2025.0,20,2.07154877807186,True,True,False
A723,PORTO MURTINHO,MS,CO,20,15,2006.0,2025.0,20,0.0126025421820552,True,True,True
A724,CORUMBA,MS,CO,20,13,2006.0,2025.0,20,0.0003713930565587,True,True,False
A725,AVARE,SP,SE,20,13,2006.0,2024.0,19,0.5033746133136823,True,True,False
A726,PIRACICABA,SP,SE,19,16,2006.0,2024.0,19,0.0476529117013414,True,True,True
A727,LINS,SP,SE,20,17,2006.0,2024.0,19,0.1110105961086904,True,True,True
A728,TAUBATE,SP,SE,20,17,2006.0,2025.0,20,0.0653169615429502,True,True,True
A729,VOTUPORANGA,SP,SE,16,14,2006.0,2021.0,16,0.042333838483257,True,True,False
A730,CHAPADAO DO SUL,MS,CO,20,14,2006.0,2023.0,18,0.0292384453331389,True,True,False
A731,MARACAJU,MS,CO,19,15,2006.0,2025.0,20,0.0293581460072909,True,True,True
A732,SAO GABRIEL DO OESTE,MS,CO,20,14,2007.0,2024.0,18,0.0057991861115111,True,True,False
A733,JALES,SP,SE,19,13,2007.0,2025.0,19,0.0142614155719118,True,True,False
A734,VALPARAISO,SP,SE,19,17,2007.0,2025.0,19,0.0128092569394227,True,True,True
A735,JOSE BONIFACIO,SP,SE,19,13,2008.0,2022.0,15,0.0288186184795342,True,True,False
A736,ARIRANHA,SP,SE,19,16,2007.0,2025.0,19,0.0288104336866639,True,True,True
A737,IBITINGA,SP,SE,19,14,2007.0,2023.0,17,13.73172716574877,False,False,False
A738,CASA BRANCA,SP,SE,18,16,2007.0,2025.0,19,0.4681825639862474,True,True,True
A739,ITAPIRA,SP,SE,17,15,2008.0,2025.0,18,0.0070475671038817,True,True,True
A740,SAO LUIS DO PARAITINGA,SP,SE,19,16,2007.0,2023.0,17,0.0283840197352462,True,True,True
A741,BARRA BONITA,SP,SE,18,15,2008.0,2025.0,18,11.150432350360065,False,False,False
A742,CASSILANDIA,MS,CO,18,14,2008.0,2025.0,18,0.0111220101088011,True,True,False
A743,RIO BRILHANTE,MS,CO,18,18,2008.0,2025.0,18,0.0308877693873735,True,True,True
A744,BRAGANCA PAULISTA,SP,SE,9,8,2017.0,2025.0,9,111.19819402231212,False,False,False
A746,BARRA DO TURVO,SP,SE,16,14,2008.0,2025.0,18,0.0308877693873735,True,True,False
A747,PRADOPOLIS,SP,SE,18,18,2008.0,2025.0,18,0.016433090980039,True,True,True
A748,BARRETOS,SP,SE,16,12,2010.0,2023.0,14,0.04231374251146,True,True,False
A749,JUTI,MS,CO,16,14,2008.0,2024.0,17,0.0081523052254331,True,True,False
A750,AMAMBAI,MS,CO,17,16,2008.0,2025.0,18,0.0,True,True,True
A751,SETE QUEDAS,MS,CO,18,15,2008.0,2025.0,18,0.0,True,True,True
A752,ITAQUIRAI,MS,CO,16,13,2011.0,2025.0,15,0.0283357765197232,True,True,False
A753,ITUVERAVA,SP,SE,18,15,2010.0,2025.0,16,0.042339438212266,True,True,True
A754,SIDROLANDIA,MS,CO,18,16,2008.0,2025.0,18,0.0,True,True,True
A755,BARUERI,SP,SE,15,15,2011.0,2025.0,15,0.0683090066409578,True,True,True
A756,AGUA CLARA,MS,CO,16,15,2010.0,2025.0,16,0.0289421895520081,True,True,True
A757,BELA VISTA,MS,CO,11,9,2011.0,2019.0,9,0.1263220833957708,True,False,False
A758,JARDIM,MS,CO,15,10,2011.0,2024.0,14,0.0915925745576081,True,True,False
A759,BATAGUASSU,MS,CO,12,10,2013.0,2025.0,13,0.1600935211280434,True,True,False
A760,COSTA RICA,MS,CO,14,12,2012.0,2024.0,13,19.04531000762305,False,False,False
A761,SONORA,MS,CO,13,13,2012.0,2025.0,14,21.79568672133029,False,False,False
A762,DRACENA,SP,SE,10,7,2016.0,2023.0,8,0.0093559456069696,True,False,False
A763,MARILIA,SP,SE,9,9,2017.0,2025.0,9,0.0129993635292447,True,False,False
A764,BEBDOURO,SP,SE,9,7,2016.0,2025.0,10,1.907833928995696,True,False,False
A765,BERTIOGA,SP,SE,9,7,2017.0,2025.0,9,0.0418591683146367,True,False,False
A766,REGISTRO,SP,SE,9,6,2017.0,2024.0,8,0.0096929607150481,True,False,False
A767,SAO SEBASTIAO,SP,SE,5,3,2017.0,2019.0,3,0.0127028329690204,True,False,False
A768,TUPA,SP,SE,9,9,2017.0,2025.0,9,0.004227699547604,True,False,False
A769,CACHOEIRA PAULISTA,SP,SE,8,7,2017.0,2024.0,8,0.0169231793763077,True,False,False
A770,SAO SIMAO,SP,SE,7,7,2019.0,2025.0,7,0.0,True,False,False
A771,SAO PAULO - INTERLAGOS,SP,SE,8,8,2018.0,2025.0,8,0.0615772334942779,True,False,False
A801,PORTO ALEGRE,RS,S,26,26,2000.0,2025.0,26,0.8731341190293443,True,True,True
A802,RIO GRANDE,RS,S,25,22,2001.0,2025.0,25,8.152257012951972,False,False,False
A803,SANTA MARIA,RS,S,25,25,2001.0,2025.0,25,2.472281743512315,True,True,True
A804,SANTANA DO LIVRAMENTO,RS,S,23,17,2001.0,2024.0,24,22.631809085923873,False,False,False
A805,SANTO AUGUSTO,RS,S,25,21,2001.0,2025.0,25,0.0308877693873735,True,True,True
A806,FLORIANOPOLIS,SC,S,23,19,2003.0,2023.0,21,0.010031635237006,True,True,True
A807,CURITIBA,PR,S,22,16,2007.0,2025.0,19,4.0042286881705875,True,True,True
A808,TORRES,RS,S,18,17,2006.0,2023.0,18,0.0269239690057973,True,True,True
A809,URUGUAIANA,RS,S,20,18,2006.0,2024.0,19,0.2981315074283595,True,True,True
A810,SANTA ROSA,RS,S,20,16,2006.0,2023.0,18,0.2931504509495591,True,True,True
A811,CANGUCU,RS,S,19,18,2007.0,2025.0,19,0.2845062400947044,True,True,True
A812,CACAPAVA DO SUL,RS,S,20,20,2006.0,2025.0,20,0.2830329097502026,True,True,True
A813,RIO PARDO,RS,S,20,19,2006.0,2025.0,20,0.1446601671535451,True,True,True
A814,URUSSANGA,SC,S,18,15,2008.0,2024.0,17,0.0271363358699928,True,True,True
A815,SAO JOAQUIM,SC,S,18,17,2008.0,2024.0,17,0.027201247158123,True,True,True
A816,NOVO HORIZONTE,SC,S,18,13,2009.0,2024.0,16,0.0676872669101993,True,True,False
A817,INDAIAL,SC,S,20,17,2006.0,2024.0,19,0.0550836401771114,True,True,True
A818,IVAI,PR,S,20,17,2006.0,2025.0,20,1.7624861772957332,True,True,True
A819,CASTRO,PR,S,19,15,2006.0,2020.0,15,4.826762416569122,True,True,True
A820,MAL. CANDIDO RONDON,PR,S,20,18,2006.0,2025.0,20,0.2854200472233945,True,True,True
A821,JOAQUIM TAVORA,PR,S,20,16,2006.0,2025.0,20,0.0013227312162659,True,True,True
A822,NOVA TEBAS,PR,S,18,14,2007.0,2025.0,19,0.9992712703858052,True,True,False
A823,INACIO MARTINS,PR,S,20,18,2006.0,2024.0,19,1.1755920248936929,True,True,True
A824,ICARAIMA,PR,S,17,11,2006.0,2018.0,13,0.1133978974042216,True,True,False
A825,GOIOERE,PR,S,7,3,2022.0,2024.0,3,3.396177087533794,True,False,False
A826,ALEGRETE,RS,S,20,19,2006.0,2025.0,20,0.2935648478101784,True,True,True
A827,BAGE,RS,S,19,18,2007.0,2025.0,19,0.0046985696161649,True,True,True
A828,ERECHIM,RS,S,20,18,2006.0,2025.0,20,0.2912567210972183,True,True,True
A829,SAO JOSE DOS AUSENTES,RS,S,20,16,2007.0,2023.0,17,0.3135879311227746,True,True,True
A830,SAO BORJA,RS,S,19,15,2007.0,2025.0,19,0.1021211122038479,True,True,True
A831,QUARAI,RS,S,19,18,2007.0,2025.0,19,0.0109242166272132,True,True,True
A832,SAO GABRIEL,RS,S,19,16,2008.0,2025.0,18,0.0090864729130327,True,True,True
A833,SANTIAGO,RS,S,17,15,2009.0,2025.0,17,0.0308877693873735,True,True,True
A834,TRAMANDAI,RS,S,18,15,2008.0,2023.0,16,0.08440509557691,True,True,True
A835,MARINGA,PR,S,20,17,2006.0,2024.0,19,1.6710027749319063,True,True,True
A836,JAGUARAO,RS,S,19,18,2007.0,2025.0,19,0.3132353517581089,True,True,True
A837,SOLEDADE,RS,S,18,16,2008.0,2025.0,18,1.6731680311793655,True,True,True
A838,CAMAQUA,RS,S,20,19,2006.0,2025.0,20,0.293032146563118,True,True,True
A839,PASSO FUNDO,RS,S,20,19,2006.0,2024.0,19,0.3100708571012267,True,True,True
A840,BENTO GONCALVES,RS,S,20,18,2006.0,2024.0,19,0.3135492504363105,True,True,True
A841,JOACABA,SC,S,17,15,2008.0,2023.0,16,1.6490542807025297,True,True,True
A842,NOVA FATIMA,PR,S,18,11,2007.0,2019.0,13,0.9273244458668212,True,True,False
A843,DOIS VIZINHOS,PR,S,19,14,2007.0,2025.0,19,0.5012050532971749,True,True,False
A844,LAGOA VERMELHA,RS,S,19,18,2007.0,2025.0,19,0.0823341797533892,True,True,True
A845,BOM JARDIM DA SERRA - MORRO DA IGREJA,SC,S,18,16,2007.0,2024.0,18,0.7940450521990303,True,True,True
A846,FOZ DO IGUACU,PR,S,18,13,2008.0,2024.0,17,0.0123169696635497,True,True,False
A847,ILHA DO MEL,PR,S,12,8,2007.0,2017.0,11,0.0,True,False,False
A848,DIONISIO CERQUEIRA,SC,S,18,14,2008.0,2024.0,17,0.0386551495470521,True,True,False
A849,DIAMANTE DO NORTE,PR,S,18,13,2008.0,2025.0,18,3.28010893010286,True,True,False
A850,PARANAPOEMA,PR,S,18,11,2008.0,2024.0,17,18.532513742905817,False,False,False
A851,ITAPOA,SC,S,19,15,2007.0,2024.0,18,0.0308877693870199,True,True,True
A852,SAO LUIZ GONZAGA,RS,S,19,16,2007.0,2025.0,19,0.0411344854910728,True,True,True
A853,CRUZ ALTA,RS,S,19,18,2007.0,2024.0,18,0.0308877693866662,True,True,True
A854,FREDERICO WESTPHALEN,RS,S,19,19,2007.0,2025.0,19,1.645410542419919,True,True,True
A855,PLANALTO,PR,S,19,15,2009.0,2025.0,17,0.0163209891814161,True,True,True
A856,PALMEIRA DAS MISSOES,RS,S,18,15,2008.0,2024.0,17,0.1891260847039295,True,True,True
A857,SAO MIGUEL DO OESTE,SC,S,17,13,2008.0,2022.0,15,1.4491765387583753,True,True,False
A858,XANXERE,SC,S,18,16,2008.0,2025.0,18,1.6796960902150666,True,True,True
A859,CACADOR,SC,S,17,16,2008.0,2023.0,16,0.0322654336360656,True,True,True
A860,CURITIBANOS,SC,S,18,17,2008.0,2025.0,18,0.0115858568253165,True,True,True
A861,RIO DO CAMPO,SC,S,18,10,2009.0,2025.0,17,0.0936120208449822,True,True,False
A862,RIO NEGRINHO,SC,S,18,17,2008.0,2025.0,18,0.6371567961705074,True,True,True
A863,ITUPORANGA,SC,S,18,17,2008.0,2025.0,18,0.0274180871463707,True,True,True
A864,MAJOR VIEIRA,SC,S,17,15,2009.0,2025.0,17,0.0135301379836293,True,True,True
A865,LAGES,SC,S,12,9,2014.0,2025.0,12,0.0097145670489835,True,False,False
A866,Laguna  - Farol de Santa Marta,SC,S,17,13,2008.0,2024.0,17,0.0308877693873735,True,True,False
A867,ARARANGUA,SC,S,18,17,2008.0,2025.0,18,0.0137815711868799,True,True,True
A868,ITAJAI,SC,S,16,15,2010.0,2025.0,16,0.013238561923921,True,True,True
A869,CIDADE GAUCHA,PR,S,18,14,2008.0,2025.0,18,1.8544388900154567,True,True,False
A870,RANCHO QUEIMADO,SC,S,10,8,2016.0,2025.0,10,0.0141450635842191,True,False,False
A871,JAPIRA,PR,S,18,16,2008.0,2025.0,18,0.0317758352291623,True,True,True
A872,VENTANIA,PR,S,14,10,2011.0,2025.0,15,5.895476300781698,False,False,False
A873,MORRETES,PR,S,18,17,2008.0,2025.0,18,0.4324254355694092,True,True,True
A874,SAO MATEUS DO SUL,PR,S,15,12,2011.0,2025.0,15,0.077326360658837,True,True,False
A875,GENERAL CARNEIRO,PR,S,18,16,2008.0,2025.0,18,0.08299961759677,True,True,True
A876,CLEVELANDIA,PR,S,18,17,2008.0,2025.0,18,0.0276624088765188,True,True,True
A878,MOSTARDAS,RS,S,16,12,2008.0,2023.0,16,0.100458792555285,True,True,False
A879,CANELA,RS,S,18,16,2008.0,2024.0,17,0.0269180806542921,True,True,True
A880,VACARIA,RS,S,18,18,2008.0,2025.0,18,0.0040156951971225,True,True,True
A881,DOM PEDRITO,RS,S,16,12,2010.0,2025.0,16,0.0085422032284453,True,True,False
A882,TEUTONIA,RS,S,14,13,2012.0,2024.0,13,0.1475651645041273,True,True,False
A883,IBIRUBA,RS,S,14,13,2012.0,2024.0,13,0.0151820420333164,True,True,False
A884,CAMPO BOM,RS,S,13,12,2013.0,2024.0,12,0.0168382709997691,True,True,False
A886,TUPANCIRETA,RS,S,10,10,2016.0,2025.0,10,89.45026404921933,False,False,False
A887,CAPAO DO LEAO (PELOTAS),RS,S,7,7,2019.0,2025.0,7,0.0,True,False,False
A889,SAO VICENTE DO SUL,RS,S,10,8,2016.0,2024.0,9,0.040913056127886,True,False,False
A893,ENCRUZILHADA DO SUL,RS,S,8,7,2018.0,2025.0,8,0.0,True,False,False
A894,SERAFINA CORREA,RS,S,10,9,2016.0,2025.0,10,0.0230775336234692,True,False,False
A895,CHAPECO,SC,S,7,6,2019.0,2024.0,6,96.73601488726676,False,False,False
A897,CAMBARA DO SUL,RS,S,10,10,2016.0,2025.0,10,0.0365606764418209,True,True,False
A898,CAMPOS NOVOS,SC,S,7,7,2019.0,2025.0,7,0.0,True,False,False
A899,Santa Vitoria do Palmar - Barra do Chui,RS,S,18,15,2008.0,2025.0,18,0.1038750922080034,True,True,True
A901,CUIABA,MT,CO,24,18,2003.0,2024.0,22,71.81020675158352,False,False,False
A902,TANGARA DA SERRA,MT,CO,22,16,2004.0,2025.0,22,1.6136999708941684,True,True,True
A903,S.J. DO RIO CLARO,MT,CO,23,14,2003.0,2025.0,23,1.2345185721150294,True,True,False
A904,SORRISO,MT,CO,23,17,2002.0,2025.0,24,0.8802165393899265,True,True,True
A905,CAMPO NOVO DOS PARECIS,MT,CO,23,14,2002.0,2020.0,19,0.6341379998079806,True,True,False
A906,GUARANTA DO NORTE,MT,CO,22,14,2003.0,2024.0,22,1.6062247680342705,True,True,False
A907,RONDONOPOLIS,MT,CO,23,18,2003.0,2025.0,23,2.0096650125940627,True,True,True
A908,AGUA BOA,MT,CO,20,13,2006.0,2025.0,20,0.0674265948678319,True,True,False
A909,ALTO ARAGUAIA,MT,CO,15,13,2011.0,2025.0,15,0.0294830395395859,True,True,False
A910,APIACAS,MT,CO,19,10,2006.0,2023.0,18,0.0617744268236504,True,True,False
A911,SAPEZAL,MT,CO,8,5,2017.0,2025.0,9,356.8779305719894,False,False,False
A912,CAMPO VERDE,MT,CO,20,17,2006.0,2025.0,20,5.85564599918187,False,False,False
A913,COMODORO,MT,CO,19,13,2006.0,2023.0,18,0.0686777087063302,True,True,False
A914,JUARA,MT,CO,17,10,2006.0,2023.0,18,0.013608613075342,True,True,False
A915,PARANATINGA,MT,CO,18,10,2006.0,2024.0,19,0.0897424341404657,True,True,False
A916,QUERENCIA,MT,CO,17,11,2007.0,2024.0,18,4.292164706680202,True,True,False
A917,SINOP,MT,CO,19,11,2006.0,2024.0,19,0.0302147886660431,True,True,False
A919,COTRIGUACU,MT,CO,18,14,2007.0,2025.0,19,0.0433566968717439,True,True,False
A920,JUINA,MT,CO,20,13,2009.0,2024.0,16,4.639107414040749,True,True,False
A921,SAO FELIX  DO ARAGUAIA,MT,CO,16,6,2009.0,2020.0,12,0.0171759027248682,True,False,False
A922,VILA BELA DA SANTISSIMA TRINDADE,MT,CO,19,13,2006.0,2023.0,18,0.0298254432825368,True,True,False
A923,PRIMAVERA DO LESTE,MT,CO,8,4,2017.0,2023.0,7,0.0,True,False,False
A924,ALTA FLORESTA,MT,CO,17,9,2008.0,2024.0,17,26.77676480067433,False,False,False
A925,PORTO VELHO,RO,N,17,9,2007.0,2024.0,18,40.896726421473595,False,False,False
A926,CARLINDA,MT,CO,17,13,2008.0,2020.0,13,5.593495419580957,False,False,False
A927,BRASNORTE (MUNDO NOVO),MT,CO,17,9,2008.0,2023.0,16,42.430911202056386,False,False,False
A928,NOVA MARINGA,MT,CO,17,14,2008.0,2024.0,17,7.542045248854603,False,False,False
A929,NOVA UBIRATA,MT,CO,17,10,2008.0,2023.0,16,37.719050918575505,False,False,False
A930,GAUCHA DO NORTE,MT,CO,18,10,2009.0,2023.0,15,0.0208591309031251,True,True,False
A931,SANTO ANTONIO DO LESTE,MT,CO,18,15,2008.0,2025.0,18,0.3215911417370743,True,True,True
A932,GUIRATINGA,MT,CO,18,14,2008.0,2023.0,16,0.0,True,True,False
A933,ITIQUIRA,MT,CO,16,11,2008.0,2022.0,15,38.140025722573974,False,False,False
A934,ALTO TAQUARI,MT,CO,18,14,2008.0,2024.0,17,2.8490961685222738,True,True,False
A935,PORTO ESTRELA,MT,CO,17,10,2008.0,2023.0,16,29.774519466611512,False,False,False
A936,SALTO DO CEU,MT,CO,17,13,2008.0,2025.0,18,1.8021226501965537,True,True,False
A937,PONTES E LACERDA,MT,CO,16,13,2008.0,2023.0,16,1.8542098930301556,True,True,False
A938,VILHENA,RO,N,18,13,2008.0,2024.0,17,0.0308877693873735,True,True,False
A939,CACOAL,RO,N,18,15,2008.0,2025.0,18,0.002288285967785,True,True,True
A940,ARIQUEMES,RO,N,15,9,2008.0,2019.0,12,0.0147190641916234,True,False,False
A941,CACERES,MT,CO,9,7,2012.0,2020.0,9,0.0428364789237385,True,False,False
A942,SAO JOSE DO XINGU,MT,CO,5,2,2019.0,2020.0,2,0.0,True,False,False
A943,SERRA NOVA DOURADA,MT,CO,7,2,2020.0,2023.0,4,0.0,True,False,False
A944,ROSARIO OESTE,MT,CO,6,4,2019.0,2025.0,7,0.0,True,False,False
A945,BARRA DO GARCAS,MT,CO,1,0,,,0,0.0,True,False,False
A947,NOVO SANTO ANTONIO,MT,CO,1,1,2025.0,2025.0,1,0.0,True,False,False
A949,DIAMANTINO,MT,CO,1,0,,,0,0.0,True,False,False
A950,ITANHANGA,MT,CO,1,1,2025.0,2025.0,1,0.0,True,False,False
A954,COCALINHO,MT,CO,1,1,2025.0,2025.0,1,0.0,True,False,False
A955,LUCAS DO RIO VERDE,MT,CO,1,1,2025.0,2025.0,1,0.0,True,False,False
B803,CAMPINA DA LAGOA,PR,S,10,5,2016.0,2025.0,10,0.2247255249934517,True,False,False
B804,LARANJEIRAS DO SUL,PR,S,10,7,2016.0,2024.0,9,0.9353426238684112,True,False,False
B806,COLOMBO,PR,S,10,10,2016.0,2025.0,10,0.0356553196639215,True,True,False
B807,PORTO ALEGRE- BELEM NOVO,RS,S,3,3,2022.0,2024.0,3,0.0,True,False,False
B808,CACHOEIRINHA,RS,S,1,0,,,0,0.0,True,False,False
B809,SAPUCAIA DO SUL,RS,S,1,0,,,0,0.0,True,False,False
B810,PARQUE ELDORADO,RS,S,1,0,,,0,0.0,True,False,False
B811,SERTAO SANTANA,RS,S,1,0,,,0,0.0,True,False,False
B812,CHARQUEADAS,RS,S,1,0,,,0,0.0,True,False,False
B813,MINAS DO LEAO,RS,S,1,0,,,0,0.0,True,False,False
B814,MONTENEGRO,RS,S,1,0,,,0,0.0,True,False,False
B816,SANTA MARIA DO HERVAL,RS,S,1,0,,,0,0.0,True,False,False
B817,CAXIAS DO SUL - CRIUVA,RS,S,1,0,,,0,0.0,True,False,False
B818,CAXIAS DO SUL - AEROPORTO,RS,S,1,0,,,0,0.0,True,False,False
B819,ROLANTE,RS,S,1,1,2025.0,2025.0,1,0.0,True,False,False
B820,SAO FRANCISCO DE PAULA,RS,S,1,0,,,0,0.0,True,False,False
B821,SANTANA DA BOA VISTA,RS,S,1,0,,,0,0.0,True,False,False
B822,CACHOEIRA DO SUL,RS,S,1,0,,,0,0.0,True,False,False
B823,PINHEIRO MACHADO,RS,S,1,0,,,0,0.0,True,False,False
B825,PORTO ALEGRE - BELEM NOVO,RS,S,1,0,,,0,0.0,True,False,False
B826,HERVAL,RS,S,1,1,2025.0,2025.0,1,0.0,True,False,False
B827,BAGE - CENTRO,RS,S,1,0,,,0,0.0,True,False,False
B828,ACEGUA,RS,S,1,0,,,0,0.0,True,False,False
B829,SANTA VITORIA DO PALMAR (RESERVA DO TAIM),RS,S,1,0,,,0,0.0,True,False,False
B830,SANTA VITORIA DO PALMAR (CENTRO),RS,S,1,1,2025.0,2025.0,1,0.0,True,False,False
B832,CAPAO DA CANOA,RS,S,1,0,,,0,0.0,True,False,False
B836,PALMARES DO SUL,RS,S,1,1,2025.0,2025.0,1,0.0,True,False,False
B839,SANTO ANTONIO DA PATRULHA,RS,S,1,1,2025.0,2025.0,1,0.0,True,False,False
B841,TORRES,RS,S,1,1,2025.0,2025.0,1,0.0,True,False,False
C891,CRIOSFERA,SP,SE,0,0,,,0,0.0,True,False,False
F501,BELO HORIZONTE - CERCADINHO,MG,SE,12,12,2014.0,2025.0,12,0.005628396120512,True,True,False
S101,FORTE PRINCIPE,RO,N,1,0,,,0,0.0,True,False,False
S102,PEF IPIRANGA,AM,N,2,0,,,0,0.0,True,False,False
S103,CRMN MANAUS,AM,N,2,0,,,0,0.0,True,False,False
S104,DTCEA VILHENA,RO,N,2,0,,,0,0.0,True,False,False
S105,DTCEA TABATINGA,AM,N,1,0,,,0,0.0,True,False,False
S107,DOM ELISEU,PA,N,2,0,,,0,0.0,True,False,False
S108,SAO BENTO,MA,NE,2,0,,,0,0.0,True,False,False
S110,DTCEA GUAJARA-MIRIM,RO,N,2,2,2017.0,2018.0,2,0.0,True,False,False
S111,ULIANOPOLIS,PA,N,0,0,,,0,0.0,True,False,False
S113,BALIZA,RR,N,2,0,,,0,0.0,True,False,False
S114,PACARAIMA,RR,N,2,0,,,0,0.0,True,False,False
S115,PEF YAUARETE,AM,N,1,0,,,0,0.0,True,False,False
S116,PEF ESTIRAO DO EQUADOR,AM,N,1,0,,,0,0.0,True,False,False
S117,DTCEA TEFE,AM,N,2,2,2017.0,2018.0,2,0.0,True,False,False
S120,DTCEA JACAREACANGA,PA,N,2,2,2017.0,2018.0,2,0.0,True,False,False
S121,SANTA ISABEL DO RIO NEGRO,AM,N,1,0,,,0,0.0,True,False,False
S122,EB_PEF_BONFIM,MG,SE,1,0,,,0,0.0,True,False,False
S701,ANGELICA,MS,CO,4,4,2018.0,2021.0,4,0.0132196588059967,True,False,False
S702,ARAL MOREIRA,MS,CO,4,3,2019.0,2021.0,3,0.0058969386750988,True,False,False
S703,BANDEIRANTES,MS,CO,1,1,2018.0,2018.0,1,0.0041841409726217,True,False,False
S704,BONITO,MS,CO,4,2,2018.0,2020.0,3,0.0077002132734937,True,False,False
S705,BRASILANDIA,MS,CO,2,1,2018.0,2018.0,1,0.003403650665009,True,False,False
S706,CAARAPO,MS,CO,4,2,2018.0,2020.0,3,0.0188589381922555,True,False,False
S707,CAMAPUA,MS,CO,3,1,2018.0,2018.0,1,0.0046185392366547,True,False,False
S708,FATIMA DO SUL,MS,CO,4,1,2018.0,2018.0,1,0.0046085094935186,True,False,False
S709,IGUATEMI,MS,CO,4,3,2018.0,2020.0,3,0.0021115806392683,True,False,False
S710,ITAPORA,MS,CO,4,4,2018.0,2021.0,4,0.0084180013361059,True,False,False
S711,LAGUNA CARAPA,MS,CO,4,2,2018.0,2019.0,2,0.0136062583405249,True,False,False
S712,NOVA ALVORADA DO SUL,MS,CO,4,2,2018.0,2020.0,3,0.0157291178688571,True,False,False
S713,NOVA ANDRADINA,MS,CO,4,1,2018.0,2018.0,1,0.0054380247644244,True,False,False
S714,PEDRO GOMES,MS,CO,4,1,2018.0,2018.0,1,0.0110859927846585,True,False,False
S715,RIBAS DO RIO PARDO,MS,CO,4,3,2018.0,2021.0,4,0.0041808159274112,True,False,False
S716,SANTA RITA DO PARDO,MS,CO,4,3,2019.0,2021.0,3,0.0118226786509405,True,False,False
S717,SELVIRIA,MS,CO,3,2,2018.0,2019.0,2,0.0042240671982633,True,False,False
